# ERROR | PUMAS | Information for layer 1 is missing. Reduce the number of layers or add this information.
# WARNING | GENERATOR | Too many electrons per pixel (up to 8.34e+04) detected in the 1.00-2.35 um spectral range. Reduce exposure time per frame to less than 35.965 seconds.
# ------------------------------------------------------------------------
# Radiance spectrum
# NASA-GSFC Planetary Spectrum Generator (PSG) (Villanueva et al. 2018, 2022)
# Synthesized on Thu Mar 27 10:41:43 2025
# Doppler velocities [km/s] (vobs,vrot+vorb,vwidth,vrfl,vstr): 29.00000,-0.00000,0.03000,0.00000,-0.00000
# Spectral unit: Wavelength [um]
# Radiance unit: Contrast [transit atmospheric thickness, km]
# Wave/freq Total Noise Stellar Object Reflected Thermal Transit
1.000000000e+00 -2.5130902e-10  6.16289e+02  3.09655e+05  0.00000e+00 -1.66280e+04 -1.66280e+04  0.00000e+00
1.000370370e+00  1.7433148e-10  6.15925e+02  3.09655e+05  0.00000e+00 -1.66280e+04 -1.66280e+04  0.00000e+00
1.000740878e+00  4.5280904e-11  6.17344e+02  3.09655e+05  0.00000e+00 -1.66280e+04 -1.66280e+04  0.00000e+00
1.001111523e+00 -2.2866857e-10  6.17009e+02  3.09655e+05  0.00000e+00 -1.66280e+04 -1.66280e+04  0.00000e+00
1.001482305e+00 -2.7168542e-10  6.15496e+02  3.09655e+05  0.00000e+00 -1.66280e+04 -1.66280e+04  0.00000e+00
1.001853224e+00  1.4716294e-10  6.13520e+02  3.09655e+05  0.00000e+00 -1.66280e+04 -1.66280e+04  0.00000e+00
1.002224281e+00  2.9432588e-10  6.12326e+02  3.09655e+05  0.00000e+00 -1.66280e+04 -1.66280e+04  0.00000e+00
1.002595475e+00  2.1734834e-10  6.17229e+02  3.09655e+05  0.00000e+00 -1.66280e+04 -1.66280e+04  0.00000e+00
1.002966807e+00  3.0111801e-10  6.13128e+02  3.09655e+05  0.00000e+00 -1.66280e+04 -1.66280e+04  0.00000e+00
1.003338276e+00  3.1243824e-10  6.14124e+02  3.09655e+05  0.00000e+00 -1.66280e+04 -1.66280e+04  0.00000e+00
1.003709883e+00 -3.1017419e-10  6.19816e+02  3.09655e+05  0.00000e+00 -1.66280e+04 -1.66280e+04  0.00000e+00
1.004081627e+00  1.9244384e-10  6.12106e+02  3.09655e+05  0.00000e+00 -1.66280e+04 -1.66280e+04  0.00000e+00
1.004453509e+00 -1.4489889e-10  6.10949e+02  3.09655e+05  0.00000e+00 -1.66280e+04 -1.66280e+04  0.00000e+00
1.004825529e+00  1.0641012e-10  6.08754e+02  3.09655e+05  0.00000e+00 -1.66280e+04 -1.66280e+04  0.00000e+00
1.005197687e+00 -2.5583711e-10  6.14281e+02  3.09655e+05  0.00000e+00 -1.66280e+04 -1.66280e+04  0.00000e+00
1.005569982e+00  2.6262924e-10  6.08109e+02  3.09655e+05  0.00000e+00 -1.66280e+04 -1.66280e+04  0.00000e+00
1.005942415e+00  2.5810115e-10  6.10218e+02  3.09655e+05  0.00000e+00 -1.66280e+04 -1.66280e+04  0.00000e+00
1.006314987e+00  1.5848316e-10  6.15131e+02  3.09655e+05  0.00000e+00 -1.66280e+04 -1.66280e+04  0.00000e+00
1.006687696e+00  1.8565171e-10  6.08158e+02  3.09655e+05  0.00000e+00 -1.66280e+04 -1.66280e+04  0.00000e+00
1.007060543e+00  1.4489889e-10  6.09904e+02  3.09655e+05  0.00000e+00 -1.66280e+04 -1.66280e+04  0.00000e+00
1.007433529e+00  1.1093821e-10  6.06473e+02  3.09655e+05  0.00000e+00 -1.66280e+04 -1.66280e+04  0.00000e+00
1.007806652e+00  1.4263485e-10  6.12967e+02  3.09655e+05  0.00000e+00 -1.66280e+04 -1.66280e+04  0.00000e+00
1.008179914e+00 -3.2375846e-10  6.06593e+02  3.09655e+05  0.00000e+00 -1.66280e+04 -1.66280e+04  0.00000e+00
1.008553314e+00 -1.8338766e-10  6.09214e+02  3.09655e+05  0.00000e+00 -1.66280e+04 -1.66280e+04  0.00000e+00
1.008926852e+00 -2.2187643e-10  6.10653e+02  3.09655e+05  0.00000e+00 -1.66280e+04 -1.66280e+04  0.00000e+00
1.009300529e+00 -1.6527530e-10  6.08810e+02  3.09655e+05  0.00000e+00 -1.66280e+04 -1.66280e+04  0.00000e+00
1.009674344e+00  1.1546631e-10  6.07428e+02  3.09655e+05  0.00000e+00 -1.66280e+04 -1.66280e+04  0.00000e+00
1.010048297e+00  3.1696633e-10  6.07791e+02  3.09655e+05  0.00000e+00 -1.66280e+04 -1.66280e+04  0.00000e+00
1.010422389e+00 -1.3357867e-10  6.05283e+02  3.09655e+05  0.00000e+00 -1.66280e+04 -1.66280e+04  0.00000e+00
1.010796620e+00 -1.0188203e-10  6.05438e+02  3.09655e+05  0.00000e+00 -1.66280e+04 -1.66280e+04  0.00000e+00
1.011170989e+00 -1.7206744e-10  6.07708e+02  3.09655e+05  0.00000e+00 -1.66280e+04 -1.66280e+04  0.00000e+00
1.011545496e+00 -1.5848316e-11  6.04403e+02  3.09655e+05  0.00000e+00 -1.66280e+04 -1.66280e+04  0.00000e+00
1.011920143e+00  1.3584271e-10  6.05931e+02  3.09655e+05  0.00000e+00 -1.66280e+04 -1.66280e+04  0.00000e+00
1.012294928e+00  4.9808994e-11  6.04300e+02  3.09655e+05  0.00000e+00 -1.66280e+04 -1.66280e+04  0.00000e+00
1.012669852e+00  1.8338766e-10  6.05914e+02  3.09655e+05  0.00000e+00 -1.66280e+04 -1.66280e+04  0.00000e+00
1.013044915e+00 -3.1243824e-10  6.01697e+02  3.09655e+05  0.00000e+00 -1.66280e+04 -1.66280e+04  0.00000e+00
1.013420117e+00 -2.3319666e-10  6.01688e+02  3.09655e+05  0.00000e+00 -1.66280e+04 -1.66280e+04  0.00000e+00
1.013795458e+00 -9.5089898e-11  6.04457e+02  3.09655e+05  0.00000e+00 -1.66280e+04 -1.66280e+04  0.00000e+00
1.014170938e+00  2.2640452e-12  6.03162e+02  3.09655e+05  0.00000e+00 -1.66280e+04 -1.66280e+04  0.00000e+00
1.014546556e+00  7.6977537e-11  6.07708e+02  3.09655e+05  0.00000e+00 -1.66280e+04 -1.66280e+04  0.00000e+00
1.014922314e+00 -2.5583711e-10  6.08897e+02  3.09655e+05  0.00000e+00 -1.66280e+04 -1.66280e+04  0.00000e+00
1.015298212e+00 -1.1320226e-11  6.04285e+02  3.09655e+05  0.00000e+00 -1.66280e+04 -1.66280e+04  0.00000e+00
1.015674248e+00 -4.7544949e-11  6.03781e+02  3.09655e+05  0.00000e+00 -1.66280e+04 -1.66280e+04  0.00000e+00
1.016050424e+00  3.3281464e-10  6.04773e+02  3.09655e+05  0.00000e+00 -1.66280e+04 -1.66280e+04  0.00000e+00
1.016426739e+00 -9.0561808e-11  5.99610e+02  3.09655e+05  0.00000e+00 -1.66280e+04 -1.66280e+04  0.00000e+00
1.016803193e+00  2.3546070e-10  6.02808e+02  3.09655e+05  0.00000e+00 -1.66280e+04 -1.66280e+04  0.00000e+00
1.017179787e+00  2.6942138e-10  6.08113e+02  3.09655e+05  0.00000e+00 -1.66280e+04 -1.66280e+04  0.00000e+00
1.017556520e+00  1.7433148e-10  6.03203e+02  3.09655e+05  0.00000e+00 -1.66280e+04 -1.66280e+04  0.00000e+00
1.017933393e+00  2.1055620e-10  6.01124e+02  3.09655e+05  0.00000e+00 -1.66280e+04 -1.66280e+04  0.00000e+00
1.018310405e+00 -3.2602251e-10  6.03030e+02  3.09655e+05  0.00000e+00 -1.66280e+04 -1.66280e+04  0.00000e+00
1.018687557e+00  2.3998879e-10  6.02799e+02  3.09655e+05  0.00000e+00 -1.66280e+04 -1.66280e+04  0.00000e+00
1.019064849e+00  9.2825853e-11  6.00123e+02  3.09655e+05  0.00000e+00 -1.66280e+04 -1.66280e+04  0.00000e+00
1.019442280e+00 -2.2187643e-10  6.04432e+02  3.09655e+05  0.00000e+00 -1.66280e+04 -1.66280e+04  0.00000e+00
1.019819851e+00 -1.8791575e-10  6.02068e+02  3.09655e+05  0.00000e+00 -1.66280e+04 -1.66280e+04  0.00000e+00
1.020197562e+00  1.0414608e-10  6.07181e+02  3.09655e+05  0.00000e+00 -1.66280e+04 -1.66280e+04  0.00000e+00
1.020575413e+00  1.3357867e-10  6.03501e+02  3.09655e+05  0.00000e+00 -1.66280e+04 -1.66280e+04  0.00000e+00
1.020953404e+00  2.4678093e-10  5.98890e+02  3.09655e+05  0.00000e+00 -1.66280e+04 -1.66280e+04  0.00000e+00
1.021331535e+00 -1.8112362e-10  6.03799e+02  3.09655e+05  0.00000e+00 -1.66280e+04 -1.66280e+04  0.00000e+00
1.021709806e+00 -1.0414608e-10  5.98468e+02  3.09655e+05  0.00000e+00 -1.66280e+04 -1.66280e+04  0.00000e+00
1.022088217e+00  2.2866857e-10  6.01826e+02  3.09655e+05  0.00000e+00 -1.66280e+04 -1.66280e+04  0.00000e+00
1.022466768e+00 -4.5280904e-12  5.97317e+02  3.09655e+05  0.00000e+00 -1.66280e+04 -1.66280e+04  0.00000e+00
1.022845460e+00  6.7921356e-12  5.98300e+02  3.09655e+05  0.00000e+00 -1.66280e+04 -1.66280e+04  0.00000e+00
1.023224291e+00 -3.3507869e-10  5.96186e+02  3.09655e+05  0.00000e+00 -1.66280e+04 -1.66280e+04  0.00000e+00
1.023603263e+00 -2.2187643e-10  5.98079e+02  3.09655e+05  0.00000e+00 -1.66280e+04 -1.66280e+04  0.00000e+00
1.023982376e+00  2.8753374e-10  5.97029e+02  3.09655e+05  0.00000e+00 -1.66280e+04 -1.66280e+04  0.00000e+00
1.024361628e+00  1.4263485e-10  5.94365e+02  3.09655e+05  0.00000e+00 -1.66280e+04 -1.66280e+04  0.00000e+00
1.024741022e+00  1.6527530e-10  5.97072e+02  3.09655e+05  0.00000e+00 -1.66280e+04 -1.66280e+04  0.00000e+00
1.025120555e+00 -3.8488768e-11  5.95217e+02  3.09655e+05  0.00000e+00 -1.66280e+04 -1.66280e+04  0.00000e+00
1.025500230e+00 -1.8791575e-10  5.94284e+02  3.09655e+05  0.00000e+00 -1.66280e+04 -1.66280e+04  0.00000e+00
1.025880044e+00  2.2187643e-10  5.94556e+02  3.09655e+05  0.00000e+00 -1.66280e+04 -1.66280e+04  0.00000e+00
1.026260000e+00 -1.8112362e-11  5.96492e+02  3.09655e+05  0.00000e+00 -1.66280e+04 -1.66280e+04  0.00000e+00
1.026640096e+00  2.9658992e-10  5.97621e+02  3.09655e+05  0.00000e+00 -1.66280e+04 -1.66280e+04  0.00000e+00
1.027020333e+00 -1.9470789e-10  5.96653e+02  3.09655e+05  0.00000e+00 -1.66280e+04 -1.66280e+04  0.00000e+00
1.027400711e+00 -7.2449446e-11  5.95533e+02  3.09655e+05  0.00000e+00 -1.66280e+04 -1.66280e+04  0.00000e+00
1.027781230e+00  0.0000000e+00  5.94238e+02  3.09655e+05  0.00000e+00 -1.66280e+04 -1.66280e+04  0.00000e+00
1.028161890e+00 -1.5848316e-11  5.93451e+02  3.09655e+05  0.00000e+00 -1.66280e+04 -1.66280e+04  0.00000e+00
1.028542691e+00  2.2640452e-12  5.93419e+02  3.09655e+05  0.00000e+00 -1.66280e+04 -1.66280e+04  0.00000e+00
1.028923632e+00  2.9432588e-10  5.95736e+02  3.09655e+05  0.00000e+00 -1.66280e+04 -1.66280e+04  0.00000e+00
1.029304715e+00  3.3281464e-10  5.95264e+02  3.09655e+05  0.00000e+00 -1.66280e+04 -1.66280e+04  0.00000e+00
1.029685939e+00 -2.8979779e-10  5.93010e+02  3.09655e+05  0.00000e+00 -1.66280e+04 -1.66280e+04  0.00000e+00
1.030067304e+00 -1.0867417e-10  5.92078e+02  3.09655e+05  0.00000e+00 -1.66280e+04 -1.66280e+04  0.00000e+00
1.030448811e+00 -2.0602811e-10  5.93038e+02  3.09655e+05  0.00000e+00 -1.66280e+04 -1.66280e+04  0.00000e+00
1.030830458e+00 -1.5169103e-10  5.91730e+02  3.09655e+05  0.00000e+00 -1.66280e+04 -1.66280e+04  0.00000e+00
1.031212247e+00  3.1696633e-11  5.92549e+02  3.09655e+05  0.00000e+00 -1.66280e+04 -1.66280e+04  0.00000e+00
1.031594178e+00 -1.8112362e-11  5.91164e+02  3.09655e+05  0.00000e+00 -1.66280e+04 -1.66280e+04  0.00000e+00
1.031976250e+00  2.9658992e-10  5.90299e+02  3.09655e+05  0.00000e+00 -1.66280e+04 -1.66280e+04  0.00000e+00
1.032358463e+00  1.7206744e-10  5.89822e+02  3.09655e+05  0.00000e+00 -1.66280e+04 -1.66280e+04  0.00000e+00
1.032740818e+00  8.6033718e-11  5.91722e+02  3.09655e+05  0.00000e+00 -1.66280e+04 -1.66280e+04  0.00000e+00
1.033123315e+00 -2.2414047e-10  5.94431e+02  3.09655e+05  0.00000e+00 -1.66280e+04 -1.66280e+04  0.00000e+00
1.033505953e+00  2.4225284e-10  5.89719e+02  3.09655e+05  0.00000e+00 -1.66280e+04 -1.66280e+04  0.00000e+00
1.033888733e+00 -2.3093261e-10  5.90676e+02  3.09655e+05  0.00000e+00 -1.66280e+04 -1.66280e+04  0.00000e+00
1.034271655e+00  8.8297763e-11  5.92886e+02  3.09655e+05  0.00000e+00 -1.66280e+04 -1.66280e+04  0.00000e+00
1.034654718e+00 -1.9244384e-10  6.45905e+02  3.09655e+05  0.00000e+00 -1.66280e+04 -1.66280e+04  0.00000e+00
1.035037924e+00  1.7885957e-10  5.99876e+02  3.09655e+05  0.00000e+00 -1.66280e+04 -1.66280e+04  0.00000e+00
1.035421271e+00 -1.8112362e-10  5.91250e+02  3.09655e+05  0.00000e+00 -1.66280e+04 -1.66280e+04  0.00000e+00
1.035804761e+00 -4.5280904e-12  5.87775e+02  3.09655e+05  0.00000e+00 -1.66280e+04 -1.66280e+04  0.00000e+00
1.036188392e+00  2.8526970e-10  5.90006e+02  3.09655e+05  0.00000e+00 -1.66280e+04 -1.66280e+04  0.00000e+00
1.036572165e+00  1.0641012e-10  5.87945e+02  3.09655e+05  0.00000e+00 -1.66280e+04 -1.66280e+04  0.00000e+00
1.036956081e+00 -4.3016859e-11  5.87785e+02  3.09655e+05  0.00000e+00 -1.66280e+04 -1.66280e+04  0.00000e+00
1.037340139e+00  2.4904497e-10  5.87006e+02  3.09655e+05  0.00000e+00 -1.66280e+04 -1.66280e+04  0.00000e+00
1.037724339e+00 -1.5848316e-11  5.87650e+02  3.09655e+05  0.00000e+00 -1.66280e+04 -1.66280e+04  0.00000e+00
1.038108681e+00 -1.3131462e-10  5.90456e+02  3.09655e+05  0.00000e+00 -1.66280e+04 -1.66280e+04  0.00000e+00
1.038493166e+00  2.6489329e-10  5.88538e+02  3.09655e+05  0.00000e+00 -1.66280e+04 -1.66280e+04  0.00000e+00
1.038877793e+00  1.9697193e-10  5.86837e+02  3.09655e+05  0.00000e+00 -1.66280e+04 -1.66280e+04  0.00000e+00
1.039262563e+00  2.7847756e-10  5.87934e+02  3.09655e+05  0.00000e+00 -1.66280e+04 -1.66280e+04  0.00000e+00
1.039647475e+00  9.7353944e-11  5.86961e+02  3.09655e+05  0.00000e+00 -1.66280e+04 -1.66280e+04  0.00000e+00
1.040032529e+00 -3.1696633e-11  6.17090e+02  3.09655e+05  0.00000e+00 -1.66280e+04 -1.66280e+04  0.00000e+00
1.040417727e+00 -2.9432588e-11  5.86200e+02  3.09655e+05  0.00000e+00 -1.66280e+04 -1.66280e+04  0.00000e+00
1.040803066e+00 -2.0376407e-11  5.86821e+02  3.09655e+05  0.00000e+00 -1.66280e+04 -1.66280e+04  0.00000e+00
1.041188549e+00 -3.3507869e-10  5.85669e+02  3.09655e+05  0.00000e+00 -1.66280e+04 -1.66280e+04  0.00000e+00
1.041574174e+00 -1.9923598e-10  5.86503e+02  3.09655e+05  0.00000e+00 -1.66280e+04 -1.66280e+04  0.00000e+00
1.041959943e+00  7.2449446e-11  5.85729e+02  3.09655e+05  0.00000e+00 -1.66280e+04 -1.66280e+04  0.00000e+00
1.042345854e+00  3.3734273e-10  5.85242e+02  3.09655e+05  0.00000e+00 -1.66280e+04 -1.66280e+04  0.00000e+00
1.042731908e+00  9.2825853e-11  5.90668e+02  3.09655e+05  0.00000e+00 -1.66280e+04 -1.66280e+04  0.00000e+00
1.043118105e+00 -2.2640452e-12  5.85877e+02  3.09655e+05  0.00000e+00 -1.66280e+04 -1.66280e+04  0.00000e+00
1.043504445e+00  3.4413487e-10  5.85418e+02  3.09655e+05  0.00000e+00 -1.66280e+04 -1.66280e+04  0.00000e+00
1.043890928e+00 -3.4413487e-10  5.83545e+02  3.09655e+05  0.00000e+00 -1.66280e+04 -1.66280e+04  0.00000e+00
1.044277554e+00  2.9658992e-10  5.84836e+02  3.09655e+05  0.00000e+00 -1.66280e+04 -1.66280e+04  0.00000e+00
1.044664324e+00  3.4866296e-10  5.82381e+02  3.09655e+05  0.00000e+00 -1.66280e+04 -1.66280e+04  0.00000e+00
1.045051236e+00  6.7921356e-12  5.84655e+02  3.09655e+05  0.00000e+00 -1.66280e+04 -1.66280e+04  0.00000e+00
1.045438292e+00 -2.8753374e-10  5.84016e+02  3.09655e+05  0.00000e+00 -1.66280e+04 -1.66280e+04  0.00000e+00
1.045825492e+00 -1.8112362e-11  5.83818e+02  3.09655e+05  0.00000e+00 -1.66280e+04 -1.66280e+04  0.00000e+00
1.046212835e+00  1.3584271e-11  5.85865e+02  3.09655e+05  0.00000e+00 -1.66280e+04 -1.66280e+04  0.00000e+00
1.046600321e+00 -1.7659553e-10  5.82907e+02  3.09655e+05  0.00000e+00 -1.66280e+04 -1.66280e+04  0.00000e+00
1.046987950e+00  1.5395507e-10  5.82837e+02  3.09655e+05  0.00000e+00 -1.66280e+04 -1.66280e+04  0.00000e+00
1.047375724e+00 -2.4904497e-11  5.87447e+02  3.09655e+05  0.00000e+00 -1.66280e+04 -1.66280e+04  0.00000e+00
1.047763641e+00 -1.1320226e-10  5.83165e+02  3.09655e+05  0.00000e+00 -1.66280e+04 -1.66280e+04  0.00000e+00
1.048151701e+00 -1.5395507e-10  5.82380e+02  3.09655e+05  0.00000e+00 -1.66280e+04 -1.66280e+04  0.00000e+00
1.048539906e+00 -1.1999440e-10  5.83216e+02  3.09655e+05  0.00000e+00 -1.66280e+04 -1.66280e+04  0.00000e+00
1.048928254e+00 -2.4904497e-11  5.86332e+02  3.09655e+05  0.00000e+00 -1.66280e+04 -1.66280e+04  0.00000e+00
1.049316746e+00 -1.1320226e-11  5.82700e+02  3.09655e+05  0.00000e+00 -1.66280e+04 -1.66280e+04  0.00000e+00
1.049705382e+00  2.7168542e-11  5.82659e+02  3.09655e+05  0.00000e+00 -1.66280e+04 -1.66280e+04  0.00000e+00
1.050094161e+00  4.5280904e-11  6.01203e+02  3.09655e+05  0.00000e+00 -1.66280e+04 -1.66280e+04  0.00000e+00
1.050483085e+00  8.3769672e-11  5.82646e+02  3.09655e+05  0.00000e+00 -1.66280e+04 -1.66280e+04  0.00000e+00
1.050872153e+00  1.8112362e-11  5.80959e+02  3.09655e+05  0.00000e+00 -1.66280e+04 -1.66280e+04  0.00000e+00
1.051261365e+00 -1.2678653e-10  5.83614e+02  3.09655e+05  0.00000e+00 -1.66280e+04 -1.66280e+04  0.00000e+00
1.051650721e+00 -1.7885957e-10  5.82703e+02  3.09655e+05  0.00000e+00 -1.66280e+04 -1.66280e+04  0.00000e+00
1.052040221e+00 -1.1999440e-10  5.84494e+02  3.09655e+05  0.00000e+00 -1.66280e+04 -1.66280e+04  0.00000e+00
1.052429866e+00  1.3357867e-10  5.80496e+02  3.09655e+05  0.00000e+00 -1.66280e+04 -1.66280e+04  0.00000e+00
1.052819655e+00 -4.5280904e-12  5.81815e+02  3.09655e+05  0.00000e+00 -1.66280e+04 -1.66280e+04  0.00000e+00
1.053209588e+00  1.5848316e-11  5.81866e+02  3.09655e+05  0.00000e+00 -1.66280e+04 -1.66280e+04  0.00000e+00
1.053599665e+00  4.5280904e-11  5.83644e+02  3.09655e+05  0.00000e+00 -1.66280e+04 -1.66280e+04  0.00000e+00
1.053989887e+00  1.2905058e-10  5.80916e+02  3.09655e+05  0.00000e+00 -1.66280e+04 -1.66280e+04  0.00000e+00
1.054380254e+00 -1.8112362e-11  5.79459e+02  3.09655e+05  0.00000e+00 -1.66280e+04 -1.66280e+04  0.00000e+00
1.054770765e+00 -6.5657311e-11  5.79430e+02  3.09655e+05  0.00000e+00 -1.66280e+04 -1.66280e+04  0.00000e+00
1.055161421e+00 -3.1696633e-11  5.79758e+02  3.09655e+05  0.00000e+00 -1.66280e+04 -1.66280e+04  0.00000e+00
1.055552222e+00 -3.8488768e-11  5.82065e+02  3.09655e+05  0.00000e+00 -1.66280e+04 -1.66280e+04  0.00000e+00
1.055943167e+00  6.3393266e-11  5.80182e+02  3.09655e+05  0.00000e+00 -1.66280e+04 -1.66280e+04  0.00000e+00
1.056334257e+00  1.1093821e-10  5.78939e+02  3.09655e+05  0.00000e+00 -1.66280e+04 -1.66280e+04  0.00000e+00
1.056725492e+00 -2.2640452e-12  5.78828e+02  3.09655e+05  0.00000e+00 -1.66280e+04 -1.66280e+04  0.00000e+00
1.057116872e+00 -1.1546631e-10  5.82136e+02  3.09655e+05  0.00000e+00 -1.66280e+04 -1.66280e+04  0.00000e+00
1.057508396e+00 -3.8488768e-11  5.81943e+02  3.09655e+05  0.00000e+00 -1.66280e+04 -1.66280e+04  0.00000e+00
1.057900066e+00 -9.7353944e-11  5.80037e+02  3.09655e+05  0.00000e+00 -1.66280e+04 -1.66280e+04  0.00000e+00
1.058291881e+00  1.2225844e-10  5.79066e+02  3.09655e+05  0.00000e+00 -1.66280e+04 -1.66280e+04  0.00000e+00
1.058683841e+00 -1.2678653e-10  5.94104e+02  3.09655e+05  0.00000e+00 -1.66280e+04 -1.66280e+04  0.00000e+00
1.059075946e+00 -1.8112362e-11  5.82536e+02  3.09655e+05  0.00000e+00 -1.66280e+04 -1.66280e+04  0.00000e+00
1.059468197e+00  1.5621912e-10  5.77691e+02  3.09655e+05  0.00000e+00 -1.66280e+04 -1.66280e+04  0.00000e+00
1.059860592e+00 -9.2825853e-11  5.78518e+02  3.09655e+05  0.00000e+00 -1.66280e+04 -1.66280e+04  0.00000e+00
1.060253133e+00  1.0414608e-10  5.77923e+02  3.09655e+05  0.00000e+00 -1.66280e+04 -1.66280e+04  0.00000e+00
1.060645819e+00  5.6601130e-11  5.78871e+02  3.09655e+05  0.00000e+00 -1.66280e+04 -1.66280e+04  0.00000e+00
1.061038651e+00  2.4904497e-11  5.84914e+02  3.09655e+05  0.00000e+00 -1.66280e+04 -1.66280e+04  0.00000e+00
1.061431629e+00 -2.9432588e-11  5.79787e+02  3.09655e+05  0.00000e+00 -1.66280e+04 -1.66280e+04  0.00000e+00
1.061824751e+00  1.8112362e-11  5.77197e+02  3.09655e+05  0.00000e+00 -1.66280e+04 -1.66280e+04  0.00000e+00
1.062218020e+00 -4.7544949e-11  5.77309e+02  3.09655e+05  0.00000e+00 -1.66280e+04 -1.66280e+04  0.00000e+00
1.062611434e+00  6.1129220e-11  5.77012e+02  3.09655e+05  0.00000e+00 -1.66280e+04 -1.66280e+04  0.00000e+00
1.063004994e+00  3.1696633e-11  5.76362e+02  3.09655e+05  0.00000e+00 -1.66280e+04 -1.66280e+04  0.00000e+00
1.063398699e+00 -3.6224723e-11  5.75908e+02  3.09655e+05  0.00000e+00 -1.66280e+04 -1.66280e+04  0.00000e+00
1.063792551e+00 -1.8112362e-11  5.76443e+02  3.09655e+05  0.00000e+00 -1.66280e+04 -1.66280e+04  0.00000e+00
1.064186548e+00 -1.3584271e-10  5.76844e+02  3.09655e+05  0.00000e+00 -1.66280e+04 -1.66280e+04  0.00000e+00
1.064580691e+00 -7.0185401e-11  5.78193e+02  3.09655e+05  0.00000e+00 -1.66280e+04 -1.66280e+04  0.00000e+00
1.064974980e+00  1.1320226e-11  5.78258e+02  3.09655e+05  0.00000e+00 -1.66280e+04 -1.66280e+04  0.00000e+00
1.065369415e+00 -7.4713492e-11  5.76575e+02  3.09655e+05  0.00000e+00 -1.66280e+04 -1.66280e+04  0.00000e+00
1.065763997e+00  8.6033718e-11  5.77412e+02  3.09655e+05  0.00000e+00 -1.66280e+04 -1.66280e+04  0.00000e+00
1.066158724e+00 -3.1696633e-11  5.75874e+02  3.09655e+05  0.00000e+00 -1.66280e+04 -1.66280e+04  0.00000e+00
1.066553598e+00  5.6601130e-11  5.92177e+02  3.09655e+05 -2.26405e-12 -1.66280e+04 -1.66280e+04 -2.26405e-12
1.066948617e+00 -1.3810676e-10  5.76921e+02  3.09655e+05  0.00000e+00 -1.66280e+04 -1.66280e+04  0.00000e+00
1.067343784e+00 -1.3810676e-10  5.75221e+02  3.09655e+05  0.00000e+00 -1.66280e+04 -1.66280e+04  0.00000e+00
1.067739096e+00 -9.0561808e-12  5.77766e+02  3.09655e+05  0.00000e+00 -1.66280e+04 -1.66280e+04  0.00000e+00
1.068134555e+00  3.6224723e-11  5.83287e+02  3.09655e+05  0.00000e+00 -1.66280e+04 -1.66280e+04  0.00000e+00
1.068530160e+00  8.8297763e-11  5.75297e+02  3.09655e+05  0.00000e+00 -1.66280e+04 -1.66280e+04  0.00000e+00
1.068925912e+00  1.4037080e-10  5.77728e+02  3.09655e+05  0.00000e+00 -1.66280e+04 -1.66280e+04  0.00000e+00
1.069321811e+00 -3.1696633e-11  5.76317e+02  3.09655e+05  0.00000e+00 -1.66280e+04 -1.66280e+04  0.00000e+00
1.069717856e+00  2.7168542e-11  5.74409e+02  3.09655e+05  0.00000e+00 -1.66280e+04 -1.66280e+04  0.00000e+00
1.070114048e+00  2.9432588e-11  5.74273e+02  3.09655e+05  0.00000e+00 -1.66280e+04 -1.66280e+04  0.00000e+00
1.070510386e+00 -1.5621912e-10  5.76062e+02  3.09655e+05  0.00000e+00 -1.66280e+04 -1.66280e+04  0.00000e+00
1.070906872e+00 -9.9617989e-11  5.75213e+02  3.09655e+05  0.00000e+00 -1.66280e+04 -1.66280e+04  0.00000e+00
1.071303504e+00  1.6301125e-10  5.76950e+02  3.09655e+05  0.00000e+00 -1.66280e+04 -1.66280e+04  0.00000e+00
1.071700283e+00  4.3016859e-11  5.75799e+02  3.09655e+05  0.00000e+00 -1.66280e+04 -1.66280e+04  0.00000e+00
1.072097209e+00 -5.8865175e-11  5.74739e+02  3.09655e+05  0.00000e+00 -1.66280e+04 -1.66280e+04  0.00000e+00
1.072494282e+00  1.8338766e-10  5.73466e+02  3.09655e+05  0.00000e+00 -1.66280e+04 -1.66280e+04  0.00000e+00
1.072891502e+00 -4.9808994e-11  5.88876e+02  3.09655e+05  0.00000e+00 -1.66280e+04 -1.66280e+04  0.00000e+00
1.073288869e+00  5.6601130e-11  5.74911e+02  3.09655e+05  0.00000e+00 -1.66280e+04 -1.66280e+04  0.00000e+00
1.073686384e+00  2.2640452e-12  5.81940e+02  3.09655e+05  0.00000e+00 -1.66280e+04 -1.66280e+04  0.00000e+00
1.074084045e+00  1.8338766e-10  5.73809e+02  3.09655e+05  0.00000e+00 -1.66280e+04 -1.66280e+04  0.00000e+00
1.074481854e+00  1.0641012e-10  5.72546e+02  3.09655e+05  0.00000e+00 -1.66280e+04 -1.66280e+04  0.00000e+00
1.074879810e+00  6.3393266e-11  5.80438e+02  3.09655e+05  0.00000e+00 -1.66280e+04 -1.66280e+04  0.00000e+00
1.075277914e+00 -8.6033718e-11  5.77936e+02  3.09655e+05  0.00000e+00 -1.66280e+04 -1.66280e+04  0.00000e+00
1.075676165e+00  6.5657311e-11  5.74368e+02  3.09655e+05  0.00000e+00 -1.66280e+04 -1.66280e+04  0.00000e+00
1.076074564e+00  1.5395507e-10  5.72082e+02  3.09655e+05  0.00000e+00 -1.66280e+04 -1.66280e+04  0.00000e+00
1.076473110e+00 -1.3357867e-10  5.72327e+02  3.09655e+05  0.00000e+00 -1.66280e+04 -1.66280e+04  0.00000e+00
1.076871804e+00 -1.1546631e-10  5.72934e+02  3.09655e+05  0.00000e+00 -1.66280e+04 -1.66280e+04  0.00000e+00
1.077270645e+00  4.9808994e-11  5.73032e+02  3.09655e+05  0.00000e+00 -1.66280e+04 -1.66280e+04  0.00000e+00
1.077669634e+00 -2.9432588e-11  5.79033e+02  3.09655e+05  0.00000e+00 -1.66280e+04 -1.66280e+04  0.00000e+00
1.078068771e+00 -1.6301125e-10  5.73312e+02  3.09655e+05  0.00000e+00 -1.66280e+04 -1.66280e+04  0.00000e+00
1.078468056e+00  1.2225844e-10  5.74295e+02  3.09655e+05  0.00000e+00 -1.66280e+04 -1.66280e+04  0.00000e+00
1.078867488e+00  1.7885957e-10  5.75115e+02  3.09655e+05  0.00000e+00 -1.66280e+04 -1.66280e+04  0.00000e+00
1.079267069e+00 -4.0752814e-11  5.72412e+02  3.09655e+05  0.00000e+00 -1.66280e+04 -1.66280e+04  0.00000e+00
1.079666797e+00  1.7433148e-10  5.74480e+02  3.09655e+05  0.00000e+00 -1.66280e+04 -1.66280e+04  0.00000e+00
1.080066674e+00  7.4713492e-11  5.74183e+02  3.09655e+05  0.00000e+00 -1.66280e+04 -1.66280e+04  0.00000e+00
1.080466699e+00 -1.0188203e-10  5.77582e+02  3.09655e+05  0.00000e+00 -1.66280e+04 -1.66280e+04  0.00000e+00
1.080866872e+00 -7.9241582e-11  5.74514e+02  3.09655e+05  0.00000e+00 -1.66280e+04 -1.66280e+04  0.00000e+00
1.081267193e+00 -6.5657311e-11  5.78057e+02  3.09655e+05  0.00000e+00 -1.66280e+04 -1.66280e+04  0.00000e+00
1.081667662e+00 -4.9808994e-11  5.76807e+02  3.09655e+05  0.00000e+00 -1.66280e+04 -1.66280e+04  0.00000e+00
1.082068280e+00 -2.9432588e-11  5.73317e+02  3.09655e+05 -2.26405e-12 -1.66280e+04 -1.66280e+04 -2.26405e-12
1.082469046e+00  1.2905058e-10  5.88612e+02  3.09655e+05  0.00000e+00 -1.66280e+04 -1.66280e+04  0.00000e+00
1.082869960e+00  8.8297763e-11  5.71688e+02  3.09655e+05  0.00000e+00 -1.66280e+04 -1.66280e+04  0.00000e+00
1.083271023e+00 -9.9617989e-11  5.75177e+02  3.09655e+05  0.00000e+00 -1.66280e+04 -1.66280e+04  0.00000e+00
1.083672235e+00  1.4942698e-10  5.78634e+02  3.09655e+05 -2.26405e-12 -1.66280e+04 -1.66280e+04 -2.26405e-12
1.084073595e+00 -1.6527530e-10  5.82547e+02  3.09655e+05  0.00000e+00 -1.66280e+04 -1.66280e+04  0.00000e+00
1.084475103e+00 -4.3016859e-11  5.72766e+02  3.09655e+05  0.00000e+00 -1.66280e+04 -1.66280e+04  0.00000e+00
1.084876761e+00  1.1093821e-10  5.71458e+02  3.09655e+05  0.00000e+00 -1.66280e+04 -1.66280e+04  0.00000e+00
1.085278567e+00 -1.1999440e-10  5.72397e+02  3.09655e+05  0.00000e+00 -1.66280e+04 -1.66280e+04  0.00000e+00
1.085680522e+00  4.9808994e-11  5.70634e+02  3.09655e+05  0.00000e+00 -1.66280e+04 -1.66280e+04  0.00000e+00
1.086082626e+00  2.4904497e-11  5.72723e+02  3.09655e+05  0.00000e+00 -1.66280e+04 -1.66280e+04  0.00000e+00
1.086484879e+00 -1.7433148e-10  5.73169e+02  3.09655e+05  0.00000e+00 -1.66280e+04 -1.66280e+04  0.00000e+00
1.086887281e+00  2.7168542e-11  5.76153e+02  3.09655e+05  0.00000e+00 -1.66280e+04 -1.66280e+04  0.00000e+00
1.087289831e+00 -1.1093821e-10  5.74374e+02  3.09655e+05  0.00000e+00 -1.66280e+04 -1.66280e+04  0.00000e+00
1.087692531e+00 -1.1999440e-10  5.74399e+02  3.09655e+05  0.00000e+00 -1.66280e+04 -1.66280e+04  0.00000e+00
1.088095380e+00  1.5395507e-10  5.75312e+02  3.09655e+05  0.00000e+00 -1.66280e+04 -1.66280e+04  0.00000e+00
1.088498379e+00 -5.8865175e-11  5.74793e+02  3.09655e+05  0.00000e+00 -1.66280e+04 -1.66280e+04  0.00000e+00
1.088901526e+00 -3.6224723e-11  5.79692e+02  3.09655e+05  0.00000e+00 -1.66280e+04 -1.66280e+04  0.00000e+00
1.089304823e+00 -2.2640452e-12  5.76218e+02  3.09655e+05  0.00000e+00 -1.66280e+04 -1.66280e+04  0.00000e+00
1.089708269e+00 -4.5280904e-11  5.79373e+02  3.09655e+05 -2.26405e-12 -1.66280e+04 -1.66280e+04 -2.26405e-12
1.090111865e+00  6.5657311e-11  5.80718e+02  3.09655e+05  0.00000e+00 -1.66280e+04 -1.66280e+04  0.00000e+00
1.090515610e+00  9.9617989e-11  5.75960e+02  3.09655e+05  0.00000e+00 -1.66280e+04 -1.66280e+04  0.00000e+00
1.090919505e+00 -1.3357867e-10  5.77484e+02  3.09655e+05  0.00000e+00 -1.66280e+04 -1.66280e+04  0.00000e+00
1.091323549e+00 -2.4904497e-11  5.75842e+02  3.09655e+05  0.00000e+00 -1.66280e+04 -1.66280e+04  0.00000e+00
1.091727743e+00 -4.9808994e-11  5.81347e+02  3.09655e+05  0.00000e+00 -1.66280e+04 -1.66280e+04  0.00000e+00
1.092132087e+00  2.0376407e-11  5.80227e+02  3.09655e+05 -2.26405e-12 -1.66280e+04 -1.66280e+04 -2.26405e-12
1.092536580e+00 -1.5169103e-10  5.79977e+02  3.09655e+05  0.00000e+00 -1.66280e+04 -1.66280e+04  0.00000e+00
1.092941223e+00 -1.4942698e-10  5.77601e+02  3.09655e+05  0.00000e+00 -1.66280e+04 -1.66280e+04  0.00000e+00
1.093346016e+00  1.7885957e-10  5.83955e+02  3.09655e+05  0.00000e+00 -1.66280e+04 -1.66280e+04  0.00000e+00
1.093750959e+00  1.7659553e-10  5.81428e+02  3.09655e+05  0.00000e+00 -1.66280e+04 -1.66280e+04  0.00000e+00
1.094156052e+00  1.8112362e-10  5.78844e+02  3.09655e+05  0.00000e+00 -1.66280e+04 -1.66280e+04  0.00000e+00
1.094561295e+00 -1.5848316e-11  5.82389e+02  3.09655e+05  0.00000e+00 -1.66280e+04 -1.66280e+04  0.00000e+00
1.094966688e+00 -8.6033718e-11  5.79553e+02  3.09655e+05  0.00000e+00 -1.66280e+04 -1.66280e+04  0.00000e+00
1.095372231e+00 -1.3357867e-10  5.79692e+02  3.09655e+05  0.00000e+00 -1.66280e+04 -1.66280e+04  0.00000e+00
1.095777925e+00 -1.0414608e-10  5.84702e+02  3.09655e+05  0.00000e+00 -1.66280e+04 -1.66280e+04  0.00000e+00
1.096183768e+00  1.9017980e-10  5.88907e+02  3.09655e+05  0.00000e+00 -1.66280e+04 -1.66280e+04  0.00000e+00
1.096589762e+00 -1.9017980e-10  5.83215e+02  3.09655e+05  0.00000e+00 -1.66280e+04 -1.66280e+04  0.00000e+00
1.096995907e+00  6.1129220e-11  5.83339e+02  3.09655e+05  0.00000e+00 -1.66280e+04 -1.66280e+04  0.00000e+00
1.097402202e+00 -6.7921356e-12  5.88263e+02  3.09655e+05  0.00000e+00 -1.66280e+04 -1.66280e+04  0.00000e+00
1.097808647e+00 -6.5657311e-11  5.87634e+02  3.09655e+05  0.00000e+00 -1.66280e+04 -1.66280e+04  0.00000e+00
1.098215243e+00 -1.4942698e-10  5.80190e+02  3.09655e+05  0.00000e+00 -1.66280e+04 -1.66280e+04  0.00000e+00
1.098621989e+00  5.6601130e-11  5.84998e+02  3.09655e+05  0.00000e+00 -1.66280e+04 -1.66280e+04  0.00000e+00
1.099028886e+00 -9.5089898e-11  5.84266e+02  3.09655e+05  0.00000e+00 -1.66280e+04 -1.66280e+04  0.00000e+00
1.099435934e+00 -1.7206744e-10  5.84348e+02  3.09655e+05  0.00000e+00 -1.66280e+04 -1.66280e+04  0.00000e+00
1.099843132e+00  1.6753934e-10  5.84877e+02  3.09655e+05  0.00000e+00 -1.66280e+04 -1.66280e+04  0.00000e+00
1.100250482e+00 -1.6301125e-10  5.85799e+02  3.09655e+05  0.00000e+00 -1.66280e+04 -1.66280e+04  0.00000e+00
1.100657982e+00 -1.0188203e-10  5.87119e+02  3.09655e+05  0.00000e+00 -1.66280e+04 -1.66280e+04  0.00000e+00
1.101065633e+00 -2.1734834e-10  5.87050e+02  3.09655e+05 -2.26405e-12 -1.66280e+04 -1.66280e+04 -2.26405e-12
1.101473435e+00  6.3393266e-11  5.87568e+02  3.09655e+05  0.00000e+00 -1.66280e+04 -1.66280e+04  0.00000e+00
1.101881388e+00  1.5395507e-10  5.87612e+02  3.09655e+05  0.00000e+00 -1.66280e+04 -1.66280e+04  0.00000e+00
1.102289492e+00  2.1508429e-10  5.88599e+02  3.09655e+05  0.00000e+00 -1.66280e+04 -1.66280e+04  0.00000e+00
1.102697748e+00 -2.0829216e-10  5.91535e+02  3.09655e+05  0.00000e+00 -1.66280e+04 -1.66280e+04  0.00000e+00
1.103106154e+00 -1.5621912e-10  5.84849e+02  3.09655e+05  0.00000e+00 -1.66280e+04 -1.66280e+04  0.00000e+00
1.103514712e+00  2.0829216e-10  5.97626e+02  3.09655e+05  0.00000e+00 -1.66280e+04 -1.66280e+04  0.00000e+00
1.103923421e+00 -1.1773035e-10  5.87078e+02  3.09655e+05  0.00000e+00 -1.66280e+04 -1.66280e+04  0.00000e+00
1.104332282e+00  1.1773035e-10  5.92300e+02  3.09655e+05  0.00000e+00 -1.66280e+04 -1.66280e+04  0.00000e+00
1.104741294e+00  1.2225844e-10  5.88641e+02  3.09655e+05  0.00000e+00 -1.66280e+04 -1.66280e+04  0.00000e+00
1.105150457e+00 -1.5848316e-10  5.85537e+02  3.09655e+05  0.00000e+00 -1.66280e+04 -1.66280e+04  0.00000e+00
1.105559772e+00 -8.3769672e-11  5.94440e+02  3.09655e+05  0.00000e+00 -1.66280e+04 -1.66280e+04  0.00000e+00
1.105969239e+00  2.0376407e-11  5.92448e+02  3.09655e+05 -2.26405e-12 -1.66280e+04 -1.66280e+04 -2.26405e-12
1.106378857e+00  2.0376407e-11  5.95099e+02  3.09655e+05  0.00000e+00 -1.66280e+04 -1.66280e+04  0.00000e+00
1.106788627e+00  1.8565171e-10  5.87941e+02  3.09655e+05 -2.26405e-12 -1.66280e+04 -1.66280e+04 -2.26405e-12
1.107198549e+00  1.4716294e-10  5.92155e+02  3.09655e+05  0.00000e+00 -1.66280e+04 -1.66280e+04  0.00000e+00
1.107608622e+00 -4.5280904e-12  5.86920e+02  3.09655e+05  0.00000e+00 -1.66280e+04 -1.66280e+04  0.00000e+00
1.108018848e+00 -1.2452249e-10  5.97839e+02  3.09655e+05  0.00000e+00 -1.66280e+04 -1.66280e+04  0.00000e+00
1.108429225e+00  5.6601130e-11  5.91476e+02  3.09655e+05 -2.26405e-12 -1.66280e+04 -1.66280e+04 -2.26405e-12
1.108839754e+00  1.3584271e-11  5.81823e+02  3.09655e+05  0.00000e+00 -1.66280e+04 -1.66280e+04  0.00000e+00
1.109250436e+00  1.1546631e-10  5.95463e+02  3.09655e+05  0.00000e+00 -1.66280e+04 -1.66280e+04  0.00000e+00
1.109661269e+00  2.0376407e-11  5.90037e+02  3.09655e+05  0.00000e+00 -1.66280e+04 -1.66280e+04  0.00000e+00
1.110072255e+00 -7.2449446e-11  5.93632e+02  3.09655e+05  0.00000e+00 -1.66280e+04 -1.66280e+04  0.00000e+00
1.110483393e+00  1.0867417e-10  6.11730e+02  3.09655e+05  0.00000e+00 -1.66280e+04 -1.66280e+04  0.00000e+00
1.110894683e+00 -2.1734834e-10  6.01808e+02  3.09655e+05  0.00000e+00 -1.66280e+04 -1.66280e+04  0.00000e+00
1.111306125e+00  1.0414608e-10  6.05620e+02  3.09655e+05  0.00000e+00 -1.66280e+04 -1.66280e+04  0.00000e+00
1.111717720e+00  1.4716294e-10  5.85372e+02  3.09655e+05  0.00000e+00 -1.66280e+04 -1.66280e+04  0.00000e+00
1.112129467e+00  1.7433148e-10  5.90341e+02  3.09655e+05  0.00000e+00 -1.66280e+04 -1.66280e+04  0.00000e+00
1.112541367e+00 -4.5280904e-12  6.07985e+02  3.09655e+05  0.00000e+00 -1.66280e+04 -1.66280e+04  0.00000e+00
1.112953420e+00  8.3769672e-11  5.85390e+02  3.09655e+05  0.00000e+00 -1.66280e+04 -1.66280e+04  0.00000e+00
1.113365625e+00 -1.1999440e-10  5.95487e+02  3.09655e+05  0.00000e+00 -1.66280e+04 -1.66280e+04  0.00000e+00
1.113777982e+00  7.0185401e-11  5.89725e+02  3.09655e+05  0.00000e+00 -1.66280e+04 -1.66280e+04  0.00000e+00
1.114190493e+00 -1.1320226e-11  5.99797e+02  3.09655e+05  0.00000e+00 -1.66280e+04 -1.66280e+04  0.00000e+00
1.114603156e+00  1.2905058e-10  5.82848e+02  3.09655e+05 -2.26405e-12 -1.66280e+04 -1.66280e+04 -2.26405e-12
1.115015972e+00 -1.3357867e-10  5.84378e+02  3.09655e+05 -2.26405e-12 -1.66280e+04 -1.66280e+04 -2.26405e-12
1.115428941e+00 -4.9808994e-11  6.01679e+02  3.09655e+05  0.00000e+00 -1.66280e+04 -1.66280e+04  0.00000e+00
1.115842062e+00  3.8488768e-11  5.90209e+02  3.09655e+05 -2.26405e-12 -1.66280e+04 -1.66280e+04 -2.26405e-12
1.116255337e+00 -1.9017980e-10  5.89699e+02  3.09655e+05  0.00000e+00 -1.66280e+04 -1.66280e+04  0.00000e+00
1.116668765e+00  1.6074721e-10  5.95459e+02  3.09655e+05  0.00000e+00 -1.66280e+04 -1.66280e+04  0.00000e+00
1.117082346e+00 -1.4942698e-10  5.92744e+02  3.09655e+05  0.00000e+00 -1.66280e+04 -1.66280e+04  0.00000e+00
1.117496080e+00  1.9470789e-10  6.00701e+02  3.09655e+05  0.00000e+00 -1.66280e+04 -1.66280e+04  0.00000e+00
1.117909968e+00  2.7168542e-11  5.84477e+02  3.09655e+05  0.00000e+00 -1.66280e+04 -1.66280e+04  0.00000e+00
1.118324009e+00 -1.2678653e-10  5.86742e+02  3.09655e+05  0.00000e+00 -1.66280e+04 -1.66280e+04  0.00000e+00
1.118738203e+00  1.4037080e-10  5.82322e+02  3.09655e+05  0.00000e+00 -1.66280e+04 -1.66280e+04  0.00000e+00
1.119152550e+00  8.3769672e-11  6.12015e+02  3.09655e+05  0.00000e+00 -1.66280e+04 -1.66280e+04  0.00000e+00
1.119567051e+00 -6.7921356e-11  5.96714e+02  3.09655e+05  0.00000e+00 -1.66280e+04 -1.66280e+04  0.00000e+00
1.119981706e+00 -1.1773035e-10  6.11623e+02  3.09655e+05  0.00000e+00 -1.66280e+04 -1.66280e+04  0.00000e+00
1.120396514e+00 -1.6527530e-10  5.95412e+02  3.09655e+05  0.00000e+00 -1.66280e+04 -1.66280e+04  0.00000e+00
1.120811475e+00 -1.4489889e-10  5.83135e+02  3.09655e+05  0.00000e+00 -1.66280e+04 -1.66280e+04  0.00000e+00
1.121226591e+00  2.0376407e-10  5.88974e+02  3.09655e+05  0.00000e+00 -1.66280e+04 -1.66280e+04  0.00000e+00
1.121641860e+00  6.5657311e-11  5.93644e+02  3.09655e+05  0.00000e+00 -1.66280e+04 -1.66280e+04  0.00000e+00
1.122057283e+00 -2.2187643e-10  5.91496e+02  3.09655e+05  0.00000e+00 -1.66280e+04 -1.66280e+04  0.00000e+00
1.122472859e+00  1.4716294e-10  5.88124e+02  3.09655e+05  0.00000e+00 -1.66280e+04 -1.66280e+04  0.00000e+00
1.122888590e+00 -7.4713492e-11  5.90148e+02  3.09655e+05  0.00000e+00 -1.66280e+04 -1.66280e+04  0.00000e+00
1.123304475e+00 -1.3584271e-11  5.83947e+02  3.09655e+05 -2.26405e-12 -1.66280e+04 -1.66280e+04 -2.26405e-12
1.123720513e+00  1.3584271e-10  5.92801e+02  3.09655e+05  0.00000e+00 -1.66280e+04 -1.66280e+04  0.00000e+00
1.124136706e+00  1.1320226e-11  5.86328e+02  3.09655e+05  0.00000e+00 -1.66280e+04 -1.66280e+04  0.00000e+00
1.124553053e+00 -6.3393266e-11  5.86263e+02  3.09655e+05  0.00000e+00 -1.66280e+04 -1.66280e+04  0.00000e+00
1.124969554e+00  2.0150002e-10  5.84880e+02  3.09655e+05  0.00000e+00 -1.66280e+04 -1.66280e+04  0.00000e+00
1.125386210e+00  3.6224723e-11  6.03371e+02  3.09655e+05  0.00000e+00 -1.66280e+04 -1.66280e+04  0.00000e+00
1.125803019e+00  6.3393266e-11  6.08813e+02  3.09655e+05  0.00000e+00 -1.66280e+04 -1.66280e+04  0.00000e+00
1.126219983e+00 -1.5848316e-10  5.93449e+02  3.09655e+05  0.00000e+00 -1.66280e+04 -1.66280e+04  0.00000e+00
1.126637102e+00  1.5848316e-10  5.87538e+02  3.09655e+05  0.00000e+00 -1.66280e+04 -1.66280e+04  0.00000e+00
1.127054375e+00  1.6980339e-10  5.80620e+02  3.09655e+05  0.00000e+00 -1.66280e+04 -1.66280e+04  0.00000e+00
1.127471803e+00  9.9617989e-11  5.84879e+02  3.09655e+05  0.00000e+00 -1.66280e+04 -1.66280e+04  0.00000e+00
1.127889385e+00 -9.0561808e-11  5.87083e+02  3.09655e+05  0.00000e+00 -1.66280e+04 -1.66280e+04  0.00000e+00
1.128307122e+00 -2.2414047e-10  5.90673e+02  3.09655e+05  0.00000e+00 -1.66280e+04 -1.66280e+04  0.00000e+00
1.128725013e+00 -3.3960678e-11  5.90086e+02  3.09655e+05  0.00000e+00 -1.66280e+04 -1.66280e+04  0.00000e+00
1.129143059e+00 -1.8791575e-10  5.85558e+02  3.09655e+05  0.00000e+00 -1.66280e+04 -1.66280e+04  0.00000e+00
1.129561260e+00  3.1696633e-11  5.87622e+02  3.09655e+05  0.00000e+00 -1.66280e+04 -1.66280e+04  0.00000e+00
1.129979616e+00  5.8865175e-11  5.94793e+02  3.09655e+05  0.00000e+00 -1.66280e+04 -1.66280e+04  0.00000e+00
1.130398127e+00 -2.3998879e-10  5.98742e+02  3.09655e+05  0.00000e+00 -1.66280e+04 -1.66280e+04  0.00000e+00
1.130816793e+00 -1.1546631e-10  5.93256e+02  3.09655e+05  0.00000e+00 -1.66280e+04 -1.66280e+04  0.00000e+00
1.131235614e+00  1.2225844e-10  5.91172e+02  3.09655e+05  0.00000e+00 -1.66280e+04 -1.66280e+04  0.00000e+00
1.131654591e+00  2.1734834e-10  5.96738e+02  3.09655e+05  0.00000e+00 -1.66280e+04 -1.66280e+04  0.00000e+00
1.132073722e+00  1.9244384e-10  5.94507e+02  3.09655e+05  0.00000e+00 -1.66280e+04 -1.66280e+04  0.00000e+00
1.132493009e+00 -1.3584271e-11  5.89205e+02  3.09655e+05  0.00000e+00 -1.66280e+04 -1.66280e+04  0.00000e+00
1.132912450e+00 -1.1999440e-10  5.95284e+02  3.09655e+05  0.00000e+00 -1.66280e+04 -1.66280e+04  0.00000e+00
1.133332048e+00  4.7544949e-11  5.83980e+02  3.09655e+05  0.00000e+00 -1.66280e+04 -1.66280e+04  0.00000e+00
1.133751800e+00 -1.4489889e-10  6.04080e+02  3.09655e+05  0.00000e+00 -1.66280e+04 -1.66280e+04  0.00000e+00
1.134171708e+00 -2.0150002e-10  6.00215e+02  3.09655e+05  0.00000e+00 -1.66280e+04 -1.66280e+04  0.00000e+00
1.134591772e+00 -1.7206744e-10  6.14256e+02  3.09655e+05  0.00000e+00 -1.66280e+04 -1.66280e+04  0.00000e+00
1.135011991e+00 -1.8338766e-10  6.03225e+02  3.09655e+05  0.00000e+00 -1.66280e+04 -1.66280e+04  0.00000e+00
1.135432366e+00 -5.4337085e-11  5.95655e+02  3.09655e+05  0.00000e+00 -1.66280e+04 -1.66280e+04  0.00000e+00
1.135852896e+00 -3.3960678e-11  5.86074e+02  3.09655e+05  0.00000e+00 -1.66280e+04 -1.66280e+04  0.00000e+00
1.136273583e+00  1.3357867e-10  6.02070e+02  3.09655e+05  0.00000e+00 -1.66280e+04 -1.66280e+04  0.00000e+00
1.136694425e+00  1.5848316e-10  5.87863e+02  3.09655e+05  0.00000e+00 -1.66280e+04 -1.66280e+04  0.00000e+00
1.137115423e+00  1.1546631e-10  6.01036e+02  3.09655e+05  0.00000e+00 -1.66280e+04 -1.66280e+04  0.00000e+00
1.137536576e+00 -1.2678653e-10  5.98565e+02  3.09655e+05  0.00000e+00 -1.66280e+04 -1.66280e+04  0.00000e+00
1.137957886e+00 -3.1696633e-11  5.99462e+02  3.09655e+05  0.00000e+00 -1.66280e+04 -1.66280e+04  0.00000e+00
1.138379352e+00  2.5130902e-10  6.59396e+02  3.09655e+05  0.00000e+00 -1.66280e+04 -1.66280e+04  0.00000e+00
1.138800974e+00 -1.5848316e-10  6.24718e+02  3.09655e+05  0.00000e+00 -1.66280e+04 -1.66280e+04  0.00000e+00
1.139222752e+00 -2.0376407e-10  6.03543e+02  3.09655e+05  0.00000e+00 -1.66280e+04 -1.66280e+04  0.00000e+00
1.139644687e+00  1.8112362e-10  5.99802e+02  3.09655e+05  0.00000e+00 -1.66280e+04 -1.66280e+04  0.00000e+00
1.140066777e+00  8.1505627e-11  5.94370e+02  3.09655e+05  0.00000e+00 -1.66280e+04 -1.66280e+04  0.00000e+00
1.140489024e+00  2.2640452e-10  6.20776e+02  3.09655e+05  0.00000e+00 -1.66280e+04 -1.66280e+04  0.00000e+00
1.140911428e+00 -2.0376407e-10  6.94266e+02  3.09655e+05  0.00000e+00 -1.66280e+04 -1.66280e+04  0.00000e+00
1.141333987e+00  1.8112362e-10  5.97365e+02  3.09655e+05  0.00000e+00 -1.66280e+04 -1.66280e+04  0.00000e+00
1.141756704e+00  5.6601130e-11  5.94299e+02  3.09655e+05  0.00000e+00 -1.66280e+04 -1.66280e+04  0.00000e+00
1.142179577e+00 -1.6753934e-10  5.91073e+02  3.09655e+05  0.00000e+00 -1.66280e+04 -1.66280e+04  0.00000e+00
1.142602606e+00 -4.5280904e-12  6.04685e+02  3.09655e+05  0.00000e+00 -1.66280e+04 -1.66280e+04  0.00000e+00
1.143025792e+00 -1.5848316e-11  5.96628e+02  3.09655e+05  0.00000e+00 -1.66280e+04 -1.66280e+04  0.00000e+00
1.143449135e+00 -7.2449446e-11  5.90431e+02  3.09655e+05  0.00000e+00 -1.66280e+04 -1.66280e+04  0.00000e+00
1.143872635e+00  9.9617989e-11  6.02112e+02  3.09655e+05  0.00000e+00 -1.66280e+04 -1.66280e+04  0.00000e+00
1.144296291e+00  4.5280904e-11  6.16621e+02  3.09655e+05  0.00000e+00 -1.66280e+04 -1.66280e+04  0.00000e+00
1.144720105e+00 -2.2640452e-11  5.86593e+02  3.09655e+05  0.00000e+00 -1.66280e+04 -1.66280e+04  0.00000e+00
1.145144075e+00  9.7353944e-11  5.92078e+02  3.09655e+05  0.00000e+00 -1.66280e+04 -1.66280e+04  0.00000e+00
1.145568203e+00  4.0752814e-11  5.88708e+02  3.09655e+05  0.00000e+00 -1.66280e+04 -1.66280e+04  0.00000e+00
1.145992487e+00 -1.5169103e-10  5.90316e+02  3.09655e+05  0.00000e+00 -1.66280e+04 -1.66280e+04  0.00000e+00
1.146416929e+00  1.6753934e-10  5.93869e+02  3.09655e+05  0.00000e+00 -1.66280e+04 -1.66280e+04  0.00000e+00
1.146841528e+00 -5.8865175e-11  5.85757e+02  3.09655e+05  0.00000e+00 -1.66280e+04 -1.66280e+04  0.00000e+00
1.147266284e+00 -4.9808994e-11  5.87993e+02  3.09655e+05  0.00000e+00 -1.66280e+04 -1.66280e+04  0.00000e+00
1.147691197e+00 -3.8488768e-11  5.88072e+02  3.09655e+05  0.00000e+00 -1.66280e+04 -1.66280e+04  0.00000e+00
1.148116268e+00  1.5848316e-10  5.91026e+02  3.09655e+05  0.00000e+00 -1.66280e+04 -1.66280e+04  0.00000e+00
1.148541496e+00  1.7206744e-10  5.88884e+02  3.09655e+05  0.00000e+00 -1.66280e+04 -1.66280e+04  0.00000e+00
1.148966882e+00  2.0602811e-10  5.89407e+02  3.09655e+05  0.00000e+00 -1.66280e+04 -1.66280e+04  0.00000e+00
1.149392425e+00 -1.7659553e-10  5.86227e+02  3.09655e+05  0.00000e+00 -1.66280e+04 -1.66280e+04  0.00000e+00
1.149818126e+00  1.1093821e-10  5.92963e+02  3.09655e+05  0.00000e+00 -1.66280e+04 -1.66280e+04  0.00000e+00
1.150243985e+00 -1.4037080e-10  5.87667e+02  3.09655e+05  0.00000e+00 -1.66280e+04 -1.66280e+04  0.00000e+00
1.150670001e+00 -1.1999440e-10  5.85035e+02  3.09655e+05  0.00000e+00 -1.66280e+04 -1.66280e+04  0.00000e+00
1.151096175e+00  1.8112362e-11  5.89569e+02  3.09655e+05  0.00000e+00 -1.66280e+04 -1.66280e+04  0.00000e+00
1.151522507e+00  6.7921356e-11  5.89387e+02  3.09655e+05  0.00000e+00 -1.66280e+04 -1.66280e+04  0.00000e+00
1.151948997e+00  4.9808994e-11  5.97345e+02  3.09655e+05  0.00000e+00 -1.66280e+04 -1.66280e+04  0.00000e+00
1.152375645e+00 -2.9432588e-11  5.85189e+02  3.09655e+05  0.00000e+00 -1.66280e+04 -1.66280e+04  0.00000e+00
1.152802450e+00 -2.3546070e-10  5.99924e+02  3.09655e+05  0.00000e+00 -1.66280e+04 -1.66280e+04  0.00000e+00
1.153229414e+00 -1.1320226e-11  5.87897e+02  3.09655e+05  0.00000e+00 -1.66280e+04 -1.66280e+04  0.00000e+00
1.153656536e+00 -1.2225844e-10  5.89067e+02  3.09655e+05  0.00000e+00 -1.66280e+04 -1.66280e+04  0.00000e+00
1.154083816e+00  2.3319666e-10  5.92750e+02  3.09655e+05  0.00000e+00 -1.66280e+04 -1.66280e+04  0.00000e+00
1.154511255e+00  1.9470789e-10  5.90745e+02  3.09655e+05  0.00000e+00 -1.66280e+04 -1.66280e+04  0.00000e+00
1.154938852e+00  2.0376407e-10  5.90477e+02  3.09655e+05  0.00000e+00 -1.66280e+04 -1.66280e+04  0.00000e+00
1.155366607e+00  1.9244384e-10  5.80226e+02  3.09655e+05  0.00000e+00 -1.66280e+04 -1.66280e+04  0.00000e+00
1.155794520e+00 -2.4904497e-10  5.87577e+02  3.09655e+05  0.00000e+00 -1.66280e+04 -1.66280e+04  0.00000e+00
1.156222592e+00  8.1505627e-11  5.85479e+02  3.09655e+05  0.00000e+00 -1.66280e+04 -1.66280e+04  0.00000e+00
1.156650823e+00  8.1505627e-11  5.85146e+02  3.09655e+05  0.00000e+00 -1.66280e+04 -1.66280e+04  0.00000e+00
1.157079212e+00 -4.7544949e-11  5.89846e+02  3.09655e+05  0.00000e+00 -1.66280e+04 -1.66280e+04  0.00000e+00
1.157507760e+00  1.1546631e-10  5.85980e+02  3.09655e+05  0.00000e+00 -1.66280e+04 -1.66280e+04  0.00000e+00
1.157936467e+00 -1.3357867e-10  5.90591e+02  3.09655e+05  0.00000e+00 -1.66280e+04 -1.66280e+04  0.00000e+00
1.158365332e+00 -4.0752814e-11  5.84940e+02  3.09655e+05  0.00000e+00 -1.66280e+04 -1.66280e+04  0.00000e+00
1.158794356e+00 -2.6715733e-10  5.83454e+02  3.09655e+05  0.00000e+00 -1.66280e+04 -1.66280e+04  0.00000e+00
1.159223539e+00 -1.9470789e-10  5.91318e+02  3.09655e+05  0.00000e+00 -1.66280e+04 -1.66280e+04  0.00000e+00
1.159652881e+00 -1.4489889e-10  6.06205e+02  3.09655e+05  0.00000e+00 -1.66280e+04 -1.66280e+04  0.00000e+00
1.160082382e+00  2.5810115e-10  5.85223e+02  3.09655e+05  0.00000e+00 -1.66280e+04 -1.66280e+04  0.00000e+00
1.160512043e+00 -3.6224723e-11  5.94935e+02  3.09655e+05  0.00000e+00 -1.66280e+04 -1.66280e+04  0.00000e+00
1.160941862e+00 -1.6301125e-10  5.97743e+02  3.09655e+05  0.00000e+00 -1.66280e+04 -1.66280e+04  0.00000e+00
1.161371840e+00  2.2187643e-10  6.21114e+02  3.09655e+05  0.00000e+00 -1.66280e+04 -1.66280e+04  0.00000e+00
1.161801978e+00 -1.9923598e-10  5.85333e+02  3.09655e+05  0.00000e+00 -1.66280e+04 -1.66280e+04  0.00000e+00
1.162232275e+00  1.0188203e-10  5.91994e+02  3.09655e+05  0.00000e+00 -1.66280e+04 -1.66280e+04  0.00000e+00
1.162662731e+00 -1.5621912e-10  5.89906e+02  3.09655e+05  0.00000e+00 -1.66280e+04 -1.66280e+04  0.00000e+00
1.163093347e+00 -1.5395507e-10  5.78701e+02  3.09655e+05  0.00000e+00 -1.66280e+04 -1.66280e+04  0.00000e+00
1.163524123e+00  1.5621912e-10  5.81156e+02  3.09655e+05  0.00000e+00 -1.66280e+04 -1.66280e+04  0.00000e+00
1.163955057e+00  1.8565171e-10  5.97436e+02  3.09655e+05  0.00000e+00 -1.66280e+04 -1.66280e+04  0.00000e+00
1.164386152e+00  1.5395507e-10  6.06144e+02  3.09655e+05  0.00000e+00 -1.66280e+04 -1.66280e+04  0.00000e+00
1.164817406e+00  9.9617989e-11  5.80938e+02  3.09655e+05  0.00000e+00 -1.66280e+04 -1.66280e+04  0.00000e+00
1.165248820e+00 -1.0867417e-10  5.81292e+02  3.09655e+05  0.00000e+00 -1.66280e+04 -1.66280e+04  0.00000e+00
1.165680393e+00 -2.0150002e-10  5.93610e+02  3.09655e+05  0.00000e+00 -1.66280e+04 -1.66280e+04  0.00000e+00
1.166112127e+00 -2.4451688e-10  5.92610e+02  3.09655e+05  0.00000e+00 -1.66280e+04 -1.66280e+04  0.00000e+00
1.166544020e+00  2.2640452e-11  5.84208e+02  3.09655e+05  0.00000e+00 -1.66280e+04 -1.66280e+04  0.00000e+00
1.166976074e+00  3.8488768e-11  5.84767e+02  3.09655e+05  0.00000e+00 -1.66280e+04 -1.66280e+04  0.00000e+00
1.167408287e+00  6.7921356e-12  5.84856e+02  3.09655e+05  0.00000e+00 -1.66280e+04 -1.66280e+04  0.00000e+00
1.167840660e+00 -8.8297763e-11  5.88266e+02  3.09655e+05  0.00000e+00 -1.66280e+04 -1.66280e+04  0.00000e+00
1.168273194e+00 -2.0602811e-10  5.84352e+02  3.09655e+05  0.00000e+00 -1.66280e+04 -1.66280e+04  0.00000e+00
1.168705888e+00 -5.8865175e-11  5.90352e+02  3.09655e+05  0.00000e+00 -1.66280e+04 -1.66280e+04  0.00000e+00
1.169138742e+00 -1.1773035e-10  5.99100e+02  3.09655e+05  0.00000e+00 -1.66280e+04 -1.66280e+04  0.00000e+00
1.169571756e+00  2.2640452e-10  6.37487e+02  3.09655e+05  0.00000e+00 -1.66280e+04 -1.66280e+04  0.00000e+00
1.170004931e+00 -2.0602811e-10  5.90677e+02  3.09655e+05  0.00000e+00 -1.66280e+04 -1.66280e+04  0.00000e+00
1.170438266e+00 -2.7621351e-10  5.87027e+02  3.09655e+05  0.00000e+00 -1.66280e+04 -1.66280e+04  0.00000e+00
1.170871762e+00 -2.5583711e-10  5.84589e+02  3.09655e+05  0.00000e+00 -1.66280e+04 -1.66280e+04  0.00000e+00
1.171305418e+00 -2.0150002e-10  5.82000e+02  3.09655e+05  0.00000e+00 -1.66280e+04 -1.66280e+04  0.00000e+00
1.171739235e+00  1.0414608e-10  5.90913e+02  3.09655e+05  0.00000e+00 -1.66280e+04 -1.66280e+04  0.00000e+00
1.172173212e+00  1.1320226e-11  5.86938e+02  3.09655e+05  0.00000e+00 -1.66280e+04 -1.66280e+04  0.00000e+00
1.172607351e+00  9.9617989e-11  5.75783e+02  3.09655e+05  0.00000e+00 -1.66280e+04 -1.66280e+04  0.00000e+00
1.173041650e+00 -1.6980339e-10  5.79866e+02  3.09655e+05  0.00000e+00 -1.66280e+04 -1.66280e+04  0.00000e+00
1.173476109e+00  1.2678653e-10  5.93347e+02  3.09655e+05  0.00000e+00 -1.66280e+04 -1.66280e+04  0.00000e+00
1.173910730e+00 -1.7659553e-10  5.95036e+02  3.09655e+05  0.00000e+00 -1.66280e+04 -1.66280e+04  0.00000e+00
1.174345512e+00  2.5130902e-10  5.81434e+02  3.09655e+05  0.00000e+00 -1.66280e+04 -1.66280e+04  0.00000e+00
1.174780455e+00  1.8112362e-11  5.79591e+02  3.09655e+05  0.00000e+00 -1.66280e+04 -1.66280e+04  0.00000e+00
1.175215559e+00  1.0641012e-10  5.91520e+02  3.09655e+05  0.00000e+00 -1.66280e+04 -1.66280e+04  0.00000e+00
1.175650824e+00 -2.4225284e-10  5.95741e+02  3.09655e+05  0.00000e+00 -1.66280e+04 -1.66280e+04  0.00000e+00
1.176086250e+00  2.3546070e-10  5.89136e+02  3.09655e+05  0.00000e+00 -1.66280e+04 -1.66280e+04  0.00000e+00
1.176521837e+00 -1.4489889e-10  5.92068e+02  3.09655e+05  0.00000e+00 -1.66280e+04 -1.66280e+04  0.00000e+00
1.176957586e+00  9.0561808e-12  5.82520e+02  3.09655e+05  0.00000e+00 -1.66280e+04 -1.66280e+04  0.00000e+00
1.177393496e+00  9.0561808e-12  6.21385e+02  3.09655e+05  0.00000e+00 -1.66280e+04 -1.66280e+04  0.00000e+00
1.177829568e+00 -2.7168542e-11  6.52004e+02  3.09655e+05  0.00000e+00 -1.66280e+04 -1.66280e+04  0.00000e+00
1.178265801e+00 -6.5657311e-11  5.96560e+02  3.09655e+05  0.00000e+00 -1.66280e+04 -1.66280e+04  0.00000e+00
1.178702196e+00  2.2866857e-10  6.06632e+02  3.09655e+05  0.00000e+00 -1.66280e+04 -1.66280e+04  0.00000e+00
1.179138752e+00 -1.4037080e-10  5.81582e+02  3.09655e+05  0.00000e+00 -1.66280e+04 -1.66280e+04  0.00000e+00
1.179575470e+00 -1.7206744e-10  5.84300e+02  3.09655e+05  0.00000e+00 -1.66280e+04 -1.66280e+04  0.00000e+00
1.180012350e+00 -1.2452249e-10  5.86100e+02  3.09655e+05  0.00000e+00 -1.66280e+04 -1.66280e+04  0.00000e+00
1.180449392e+00 -1.1320226e-11  5.93805e+02  3.09655e+05  0.00000e+00 -1.66280e+04 -1.66280e+04  0.00000e+00
1.180886595e+00  2.2414047e-10  5.83600e+02  3.09655e+05  0.00000e+00 -1.66280e+04 -1.66280e+04  0.00000e+00
1.181323961e+00  5.4337085e-11  5.84040e+02  3.09655e+05  0.00000e+00 -1.66280e+04 -1.66280e+04  0.00000e+00
1.181761488e+00  1.5848316e-11  5.90566e+02  3.09655e+05  0.00000e+00 -1.66280e+04 -1.66280e+04  0.00000e+00
1.182199178e+00  1.3584271e-11  5.78895e+02  3.09655e+05  0.00000e+00 -1.66280e+04 -1.66280e+04  0.00000e+00
1.182637029e+00 -3.3960678e-11  5.85369e+02  3.09655e+05  0.00000e+00 -1.66280e+04 -1.66280e+04  0.00000e+00
1.183075043e+00  1.1093821e-10  6.04263e+02  3.09655e+05  0.00000e+00 -1.66280e+04 -1.66280e+04  0.00000e+00
1.183513219e+00  2.0829216e-10  5.88074e+02  3.09655e+05  0.00000e+00 -1.66280e+04 -1.66280e+04  0.00000e+00
1.183951557e+00  2.7168542e-10  5.92331e+02  3.09655e+05  0.00000e+00 -1.66280e+04 -1.66280e+04  0.00000e+00
1.184390058e+00 -1.5169103e-10  5.84827e+02  3.09655e+05  0.00000e+00 -1.66280e+04 -1.66280e+04  0.00000e+00
1.184828721e+00  2.2414047e-10  5.74700e+02  3.09655e+05  0.00000e+00 -1.66280e+04 -1.66280e+04  0.00000e+00
1.185267546e+00  9.0561808e-11  5.92412e+02  3.09655e+05  0.00000e+00 -1.66280e+04 -1.66280e+04  0.00000e+00
1.185706534e+00  5.8865175e-11  5.79621e+02  3.09655e+05  0.00000e+00 -1.66280e+04 -1.66280e+04  0.00000e+00
1.186145685e+00 -1.9470789e-10  5.88354e+02  3.09655e+05  0.00000e+00 -1.66280e+04 -1.66280e+04  0.00000e+00
1.186584998e+00 -2.0829216e-10  5.83460e+02  3.09655e+05  0.00000e+00 -1.66280e+04 -1.66280e+04  0.00000e+00
1.187024474e+00 -1.1093821e-10  5.90461e+02  3.09655e+05  0.00000e+00 -1.66280e+04 -1.66280e+04  0.00000e+00
1.187464112e+00 -8.3769672e-11  5.80363e+02  3.09655e+05  0.00000e+00 -1.66280e+04 -1.66280e+04  0.00000e+00
1.187903914e+00  1.0414608e-10  5.85471e+02  3.09655e+05  0.00000e+00 -1.66280e+04 -1.66280e+04  0.00000e+00
1.188343878e+00  6.3393266e-11  5.87109e+02  3.09655e+05  0.00000e+00 -1.66280e+04 -1.66280e+04  0.00000e+00
1.188784006e+00  3.1696633e-11  6.52800e+02  3.09655e+05  0.00000e+00 -1.66280e+04 -1.66280e+04  0.00000e+00
1.189224296e+00 -1.0414608e-10  5.83186e+02  3.09655e+05  0.00000e+00 -1.66280e+04 -1.66280e+04  0.00000e+00
1.189664749e+00 -5.6601130e-11  6.00610e+02  3.09655e+05  0.00000e+00 -1.66280e+04 -1.66280e+04  0.00000e+00
1.190105366e+00 -9.7353944e-11  5.80718e+02  3.09655e+05  0.00000e+00 -1.66280e+04 -1.66280e+04  0.00000e+00
1.190546146e+00  2.0376407e-10  5.85629e+02  3.09655e+05  0.00000e+00 -1.66280e+04 -1.66280e+04  0.00000e+00
1.190987089e+00 -1.9470789e-10  5.84711e+02  3.09655e+05  0.00000e+00 -1.66280e+04 -1.66280e+04  0.00000e+00
1.191428195e+00 -9.2825853e-11  5.88267e+02  3.09655e+05  0.00000e+00 -1.66280e+04 -1.66280e+04  0.00000e+00
1.191869465e+00 -2.3772475e-10  5.87882e+02  3.09655e+05  0.00000e+00 -1.66280e+04 -1.66280e+04  0.00000e+00
1.192310898e+00 -2.7621351e-10  5.80444e+02  3.09655e+05  0.00000e+00 -1.66280e+04 -1.66280e+04  0.00000e+00
1.192752495e+00  1.6074721e-10  5.86515e+02  3.09655e+05  0.00000e+00 -1.66280e+04 -1.66280e+04  0.00000e+00
1.193194255e+00 -2.8074160e-10  5.72242e+02  3.09655e+05  0.00000e+00 -1.66280e+04 -1.66280e+04  0.00000e+00
1.193636179e+00 -4.9808994e-11  5.82667e+02  3.09655e+05  0.00000e+00 -1.66280e+04 -1.66280e+04  0.00000e+00
1.194078266e+00  1.6527530e-10  5.97050e+02  3.09655e+05  0.00000e+00 -1.66280e+04 -1.66280e+04  0.00000e+00
1.194520517e+00  2.9432588e-10  5.79075e+02  3.09655e+05  0.00000e+00 -1.66280e+04 -1.66280e+04  0.00000e+00
1.194962932e+00  2.0829216e-10  5.81521e+02  3.09655e+05  0.00000e+00 -1.66280e+04 -1.66280e+04  0.00000e+00
1.195405511e+00  2.8753374e-10  5.92623e+02  3.09655e+05  0.00000e+00 -1.66280e+04 -1.66280e+04  0.00000e+00
1.195848254e+00 -1.6527530e-10  5.92672e+02  3.09655e+05  0.00000e+00 -1.66280e+04 -1.66280e+04  0.00000e+00
1.196291161e+00  1.3810676e-10  5.80677e+02  3.09655e+05  0.00000e+00 -1.66280e+04 -1.66280e+04  0.00000e+00
1.196734231e+00 -2.9885397e-10  5.81936e+02  3.09655e+05  0.00000e+00 -1.66280e+04 -1.66280e+04  0.00000e+00
1.197177466e+00  8.8297763e-11  5.87806e+02  3.09655e+05  0.00000e+00 -1.66280e+04 -1.66280e+04  0.00000e+00
1.197620865e+00 -1.6753934e-10  6.30645e+02  3.09655e+05  0.00000e+00 -1.66280e+04 -1.66280e+04  0.00000e+00
1.198064429e+00 -1.1320226e-11  5.93841e+02  3.09655e+05  0.00000e+00 -1.66280e+04 -1.66280e+04  0.00000e+00
1.198508156e+00  1.5395507e-10  5.79978e+02  3.09655e+05  0.00000e+00 -1.66280e+04 -1.66280e+04  0.00000e+00
1.198952048e+00  5.6601130e-11  5.82447e+02  3.09655e+05  0.00000e+00 -1.66280e+04 -1.66280e+04  0.00000e+00
1.199396105e+00  2.0376407e-11  5.92151e+02  3.09655e+05  0.00000e+00 -1.66280e+04 -1.66280e+04  0.00000e+00
1.199840325e+00 -5.8865175e-11  5.77493e+02  3.09655e+05  0.00000e+00 -1.66280e+04 -1.66280e+04  0.00000e+00
1.200284711e+00  4.9808994e-11  5.80023e+02  3.09655e+05  0.00000e+00 -1.66280e+04 -1.66280e+04  0.00000e+00
1.200729261e+00 -1.3584271e-10  5.81872e+02  3.09655e+05  0.00000e+00 -1.66280e+04 -1.66280e+04  0.00000e+00
1.201173975e+00 -2.1055620e-10  5.77824e+02  3.09655e+05  0.00000e+00 -1.66280e+04 -1.66280e+04  0.00000e+00
1.201618854e+00  1.9017980e-10  5.76004e+02  3.09655e+05  0.00000e+00 -1.66280e+04 -1.66280e+04  0.00000e+00
1.202063898e+00  4.5280904e-11  5.80531e+02  3.09655e+05  0.00000e+00 -1.66280e+04 -1.66280e+04  0.00000e+00
1.202509107e+00  1.9244384e-10  5.80302e+02  3.09655e+05  0.00000e+00 -1.66280e+04 -1.66280e+04  0.00000e+00
1.202954481e+00  1.0188203e-10  5.77606e+02  3.09655e+05  0.00000e+00 -1.66280e+04 -1.66280e+04  0.00000e+00
1.203400020e+00 -2.9885397e-10  5.91214e+02  3.09655e+05  0.00000e+00 -1.66280e+04 -1.66280e+04  0.00000e+00
1.203845723e+00  1.6527530e-10  5.81437e+02  3.09655e+05  0.00000e+00 -1.66280e+04 -1.66280e+04  0.00000e+00
1.204291592e+00 -2.1508429e-10  5.76948e+02  3.09655e+05  0.00000e+00 -1.66280e+04 -1.66280e+04  0.00000e+00
1.204737626e+00  2.5130902e-10  5.80235e+02  3.09655e+05  0.00000e+00 -1.66280e+04 -1.66280e+04  0.00000e+00
1.205183825e+00 -3.1696633e-11  5.75453e+02  3.09655e+05  0.00000e+00 -1.66280e+04 -1.66280e+04  0.00000e+00
1.205630190e+00 -1.3810676e-10  5.78294e+02  3.09655e+05  0.00000e+00 -1.66280e+04 -1.66280e+04  0.00000e+00
1.206076719e+00  1.6753934e-10  5.70621e+02  3.09655e+05  0.00000e+00 -1.66280e+04 -1.66280e+04  0.00000e+00
1.206523414e+00 -4.3016859e-11  5.75963e+02  3.09655e+05  0.00000e+00 -1.66280e+04 -1.66280e+04  0.00000e+00
1.206970275e+00 -2.2414047e-10  5.76734e+02  3.09655e+05  0.00000e+00 -1.66280e+04 -1.66280e+04  0.00000e+00
1.207417301e+00  2.7168542e-10  5.82292e+02  3.09655e+05  0.00000e+00 -1.66280e+04 -1.66280e+04  0.00000e+00
1.207864492e+00  7.0185401e-11  5.71581e+02  3.09655e+05  0.00000e+00 -1.66280e+04 -1.66280e+04  0.00000e+00
1.208311850e+00 -2.6715733e-10  5.83613e+02  3.09655e+05  0.00000e+00 -1.66280e+04 -1.66280e+04  0.00000e+00
1.208759373e+00  2.3998879e-10  5.86685e+02  3.09655e+05  0.00000e+00 -1.66280e+04 -1.66280e+04  0.00000e+00
1.209207061e+00  1.2905058e-10  5.79395e+02  3.09655e+05  0.00000e+00 -1.66280e+04 -1.66280e+04  0.00000e+00
1.209654916e+00 -2.9885397e-10  5.79919e+02  3.09655e+05  0.00000e+00 -1.66280e+04 -1.66280e+04  0.00000e+00
1.210102936e+00 -2.3998879e-10  5.69193e+02  3.09655e+05  0.00000e+00 -1.66280e+04 -1.66280e+04  0.00000e+00
1.210551122e+00  5.2073040e-11  5.71255e+02  3.09655e+05  0.00000e+00 -1.66280e+04 -1.66280e+04  0.00000e+00
1.210999475e+00  1.5848316e-10  5.73868e+02  3.09655e+05  0.00000e+00 -1.66280e+04 -1.66280e+04  0.00000e+00
1.211447993e+00 -3.1017419e-10  5.80481e+02  3.09655e+05  0.00000e+00 -1.66280e+04 -1.66280e+04  0.00000e+00
1.211896677e+00 -2.9432588e-11  5.77754e+02  3.09655e+05  0.00000e+00 -1.66280e+04 -1.66280e+04  0.00000e+00
1.212345528e+00 -1.6527530e-10  5.76818e+02  3.09655e+05  0.00000e+00 -1.66280e+04 -1.66280e+04  0.00000e+00
1.212794545e+00  2.7847756e-10  5.80415e+02  3.09655e+05  0.00000e+00 -1.66280e+04 -1.66280e+04  0.00000e+00
1.213243728e+00  6.3393266e-11  5.86080e+02  3.09655e+05  0.00000e+00 -1.66280e+04 -1.66280e+04  0.00000e+00
1.213693078e+00  1.5848316e-10  5.67198e+02  3.09655e+05  0.00000e+00 -1.66280e+04 -1.66280e+04  0.00000e+00
1.214142593e+00  2.3319666e-10  5.70075e+02  3.09655e+05  0.00000e+00 -1.66280e+04 -1.66280e+04  0.00000e+00
1.214592276e+00  1.2452249e-10  5.70445e+02  3.09655e+05  0.00000e+00 -1.66280e+04 -1.66280e+04  0.00000e+00
1.215042125e+00  2.3319666e-10  5.70928e+02  3.09655e+05  0.00000e+00 -1.66280e+04 -1.66280e+04  0.00000e+00
1.215492141e+00 -1.8338766e-10  5.69219e+02  3.09655e+05  0.00000e+00 -1.66280e+04 -1.66280e+04  0.00000e+00
1.215942323e+00  2.9658992e-10  5.79275e+02  3.09655e+05  0.00000e+00 -1.66280e+04 -1.66280e+04  0.00000e+00
1.216392672e+00 -1.8338766e-10  5.75446e+02  3.09655e+05  0.00000e+00 -1.66280e+04 -1.66280e+04  0.00000e+00
1.216843188e+00  2.5810115e-10  5.74670e+02  3.09655e+05  0.00000e+00 -1.66280e+04 -1.66280e+04  0.00000e+00
1.217293870e+00  1.2678653e-10  5.75143e+02  3.09655e+05  0.00000e+00 -1.66280e+04 -1.66280e+04  0.00000e+00
1.217744720e+00 -1.9697193e-10  5.74906e+02  3.09655e+05  0.00000e+00 -1.66280e+04 -1.66280e+04  0.00000e+00
1.218195736e+00 -1.1320226e-10  5.70561e+02  3.09655e+05  0.00000e+00 -1.66280e+04 -1.66280e+04  0.00000e+00
1.218646920e+00 -4.5280904e-12  5.67300e+02  3.09655e+05  0.00000e+00 -1.66280e+04 -1.66280e+04  0.00000e+00
1.219098271e+00 -1.7659553e-10  5.71375e+02  3.09655e+05  0.00000e+00 -1.66280e+04 -1.66280e+04  0.00000e+00
1.219549789e+00 -5.6601130e-11  5.70091e+02  3.09655e+05  0.00000e+00 -1.66280e+04 -1.66280e+04  0.00000e+00
1.220001474e+00  1.2225844e-10  5.65662e+02  3.09655e+05  0.00000e+00 -1.66280e+04 -1.66280e+04  0.00000e+00
1.220453326e+00 -4.5280904e-11  5.70853e+02  3.09655e+05  0.00000e+00 -1.66280e+04 -1.66280e+04  0.00000e+00
1.220905346e+00 -6.7921356e-12  5.71614e+02  3.09655e+05  0.00000e+00 -1.66280e+04 -1.66280e+04  0.00000e+00
1.221357533e+00 -2.3772475e-10  5.73689e+02  3.09655e+05  0.00000e+00 -1.66280e+04 -1.66280e+04  0.00000e+00
1.221809888e+00 -1.1546631e-10  5.75507e+02  3.09655e+05  0.00000e+00 -1.66280e+04 -1.66280e+04  0.00000e+00
1.222262410e+00  1.4037080e-10  5.73745e+02  3.09655e+05  0.00000e+00 -1.66280e+04 -1.66280e+04  0.00000e+00
1.222715100e+00  2.5130902e-10  5.70191e+02  3.09655e+05  0.00000e+00 -1.66280e+04 -1.66280e+04  0.00000e+00
1.223167957e+00 -9.7353944e-11  5.69354e+02  3.09655e+05  0.00000e+00 -1.66280e+04 -1.66280e+04  0.00000e+00
1.223620982e+00  5.8865175e-11  5.69114e+02  3.09655e+05  0.00000e+00 -1.66280e+04 -1.66280e+04  0.00000e+00
1.224074175e+00  1.2225844e-10  5.73399e+02  3.09655e+05  0.00000e+00 -1.66280e+04 -1.66280e+04  0.00000e+00
1.224527536e+00 -2.1055620e-10  5.64555e+02  3.09655e+05  0.00000e+00 -1.66280e+04 -1.66280e+04  0.00000e+00
1.224981065e+00 -1.5169103e-10  5.68667e+02  3.09655e+05  0.00000e+00 -1.66280e+04 -1.66280e+04  0.00000e+00
1.225434761e+00  6.1129220e-11  5.75591e+02  3.09655e+05  0.00000e+00 -1.66280e+04 -1.66280e+04  0.00000e+00
1.225888626e+00  9.5089898e-11  5.67819e+02  3.09655e+05  0.00000e+00 -1.66280e+04 -1.66280e+04  0.00000e+00
1.226342659e+00 -1.3584271e-10  5.67237e+02  3.09655e+05  0.00000e+00 -1.66280e+04 -1.66280e+04  0.00000e+00
1.226796860e+00  1.9697193e-10  5.74242e+02  3.09655e+05  0.00000e+00 -1.66280e+04 -1.66280e+04  0.00000e+00
1.227251229e+00 -3.6224723e-11  5.71653e+02  3.09655e+05  0.00000e+00 -1.66280e+04 -1.66280e+04  0.00000e+00
1.227705767e+00  2.6942138e-10  5.72313e+02  3.09655e+05  0.00000e+00 -1.66280e+04 -1.66280e+04  0.00000e+00
1.228160472e+00  3.1696633e-11  5.65491e+02  3.09655e+05  0.00000e+00 -1.66280e+04 -1.66280e+04  0.00000e+00
1.228615347e+00  2.3772475e-10  5.66811e+02  3.09655e+05  0.00000e+00 -1.66280e+04 -1.66280e+04  0.00000e+00
1.229070389e+00 -1.6074721e-10  5.68097e+02  3.09655e+05  0.00000e+00 -1.66280e+04 -1.66280e+04  0.00000e+00
1.229525601e+00  6.5657311e-11  5.72374e+02  3.09655e+05  0.00000e+00 -1.66280e+04 -1.66280e+04  0.00000e+00
1.229980981e+00 -2.9432588e-10  5.71099e+02  3.09655e+05  0.00000e+00 -1.66280e+04 -1.66280e+04  0.00000e+00
1.230436529e+00 -1.2452249e-10  5.68936e+02  3.09655e+05  0.00000e+00 -1.66280e+04 -1.66280e+04  0.00000e+00
1.230892246e+00 -8.1505627e-11  5.65133e+02  3.09655e+05  0.00000e+00 -1.66280e+04 -1.66280e+04  0.00000e+00
1.231348132e+00  1.5848316e-11  5.70642e+02  3.09655e+05  0.00000e+00 -1.66280e+04 -1.66280e+04  0.00000e+00
1.231804187e+00 -2.2640452e-11  5.73827e+02  3.09655e+05  0.00000e+00 -1.66280e+04 -1.66280e+04  0.00000e+00
1.232260411e+00  6.1129220e-11  5.75006e+02  3.09655e+05  0.00000e+00 -1.66280e+04 -1.66280e+04  0.00000e+00
1.232716804e+00 -6.5657311e-11  5.69143e+02  3.09655e+05  0.00000e+00 -1.66280e+04 -1.66280e+04  0.00000e+00
1.233173365e+00 -2.2640452e-10  5.64319e+02  3.09655e+05  0.00000e+00 -1.66280e+04 -1.66280e+04  0.00000e+00
1.233630096e+00 -8.6033718e-11  5.72651e+02  3.09655e+05  0.00000e+00 -1.66280e+04 -1.66280e+04  0.00000e+00
1.234086996e+00  1.6074721e-10  5.69064e+02  3.09655e+05  0.00000e+00 -1.66280e+04 -1.66280e+04  0.00000e+00
1.234544066e+00  2.7621351e-10  5.73230e+02  3.09655e+05  0.00000e+00 -1.66280e+04 -1.66280e+04  0.00000e+00
1.235001304e+00 -2.6942138e-10  5.65907e+02  3.09655e+05  0.00000e+00 -1.66280e+04 -1.66280e+04  0.00000e+00
1.235458712e+00 -2.0150002e-10  5.69288e+02  3.09655e+05  0.00000e+00 -1.66280e+04 -1.66280e+04  0.00000e+00
1.235916289e+00  2.7847756e-10  5.69731e+02  3.09655e+05  0.00000e+00 -1.66280e+04 -1.66280e+04  0.00000e+00
1.236374036e+00  1.5848316e-10  5.66875e+02  3.09655e+05  0.00000e+00 -1.66280e+04 -1.66280e+04  0.00000e+00
1.236831952e+00 -2.6942138e-10  5.67689e+02  3.09655e+05  0.00000e+00 -1.66280e+04 -1.66280e+04  0.00000e+00
1.237290038e+00  3.1696633e-11  5.64924e+02  3.09655e+05  0.00000e+00 -1.66280e+04 -1.66280e+04  0.00000e+00
1.237748294e+00 -8.3769672e-11  5.66364e+02  3.09655e+05  0.00000e+00 -1.66280e+04 -1.66280e+04  0.00000e+00
1.238206719e+00  2.2640452e-12  5.68629e+02  3.09655e+05  0.00000e+00 -1.66280e+04 -1.66280e+04  0.00000e+00
1.238665314e+00  4.7544949e-11  5.65081e+02  3.09655e+05  0.00000e+00 -1.66280e+04 -1.66280e+04  0.00000e+00
1.239124079e+00 -2.5810115e-10  5.65721e+02  3.09655e+05  0.00000e+00 -1.66280e+04 -1.66280e+04  0.00000e+00
1.239583014e+00 -1.9017980e-10  5.67067e+02  3.09655e+05  0.00000e+00 -1.66280e+04 -1.66280e+04  0.00000e+00
1.240042119e+00 -2.7621351e-10  5.68548e+02  3.09655e+05  0.00000e+00 -1.66280e+04 -1.66280e+04  0.00000e+00
1.240501394e+00  1.0414608e-10  5.61959e+02  3.09655e+05  0.00000e+00 -1.66280e+04 -1.66280e+04  0.00000e+00
1.240960839e+00  2.8753374e-10  5.65542e+02  3.09655e+05  0.00000e+00 -1.66280e+04 -1.66280e+04  0.00000e+00
1.241420454e+00  1.4942698e-10  5.68931e+02  3.09655e+05  0.00000e+00 -1.66280e+04 -1.66280e+04  0.00000e+00
1.241880239e+00 -5.6601130e-11  5.66983e+02  3.09655e+05  0.00000e+00 -1.66280e+04 -1.66280e+04  0.00000e+00
1.242340195e+00  1.9244384e-10  5.64972e+02  3.09655e+05  0.00000e+00 -1.66280e+04 -1.66280e+04  0.00000e+00
1.242800321e+00 -1.3131462e-10  5.66514e+02  3.09655e+05  0.00000e+00 -1.66280e+04 -1.66280e+04  0.00000e+00
1.243260617e+00  1.9470789e-10  5.68769e+02  3.09655e+05  0.00000e+00 -1.66280e+04 -1.66280e+04  0.00000e+00
1.243721084e+00 -1.2905058e-10  5.94124e+02  3.09655e+05  0.00000e+00 -1.66280e+04 -1.66280e+04  0.00000e+00
1.244181722e+00 -2.7168542e-11  5.65127e+02  3.09655e+05  0.00000e+00 -1.66280e+04 -1.66280e+04  0.00000e+00
1.244642530e+00  1.5395507e-10  5.68456e+02  3.09655e+05  0.00000e+00 -1.66280e+04 -1.66280e+04  0.00000e+00
1.245103508e+00  6.3393266e-11  5.63663e+02  3.09655e+05  0.00000e+00 -1.66280e+04 -1.66280e+04  0.00000e+00
1.245564658e+00 -4.0752814e-11  5.65834e+02  3.09655e+05  0.00000e+00 -1.66280e+04 -1.66280e+04  0.00000e+00
1.246025978e+00  1.5169103e-10  5.67910e+02  3.09655e+05  0.00000e+00 -1.66280e+04 -1.66280e+04  0.00000e+00
1.246487469e+00  2.1508429e-10  5.61686e+02  3.09655e+05  0.00000e+00 -1.66280e+04 -1.66280e+04  0.00000e+00
1.246949131e+00 -1.3131462e-10  5.65304e+02  3.09655e+05 -2.26405e-12 -1.66280e+04 -1.66280e+04  0.00000e+00
1.247410964e+00  1.4716294e-10  5.66750e+02  3.09655e+05 -2.26405e-12 -1.66280e+04 -1.66280e+04  0.00000e+00
1.247872968e+00  1.4037080e-10  5.65927e+02  3.09655e+05 -2.26405e-12 -1.66280e+04 -1.66280e+04  0.00000e+00
1.248335143e+00 -2.6942138e-10  5.66311e+02  3.09655e+05 -2.26405e-12 -1.66280e+04 -1.66280e+04  0.00000e+00
1.248797490e+00 -1.0188203e-10  5.67245e+02  3.09655e+05 -2.26405e-12 -1.66280e+04 -1.66280e+04  0.00000e+00
1.249260007e+00  2.0376407e-11  5.60280e+02  3.09655e+05 -2.26405e-12 -1.66280e+04 -1.66280e+04  0.00000e+00
1.249722696e+00 -4.9808994e-11  5.62204e+02  3.09655e+05 -2.26405e-12 -1.66280e+04 -1.66280e+04  0.00000e+00
1.250185557e+00  1.0641012e-10  5.62037e+02  3.09655e+05 -2.26405e-12 -1.66280e+04 -1.66280e+04  0.00000e+00
1.250648588e+00  2.1055620e-10  5.60198e+02  3.09655e+05 -2.26405e-12 -1.66280e+04 -1.66280e+04  0.00000e+00
1.251111791e+00 -1.8112362e-11  5.61199e+02  3.09655e+05 -2.26405e-12 -1.66280e+04 -1.66280e+04  0.00000e+00
1.251575166e+00  2.1961238e-10  5.64194e+02  3.09655e+05 -2.26405e-12 -1.66280e+04 -1.66280e+04  0.00000e+00
1.252038712e+00  1.6074721e-10  5.62486e+02  3.09655e+05 -2.26405e-12 -1.66280e+04 -1.66280e+04  0.00000e+00
1.252502431e+00  5.4337085e-11  5.92711e+02  3.09655e+05 -2.26405e-12 -1.66280e+04 -1.66280e+04  0.00000e+00
1.252966320e+00  2.4225284e-10  5.66591e+02  3.09655e+05 -2.26405e-12 -1.66280e+04 -1.66280e+04  0.00000e+00
1.253430382e+00 -2.9885397e-10  5.65771e+02  3.09655e+05 -2.26405e-12 -1.66280e+04 -1.66280e+04  0.00000e+00
1.253894615e+00 -2.2414047e-10  5.63971e+02  3.09655e+05 -2.26405e-12 -1.66280e+04 -1.66280e+04  0.00000e+00
1.254359021e+00 -8.1505627e-11  5.57667e+02  3.09655e+05 -2.26405e-12 -1.66280e+04 -1.66280e+04  0.00000e+00
1.254823598e+00 -2.1055620e-10  5.61216e+02  3.09655e+05 -2.26405e-12 -1.66280e+04 -1.66280e+04  0.00000e+00
1.255288348e+00  1.2452249e-10  5.64502e+02  3.09655e+05 -2.26405e-12 -1.66280e+04 -1.66280e+04  0.00000e+00
1.255753269e+00  1.3810676e-10  5.60965e+02  3.09655e+05 -2.26405e-12 -1.66280e+04 -1.66280e+04  0.00000e+00
1.256218363e+00 -2.6942138e-10  5.62841e+02  3.09655e+05 -2.26405e-12 -1.66280e+04 -1.66280e+04  0.00000e+00
1.256683629e+00  1.9244384e-10  5.65255e+02  3.09655e+05 -2.26405e-12 -1.66280e+04 -1.66280e+04  0.00000e+00
1.257149068e+00  2.1734834e-10  5.62657e+02  3.09655e+05 -2.26405e-12 -1.66280e+04 -1.66280e+04  0.00000e+00
1.257614678e+00 -7.6977537e-11  5.65741e+02  3.09655e+05 -2.26405e-12 -1.66280e+04 -1.66280e+04  0.00000e+00
1.258080462e+00 -2.2187643e-10  5.64715e+02  3.09655e+05 -2.26405e-12 -1.66280e+04 -1.66280e+04  0.00000e+00
1.258546417e+00 -1.3810676e-10  5.64000e+02  3.09655e+05 -2.26405e-12 -1.66280e+04 -1.66280e+04  0.00000e+00
1.259012546e+00 -1.0414608e-10  5.61731e+02  3.09655e+05 -2.26405e-12 -1.66280e+04 -1.66280e+04  0.00000e+00
1.259478847e+00  2.5130902e-10  5.61751e+02  3.09655e+05 -2.26405e-12 -1.66280e+04 -1.66280e+04  0.00000e+00
1.259945320e+00 -7.2449446e-11  5.62796e+02  3.09655e+05 -2.26405e-12 -1.66280e+04 -1.66280e+04  0.00000e+00
1.260411967e+00  1.0867417e-10  5.65875e+02  3.09655e+05 -2.26405e-12 -1.66280e+04 -1.66280e+04  0.00000e+00
1.260878786e+00 -1.7885957e-10  5.59575e+02  3.09655e+05 -2.26405e-12 -1.66280e+04 -1.66280e+04  0.00000e+00
1.261345778e+00 -2.8526970e-10  5.60715e+02  3.09655e+05  0.00000e+00 -1.66280e+04 -1.66280e+04  0.00000e+00
1.261812943e+00  2.7168542e-11  5.62732e+02  3.09655e+05 -2.26405e-12 -1.66280e+04 -1.66280e+04  0.00000e+00
1.262280281e+00  1.8112362e-10  5.61430e+02  3.09655e+05 -2.26405e-12 -1.66280e+04 -1.66280e+04  0.00000e+00
1.262747792e+00  2.8753374e-10  5.63894e+02  3.09655e+05 -2.26405e-12 -1.66280e+04 -1.66280e+04  0.00000e+00
1.263215477e+00  9.9617989e-11  5.63008e+02  3.09655e+05 -2.26405e-12 -1.66280e+04 -1.66280e+04  0.00000e+00
1.263683334e+00  3.6224723e-11  5.63790e+02  3.09655e+05 -2.26405e-12 -1.66280e+04 -1.66280e+04  0.00000e+00
1.264151365e+00 -1.0414608e-10  5.64676e+02  3.09655e+05 -2.26405e-12 -1.66280e+04 -1.66280e+04  0.00000e+00
1.264619569e+00  1.1320226e-10  5.58127e+02  3.09655e+05 -2.26405e-12 -1.66280e+04 -1.66280e+04  0.00000e+00
1.265087947e+00  3.0791015e-10  5.60854e+02  3.09655e+05 -2.26405e-12 -1.66280e+04 -1.66280e+04  0.00000e+00
1.265556498e+00  2.8753374e-10  5.58929e+02  3.09655e+05 -2.26405e-12 -1.66280e+04 -1.66280e+04  0.00000e+00
1.266025223e+00 -2.1508429e-10  5.62489e+02  3.09655e+05 -2.26405e-12 -1.66280e+04 -1.66280e+04  0.00000e+00
1.266494121e+00  2.1508429e-10  5.61552e+02  3.09655e+05 -2.26405e-12 -1.66280e+04 -1.66280e+04  0.00000e+00
1.266963193e+00 -1.0188203e-10  5.60946e+02  3.09655e+05 -2.26405e-12 -1.66280e+04 -1.66280e+04  0.00000e+00
1.267432439e+00 -1.4037080e-10  5.64187e+02  3.09655e+05 -2.26405e-12 -1.66280e+04 -1.66280e+04  0.00000e+00
1.267901858e+00 -3.3960678e-10  5.60225e+02  3.09655e+05 -2.26405e-12 -1.66280e+04 -1.66280e+04  0.00000e+00
1.268371451e+00  3.6224723e-11  5.90047e+02  3.09655e+05 -2.26405e-12 -1.66280e+04 -1.66280e+04  0.00000e+00
1.268841218e+00 -3.1696633e-10  5.59266e+02  3.09655e+05 -2.26405e-12 -1.66280e+04 -1.66280e+04  0.00000e+00
1.269311160e+00  1.2225844e-10  5.60168e+02  3.09655e+05 -2.26405e-12 -1.66280e+04 -1.66280e+04  0.00000e+00
1.269781275e+00 -2.4904497e-11  5.58524e+02  3.09655e+05 -2.26405e-12 -1.66280e+04 -1.66280e+04  0.00000e+00
1.270251564e+00 -1.4489889e-10  5.61524e+02  3.09655e+05 -2.26405e-12 -1.66280e+04 -1.66280e+04  0.00000e+00
1.270722028e+00  2.7168542e-11  5.58226e+02  3.09655e+05 -2.26405e-12 -1.66280e+04 -1.66280e+04  0.00000e+00
1.271192666e+00  4.9808994e-11  5.60833e+02  3.09655e+05 -2.26405e-12 -1.66280e+04 -1.66280e+04  0.00000e+00
1.271663478e+00  5.4337085e-11  5.57490e+02  3.09655e+05 -2.26405e-12 -1.66280e+04 -1.66280e+04  0.00000e+00
1.272134464e+00  1.1546631e-10  5.57940e+02  3.09655e+05 -2.26405e-12 -1.66280e+04 -1.66280e+04  0.00000e+00
1.272605625e+00  6.7921356e-12  5.54986e+02  3.09655e+05 -2.26405e-12 -1.66280e+04 -1.66280e+04  0.00000e+00
1.273076960e+00  1.6753934e-10  5.61702e+02  3.09655e+05 -2.26405e-12 -1.66280e+04 -1.66280e+04  0.00000e+00
1.273548470e+00  7.0185401e-11  5.60223e+02  3.09655e+05 -2.26405e-12 -1.66280e+04 -1.66280e+04  0.00000e+00
1.274020155e+00  1.2678653e-10  5.60189e+02  3.09655e+05 -2.26405e-12 -1.66280e+04 -1.66280e+04  0.00000e+00
1.274492014e+00 -1.8112362e-10  5.60215e+02  3.09655e+05 -2.26405e-12 -1.66280e+04 -1.66280e+04  0.00000e+00
1.274964048e+00  4.3016859e-11  5.60338e+02  3.09655e+05 -2.26405e-12 -1.66280e+04 -1.66280e+04  0.00000e+00
1.275436257e+00  3.6224723e-11  5.55983e+02  3.09655e+05 -2.26405e-12 -1.66280e+04 -1.66280e+04  0.00000e+00
1.275908641e+00 -1.0414608e-10  5.57599e+02  3.09655e+05 -2.26405e-12 -1.66280e+04 -1.66280e+04  0.00000e+00
1.276381200e+00  1.4716294e-10  5.58825e+02  3.09655e+05 -2.26405e-12 -1.66280e+04 -1.66280e+04  0.00000e+00
1.276853934e+00  1.1546631e-10  5.54804e+02  3.09655e+05 -2.26405e-12 -1.66280e+04 -1.66280e+04  0.00000e+00
1.277326843e+00 -9.7353944e-11  5.57478e+02  3.09655e+05 -2.26405e-12 -1.66280e+04 -1.66280e+04  0.00000e+00
1.277799927e+00  1.2225844e-10  5.58393e+02  3.09655e+05 -2.26405e-12 -1.66280e+04 -1.66280e+04  0.00000e+00
1.278273186e+00 -1.0188203e-10  5.57594e+02  3.09655e+05 -2.26405e-12 -1.66280e+04 -1.66280e+04  0.00000e+00
1.278746620e+00  1.3584271e-11  5.58438e+02  3.09655e+05 -2.26405e-12 -1.66280e+04 -1.66280e+04  0.00000e+00
1.279220230e+00  3.6224723e-11  5.56854e+02  3.09655e+05 -2.26405e-12 -1.66280e+04 -1.66280e+04  0.00000e+00
1.279694015e+00 -1.1320226e-11  5.56487e+02  3.09655e+05 -2.26405e-12 -1.66280e+04 -1.66280e+04  0.00000e+00
1.280167976e+00  2.4904497e-11  5.58692e+02  3.09655e+05 -2.26405e-12 -1.66280e+04 -1.66280e+04  0.00000e+00
1.280642112e+00  1.6753934e-10  5.57267e+02  3.09655e+05 -2.26405e-12 -1.66280e+04 -1.66280e+04  0.00000e+00
1.281116424e+00 -1.5395507e-10  5.56439e+02  3.09655e+05 -2.26405e-12 -1.66280e+04 -1.66280e+04  0.00000e+00
1.281590912e+00 -1.2905058e-10  5.60120e+02  3.09655e+05 -2.26405e-12 -1.66280e+04 -1.66280e+04  0.00000e+00
1.282065575e+00 -1.7885957e-10  5.68383e+02  3.09655e+05 -2.26405e-12 -1.66280e+04 -1.66280e+04  0.00000e+00
1.282540414e+00 -4.7544949e-11  5.66147e+02  3.09655e+05 -2.26405e-12 -1.66280e+04 -1.66280e+04  0.00000e+00
1.283015429e+00  1.7885957e-10  5.69998e+02  3.09655e+05 -2.26405e-12 -1.66280e+04 -1.66280e+04  0.00000e+00
1.283490620e+00  7.9241582e-11  5.73131e+02  3.09655e+05 -2.26405e-12 -1.66280e+04 -1.66280e+04  0.00000e+00
1.283965987e+00 -7.0185401e-11  5.60557e+02  3.09655e+05 -2.26405e-12 -1.66280e+04 -1.66280e+04  0.00000e+00
1.284441530e+00  1.6301125e-10  5.56309e+02  3.09655e+05 -2.26405e-12 -1.66280e+04 -1.66280e+04  0.00000e+00
1.284917249e+00 -8.6033718e-11  5.59137e+02  3.09655e+05 -2.26405e-12 -1.66280e+04 -1.66280e+04  0.00000e+00
1.285393144e+00 -1.1999440e-10  5.62988e+02  3.09655e+05 -2.26405e-12 -1.66280e+04 -1.66280e+04  0.00000e+00
1.285869216e+00 -6.7921356e-11  5.54356e+02  3.09655e+05 -2.26405e-12 -1.66280e+04 -1.66280e+04  0.00000e+00
1.286345464e+00  3.8488768e-11  5.59297e+02  3.09655e+05 -2.26405e-12 -1.66280e+04 -1.66280e+04  0.00000e+00
1.286821888e+00 -6.5657311e-11  5.56928e+02  3.09655e+05 -2.26405e-12 -1.66280e+04 -1.66280e+04  0.00000e+00
1.287298489e+00  1.0641012e-10  5.53720e+02  3.09655e+05 -2.26405e-12 -1.66280e+04 -1.66280e+04  0.00000e+00
1.287775266e+00 -9.9617989e-11  5.54296e+02  3.09655e+05 -2.26405e-12 -1.66280e+04 -1.66280e+04  0.00000e+00
1.288252220e+00  1.1999440e-10  5.60217e+02  3.09655e+05 -2.26405e-12 -1.66280e+04 -1.66280e+04  0.00000e+00
1.288729350e+00  2.4904497e-11  5.55088e+02  3.09655e+05 -2.26405e-12 -1.66280e+04 -1.66280e+04  0.00000e+00
1.289206657e+00 -1.4263485e-10  5.54346e+02  3.09655e+05 -2.26405e-12 -1.66280e+04 -1.66280e+04  0.00000e+00
1.289684141e+00  8.8297763e-11  5.55059e+02  3.09655e+05 -2.26405e-12 -1.66280e+04 -1.66280e+04  0.00000e+00
1.290161802e+00  3.6224723e-11  5.55197e+02  3.09655e+05 -4.52809e-12 -1.66280e+04 -1.66280e+04  0.00000e+00
1.290639640e+00  1.2225844e-10  5.71481e+02  3.09655e+05 -4.52809e-12 -1.66280e+04 -1.66280e+04  0.00000e+00
1.291117655e+00 -1.7885957e-10  5.58238e+02  3.09655e+05 -4.52809e-12 -1.66280e+04 -1.66280e+04  0.00000e+00
1.291595846e+00  1.1093821e-10  5.59870e+02  3.09655e+05 -4.52809e-12 -1.66280e+04 -1.66280e+04  0.00000e+00
1.292074215e+00 -1.6980339e-10  5.55650e+02  3.09655e+05 -4.52809e-12 -1.66280e+04 -1.66280e+04  0.00000e+00
1.292552761e+00  1.6753934e-10  5.59523e+02  3.09655e+05 -4.52809e-12 -1.66280e+04 -1.66280e+04  0.00000e+00
1.293031484e+00 -1.7885957e-10  5.53982e+02  3.09655e+05 -4.52809e-12 -1.66280e+04 -1.66280e+04  0.00000e+00
1.293510385e+00  9.0561808e-12  5.51039e+02  3.09655e+05 -4.52809e-12 -1.66280e+04 -1.66280e+04  0.00000e+00
1.293989463e+00  5.4337085e-11  5.55935e+02  3.09655e+05 -4.52809e-12 -1.66280e+04 -1.66280e+04  0.00000e+00
1.294468718e+00  1.3357867e-10  5.52018e+02  3.09655e+05 -4.52809e-12 -1.66280e+04 -1.66280e+04  0.00000e+00
1.294948151e+00 -9.7353944e-11  5.53785e+02  3.09655e+05 -4.52809e-12 -1.66280e+04 -1.66280e+04  0.00000e+00
1.295427761e+00  9.0561808e-11  5.51245e+02  3.09655e+05 -4.52809e-12 -1.66280e+04 -1.66280e+04  0.00000e+00
1.295907550e+00  4.5280904e-11  5.54693e+02  3.09655e+05 -4.52809e-12 -1.66280e+04 -1.66280e+04  0.00000e+00
1.296387515e+00  1.1320226e-11  5.53180e+02  3.09655e+05 -4.52809e-12 -1.66280e+04 -1.66280e+04  0.00000e+00
1.296867659e+00  6.3393266e-11  5.54997e+02  3.09655e+05 -4.52809e-12 -1.66280e+04 -1.66280e+04  0.00000e+00
1.297347980e+00  2.0376407e-11  5.53701e+02  3.09655e+05 -4.52809e-12 -1.66280e+04 -1.66280e+04  0.00000e+00
1.297828479e+00  1.3584271e-10  5.55467e+02  3.09655e+05 -4.52809e-12 -1.66280e+04 -1.66280e+04  0.00000e+00
1.298309157e+00  2.0376407e-11  5.56711e+02  3.09655e+05 -4.52809e-12 -1.66280e+04 -1.66280e+04  0.00000e+00
1.298790012e+00  1.6980339e-10  5.53091e+02  3.09655e+05 -4.52809e-12 -1.66280e+04 -1.66280e+04  0.00000e+00
1.299271045e+00  7.4713492e-11  5.53911e+02  3.09655e+05 -4.52809e-12 -1.66280e+04 -1.66280e+04 -2.26405e-12
1.299752257e+00 -1.2678653e-10  5.55346e+02  3.09655e+05 -4.52809e-12 -1.66280e+04 -1.66280e+04  0.00000e+00
1.300233646e+00 -1.7659553e-10  5.52362e+02  3.09655e+05 -4.52809e-12 -1.66280e+04 -1.66280e+04  0.00000e+00
1.300715214e+00  1.7433148e-10  5.51790e+02  3.09655e+05 -4.52809e-12 -1.66280e+04 -1.66280e+04  0.00000e+00
1.301196961e+00  8.6033718e-11  5.54809e+02  3.09655e+05 -4.52809e-12 -1.66280e+04 -1.66280e+04  0.00000e+00
1.301678886e+00  1.3584271e-10  5.55807e+02  3.09655e+05 -4.52809e-12 -1.66280e+04 -1.66280e+04  0.00000e+00
1.302160989e+00  0.0000000e+00  5.49637e+02  3.09655e+05 -4.52809e-12 -1.66280e+04 -1.66280e+04  0.00000e+00
1.302643271e+00 -1.3131462e-10  5.51171e+02  3.09655e+05 -4.52809e-12 -1.66280e+04 -1.66280e+04  0.00000e+00
1.303125731e+00 -1.4263485e-10  5.53109e+02  3.09655e+05 -4.52809e-12 -1.66280e+04 -1.66280e+04  0.00000e+00
1.303608370e+00 -1.4037080e-10  5.58509e+02  3.09655e+05 -4.52809e-12 -1.66280e+04 -1.66280e+04  0.00000e+00
1.304091188e+00  7.9241582e-11  5.53696e+02  3.09655e+05 -4.52809e-12 -1.66280e+04 -1.66280e+04 -2.26405e-12
1.304574185e+00 -7.0185401e-11  5.53980e+02  3.09655e+05 -4.52809e-12 -1.66280e+04 -1.66280e+04  0.00000e+00
1.305057361e+00  1.3584271e-11  5.54582e+02  3.09655e+05 -4.52809e-12 -1.66280e+04 -1.66280e+04  0.00000e+00
1.305540715e+00  1.6301125e-10  5.52736e+02  3.09655e+05 -4.52809e-12 -1.66280e+04 -1.66280e+04  0.00000e+00
1.306024249e+00  8.8297763e-11  5.53237e+02  3.09655e+05 -4.52809e-12 -1.66280e+04 -1.66280e+04  0.00000e+00
1.306507962e+00 -5.4337085e-11  5.55673e+02  3.09655e+05 -4.52809e-12 -1.66280e+04 -1.66280e+04  0.00000e+00
1.306991853e+00  1.2452249e-10  5.60726e+02  3.09655e+05 -4.52809e-12 -1.66280e+04 -1.66280e+04 -2.26405e-12
1.307475924e+00 -8.6033718e-11  5.57570e+02  3.09655e+05 -4.52809e-12 -1.66280e+04 -1.66280e+04  0.00000e+00
1.307960175e+00  1.9017980e-10  5.60014e+02  3.09655e+05 -4.52809e-12 -1.66280e+04 -1.66280e+04  0.00000e+00
1.308444604e+00  2.4904497e-11  5.59839e+02  3.09655e+05 -4.52809e-12 -1.66280e+04 -1.66280e+04  0.00000e+00
1.308929214e+00  1.3131462e-10  5.59600e+02  3.09655e+05 -4.52809e-12 -1.66280e+04 -1.66280e+04  0.00000e+00
1.309414002e+00  1.5848316e-11  5.63294e+02  3.09655e+05 -4.52809e-12 -1.66280e+04 -1.66280e+04  0.00000e+00
1.309898970e+00  1.0641012e-10  5.61036e+02  3.09655e+05 -4.52809e-12 -1.66280e+04 -1.66280e+04  0.00000e+00
1.310384118e+00 -1.7885957e-10  5.56760e+02  3.09655e+05 -4.52809e-12 -1.66280e+04 -1.66280e+04  0.00000e+00
1.310869446e+00  1.8565171e-10  5.58435e+02  3.09655e+05 -4.52809e-12 -1.66280e+04 -1.66280e+04  0.00000e+00
1.311354953e+00 -1.2678653e-10  5.57792e+02  3.09655e+05 -6.79214e-12 -1.66280e+04 -1.66280e+04  0.00000e+00
1.311840640e+00  4.5280904e-11  5.59621e+02  3.09655e+05 -4.52809e-12 -1.66280e+04 -1.66280e+04  0.00000e+00
1.312326507e+00 -1.8112362e-10  5.60861e+02  3.09655e+05 -6.79214e-12 -1.66280e+04 -1.66280e+04  0.00000e+00
1.312812554e+00 -9.2825853e-11  6.12031e+02  3.09655e+05 -4.52809e-12 -1.66280e+04 -1.66280e+04  0.00000e+00
1.313298780e+00  8.8297763e-11  5.65869e+02  3.09655e+05 -6.79214e-12 -1.66280e+04 -1.66280e+04  0.00000e+00
1.313785187e+00  6.5657311e-11  5.62283e+02  3.09655e+05 -6.79214e-12 -1.66280e+04 -1.66280e+04  0.00000e+00
1.314271774e+00 -6.7921356e-12  5.64175e+02  3.09655e+05 -4.52809e-12 -1.66280e+04 -1.66280e+04  0.00000e+00
1.314758542e+00 -4.9808994e-11  5.60998e+02  3.09655e+05 -6.79214e-12 -1.66280e+04 -1.66280e+04  0.00000e+00
1.315245489e+00 -9.0561808e-11  5.62272e+02  3.09655e+05 -6.79214e-12 -1.66280e+04 -1.66280e+04  0.00000e+00
1.315732617e+00  1.5395507e-10  5.99683e+02  3.09655e+05 -6.79214e-12 -1.66280e+04 -1.66280e+04  0.00000e+00
1.316219926e+00 -9.2825853e-11  5.61557e+02  3.09655e+05 -4.52809e-12 -1.66280e+04 -1.66280e+04  0.00000e+00
1.316707415e+00  1.7885957e-10  5.57558e+02  3.09655e+05 -6.79214e-12 -1.66280e+04 -1.66280e+04  0.00000e+00
1.317195084e+00 -1.8112362e-10  5.61897e+02  3.09655e+05 -4.52809e-12 -1.66280e+04 -1.66280e+04  0.00000e+00
1.317682934e+00 -6.1129220e-11  5.57388e+02  3.09655e+05 -6.79214e-12 -1.66280e+04 -1.66280e+04  0.00000e+00
1.318170965e+00 -1.2452249e-10  5.68162e+02  3.09655e+05 -6.79214e-12 -1.66280e+04 -1.66280e+04  0.00000e+00
1.318659176e+00 -1.4716294e-10  5.55457e+02  3.09655e+05 -4.52809e-12 -1.66280e+04 -1.66280e+04  0.00000e+00
1.319147568e+00  1.8112362e-11  5.58060e+02  3.09655e+05 -6.79214e-12 -1.66280e+04 -1.66280e+04  0.00000e+00
1.319636142e+00  2.7168542e-11  5.64802e+02  3.09655e+05 -6.79214e-12 -1.66280e+04 -1.66280e+04  0.00000e+00
1.320124896e+00  6.3393266e-11  5.57583e+02  3.09655e+05 -6.79214e-12 -1.66280e+04 -1.66280e+04  0.00000e+00
1.320613831e+00 -2.4904497e-11  5.60500e+02  3.09655e+05 -6.79214e-12 -1.66280e+04 -1.66280e+04 -2.26405e-12
1.321102947e+00 -4.3016859e-11  5.59455e+02  3.09655e+05 -4.52809e-12 -1.66280e+04 -1.66280e+04  0.00000e+00
1.321592245e+00  1.2225844e-10  5.64528e+02  3.09655e+05 -6.79214e-12 -1.66280e+04 -1.66280e+04  0.00000e+00
1.322081723e+00 -2.0829216e-10  5.64978e+02  3.09655e+05 -6.79214e-12 -1.66280e+04 -1.66280e+04  0.00000e+00
1.322571383e+00  1.7885957e-10  5.57660e+02  3.09655e+05 -6.79214e-12 -1.66280e+04 -1.66280e+04  0.00000e+00
1.323061224e+00  1.9244384e-10  5.60637e+02  3.09655e+05 -6.79214e-12 -1.66280e+04 -1.66280e+04  0.00000e+00
1.323551247e+00 -4.5280904e-12  5.64285e+02  3.09655e+05 -4.52809e-12 -1.66280e+04 -1.66280e+04  0.00000e+00
1.324041451e+00  1.6074721e-10  5.63430e+02  3.09655e+05 -6.79214e-12 -1.66280e+04 -1.66280e+04  0.00000e+00
1.324531837e+00  1.5395507e-10  5.52132e+02  3.09655e+05 -4.52809e-12 -1.66280e+04 -1.66280e+04  0.00000e+00
1.325022404e+00  7.0185401e-11  5.72163e+02  3.09655e+05 -6.79214e-12 -1.66280e+04 -1.66280e+04  0.00000e+00
1.325513153e+00  3.8488768e-11  5.88782e+02  3.09655e+05 -6.79214e-12 -1.66280e+04 -1.66280e+04  0.00000e+00
1.326004084e+00  1.3584271e-11  5.59540e+02  3.09655e+05 -6.79214e-12 -1.66280e+04 -1.66280e+04  0.00000e+00
1.326495197e+00  6.7921356e-11  5.61442e+02  3.09655e+05 -6.79214e-12 -1.66280e+04 -1.66280e+04  0.00000e+00
1.326986491e+00  2.9432588e-11  5.82172e+02  3.09655e+05 -6.79214e-12 -1.66280e+04 -1.66280e+04  0.00000e+00
1.327477968e+00  1.1093821e-10  5.69390e+02  3.09655e+05 -6.79214e-12 -1.66280e+04 -1.66280e+04  0.00000e+00
1.327969626e+00 -9.0561808e-11  5.68608e+02  3.09655e+05 -6.79214e-12 -1.66280e+04 -1.66280e+04  0.00000e+00
1.328461467e+00  8.8297763e-11  5.77840e+02  3.09655e+05 -6.79214e-12 -1.66280e+04 -1.66280e+04  0.00000e+00
1.328953490e+00  1.3584271e-10  5.70480e+02  3.09655e+05 -6.79214e-12 -1.66280e+04 -1.66280e+04  0.00000e+00
1.329445695e+00 -1.3131462e-10  5.73063e+02  3.09655e+05 -6.79214e-12 -1.66280e+04 -1.66280e+04  0.00000e+00
1.329938082e+00  1.6527530e-10  5.88598e+02  3.09655e+05 -6.79214e-12 -1.66280e+04 -1.66280e+04  0.00000e+00
1.330430652e+00  2.0376407e-11  5.76668e+02  3.09655e+05 -9.05618e-12 -1.66280e+04 -1.66280e+04  0.00000e+00
1.330923404e+00 -2.2640452e-11  5.72750e+02  3.09655e+05 -6.79214e-12 -1.66280e+04 -1.66280e+04  0.00000e+00
1.331416338e+00  4.5280904e-11  5.96309e+02  3.09655e+05 -9.05618e-12 -1.66280e+04 -1.66280e+04  0.00000e+00
1.331909455e+00  3.1696633e-11  6.26077e+02  3.09655e+05 -9.05618e-12 -1.66280e+04 -1.66280e+04  0.00000e+00
1.332402755e+00  3.1696633e-11  6.70416e+02  3.09655e+05 -1.13202e-11 -1.66280e+04 -1.66280e+04  0.00000e+00
1.332896238e+00 -1.9017980e-10  6.20168e+02  3.09655e+05 -9.05618e-12 -1.66280e+04 -1.66280e+04  0.00000e+00
1.333389903e+00 -6.7921356e-11  6.09177e+02  3.09655e+05 -9.05618e-12 -1.66280e+04 -1.66280e+04  0.00000e+00
1.333883751e+00 -1.5169103e-10  5.81277e+02  3.09655e+05 -6.79214e-12 -1.66280e+04 -1.66280e+04  0.00000e+00
1.334377782e+00  1.9697193e-10  6.57934e+02  3.09655e+05 -1.13202e-11 -1.66280e+04 -1.66280e+04  0.00000e+00
1.334871996e+00 -4.3016859e-11  7.42895e+02  3.09655e+05 -1.58483e-11 -1.66280e+04 -1.66280e+04  0.00000e+00
1.335366393e+00 -2.7168542e-11  7.02841e+02  3.09655e+05 -1.35843e-11 -1.66280e+04 -1.66280e+04  0.00000e+00
1.335860973e+00 -1.1546631e-10  7.12621e+02  3.09655e+05 -1.13202e-11 -1.66280e+04 -1.66280e+04  0.00000e+00
1.336355737e+00 -1.6527530e-10  6.54172e+02  3.09655e+05 -1.13202e-11 -1.66280e+04 -1.66280e+04  0.00000e+00
1.336850683e+00 -1.2225844e-10  6.67857e+02  3.09655e+05 -1.13202e-11 -1.66280e+04 -1.66280e+04  0.00000e+00
1.337345813e+00 -2.0150002e-10  7.43377e+02  3.09655e+05 -1.35843e-11 -1.66280e+04 -1.66280e+04  0.00000e+00
1.337841126e+00  2.1734834e-10  6.65579e+02  3.09655e+05 -1.13202e-11 -1.66280e+04 -1.66280e+04  0.00000e+00
1.338336623e+00 -7.0185401e-11  6.89727e+02  3.09655e+05 -1.13202e-11 -1.66280e+04 -1.66280e+04  0.00000e+00
1.338832303e+00 -7.9241582e-11  6.35078e+02  3.09655e+05 -1.13202e-11 -1.66280e+04 -1.66280e+04  0.00000e+00
1.339328167e+00  2.8526970e-10  6.94407e+02  3.09655e+05 -1.35843e-11 -1.66280e+04 -1.66280e+04  0.00000e+00
1.339824215e+00 -1.9697193e-10  6.35450e+02  3.09655e+05 -1.13202e-11 -1.66280e+04 -1.66280e+04  0.00000e+00
1.340320446e+00  1.9017980e-10  6.85458e+02  3.09655e+05 -1.35843e-11 -1.66280e+04 -1.66280e+04  0.00000e+00
1.340816861e+00  1.9470789e-10  6.72489e+02  3.09655e+05 -1.35843e-11 -1.66280e+04 -1.66280e+04  0.00000e+00
1.341313460e+00  2.7168542e-10  6.35489e+02  3.09655e+05 -1.13202e-11 -1.66280e+04 -1.66280e+04  0.00000e+00
1.341810242e+00 -5.8865175e-11  7.20315e+02  3.09655e+05 -1.58483e-11 -1.66280e+04 -1.66280e+04  0.00000e+00
1.342307209e+00  7.2449446e-11  6.89746e+02  3.09655e+05 -1.58483e-11 -1.66280e+04 -1.66280e+04  0.00000e+00
1.342804360e+00  2.9432588e-10  7.06798e+02  3.09655e+05 -1.58483e-11 -1.66280e+04 -1.66280e+04  0.00000e+00
1.343301695e+00 -1.5848316e-10  7.22394e+02  3.09655e+05 -1.58483e-11 -1.66280e+04 -1.66280e+04  0.00000e+00
1.343799214e+00 -2.3772475e-10  6.54813e+02  3.09655e+05 -1.58483e-11 -1.66280e+04 -1.66280e+04  0.00000e+00
1.344296917e+00 -2.9432588e-10  6.64402e+02  3.09655e+05 -1.35843e-11 -1.66280e+04 -1.66280e+04  0.00000e+00
1.344794805e+00 -2.0376407e-10  7.45435e+02  3.09655e+05 -1.81124e-11 -1.66280e+04 -1.66280e+04  0.00000e+00
1.345292877e+00  2.5130902e-10  6.26059e+02  3.09655e+05 -1.35843e-11 -1.66280e+04 -1.66280e+04  0.00000e+00
1.345791134e+00 -2.4904497e-11  6.60862e+02  3.09655e+05 -1.35843e-11 -1.66280e+04 -1.66280e+04  0.00000e+00
1.346289575e+00  1.1093821e-10  6.36962e+02  3.09655e+05 -1.35843e-11 -1.66280e+04 -1.66280e+04  0.00000e+00
1.346788201e+00 -6.7921356e-12  7.31323e+02  3.09655e+05 -1.81124e-11 -1.66280e+04 -1.66280e+04  0.00000e+00
1.347287011e+00 -1.1320226e-11  6.42909e+02  3.09655e+05 -1.58483e-11 -1.66280e+04 -1.66280e+04  0.00000e+00
1.347786006e+00  8.3769672e-11  6.99298e+02  3.09655e+05 -1.58483e-11 -1.66280e+04 -1.66280e+04  0.00000e+00
1.348285186e+00 -5.4337085e-11  6.84810e+02  3.09655e+05 -1.58483e-11 -1.66280e+04 -1.66280e+04  0.00000e+00
1.348784551e+00 -4.7544949e-11  6.44617e+02  3.09655e+05 -1.58483e-11 -1.66280e+04 -1.66280e+04  0.00000e+00
1.349284101e+00  1.3584271e-10  6.79680e+02  3.09655e+05 -1.58483e-11 -1.66280e+04 -1.66280e+04  0.00000e+00
1.349783836e+00  1.4263485e-10  6.49188e+02  3.09655e+05 -1.58483e-11 -1.66280e+04 -1.66280e+04  0.00000e+00
1.350283756e+00  5.4337085e-11  6.89650e+02  3.09655e+05 -1.58483e-11 -1.66280e+04 -1.66280e+04  0.00000e+00
1.350783861e+00 -1.5395507e-10  7.52795e+02  3.09655e+05 -1.81124e-11 -1.66280e+04 -1.66280e+04  0.00000e+00
1.351284151e+00 -1.8791575e-10  6.43757e+02  3.09655e+05 -1.58483e-11 -1.66280e+04 -1.66280e+04  0.00000e+00
1.351784627e+00 -3.1696633e-11  7.01676e+02  3.09655e+05 -1.81124e-11 -1.66280e+04 -1.66280e+04  0.00000e+00
1.352285288e+00  1.8791575e-10  6.81970e+02  3.09655e+05 -1.81124e-11 -1.66280e+04 -1.66280e+04  0.00000e+00
1.352786134e+00 -9.0561808e-11  7.02017e+02  3.09655e+05 -1.81124e-11 -1.66280e+04 -1.66280e+04  0.00000e+00
1.353287166e+00  1.0641012e-10  6.56170e+02  3.09655e+05 -1.58483e-11 -1.66280e+04 -1.66280e+04  0.00000e+00
1.353788384e+00 -2.0602811e-10  6.85343e+02  3.09655e+05 -1.81124e-11 -1.66280e+04 -1.66280e+04  0.00000e+00
1.354289787e+00 -5.6601130e-11  7.09596e+02  3.09655e+05 -2.26405e-11 -1.66280e+04 -1.66280e+04  0.00000e+00
1.354791376e+00 -1.1773035e-10  7.01441e+02  3.09655e+05 -2.03764e-11 -1.66280e+04 -1.66280e+04  0.00000e+00
1.355293150e+00 -6.5657311e-11  6.88198e+02  3.09655e+05 -2.03764e-11 -1.66280e+04 -1.66280e+04  0.00000e+00
1.355795111e+00 -2.5130902e-10  6.94056e+02  3.09655e+05 -2.03764e-11 -1.66280e+04 -1.66280e+04  0.00000e+00
1.356297257e+00 -1.2678653e-10  6.64168e+02  3.09655e+05 -1.81124e-11 -1.66280e+04 -1.66280e+04  0.00000e+00
1.356799589e+00 -3.1923037e-10  6.61551e+02  3.09655e+05 -1.81124e-11 -1.66280e+04 -1.66280e+04  0.00000e+00
1.357302108e+00  2.4904497e-11  6.83156e+02  3.09655e+05 -2.03764e-11 -1.66280e+04 -1.66280e+04  0.00000e+00
1.357804812e+00  6.3393266e-11  6.97949e+02  3.09655e+05 -2.26405e-11 -1.66280e+04 -1.66280e+04  0.00000e+00
1.358307703e+00  2.6715733e-10  6.81280e+02  3.09655e+05 -2.03764e-11 -1.66280e+04 -1.66280e+04  0.00000e+00
1.358810780e+00  2.2640452e-10  6.82353e+02  3.09655e+05 -2.26405e-11 -1.66280e+04 -1.66280e+04  0.00000e+00
1.359314043e+00 -3.3055060e-10  6.59272e+02  3.09655e+05 -2.03764e-11 -1.66280e+04 -1.66280e+04  0.00000e+00
1.359817493e+00 -6.3393266e-11  7.25155e+02  3.09655e+05 -2.26405e-11 -1.66280e+04 -1.66280e+04  0.00000e+00
1.360321129e+00 -2.3093261e-10  6.57825e+02  3.09655e+05 -1.81124e-11 -1.66280e+04 -1.66280e+04  0.00000e+00
1.360824951e+00 -4.5280904e-11  6.63914e+02  3.09655e+05 -2.26405e-11 -1.66280e+04 -1.66280e+04  0.00000e+00
1.361328961e+00 -1.6301125e-10  6.93136e+02  3.09655e+05 -2.26405e-11 -1.66280e+04 -1.66280e+04  0.00000e+00
1.361833157e+00 -1.9470789e-10  7.20793e+02  3.09655e+05 -2.49045e-11 -1.66280e+04 -1.66280e+04  0.00000e+00
1.362337539e+00  4.0752814e-11  7.46694e+02  3.09655e+05 -2.71685e-11 -1.66280e+04 -1.66280e+04  0.00000e+00
1.362842109e+00 -3.8488768e-11  6.74720e+02  3.09655e+05 -2.26405e-11 -1.66280e+04 -1.66280e+04  0.00000e+00
1.363346865e+00 -1.8338766e-10  6.80098e+02  3.09655e+05 -2.26405e-11 -1.66280e+04 -1.66280e+04  0.00000e+00
1.363851808e+00  3.8488768e-11  6.58154e+02  3.09655e+05 -2.26405e-11 -1.66280e+04 -1.66280e+04  0.00000e+00
1.364356939e+00 -6.5657311e-11  6.73261e+02  3.09655e+05 -2.26405e-11 -1.66280e+04 -1.66280e+04  0.00000e+00
1.364862256e+00 -1.5169103e-10  7.20981e+02  3.09655e+05 -2.71685e-11 -1.66280e+04 -1.66280e+04  0.00000e+00
1.365367761e+00  1.1320226e-11  6.63030e+02  3.09655e+05 -2.26405e-11 -1.66280e+04 -1.66280e+04  0.00000e+00
1.365873452e+00 -3.0564610e-10  6.43789e+02  3.09655e+05 -2.26405e-11 -1.66280e+04 -1.66280e+04  0.00000e+00
1.366379331e+00  9.5089898e-11  6.82802e+02  3.09655e+05 -2.49045e-11 -1.66280e+04 -1.66280e+04  0.00000e+00
1.366885398e+00 -1.3810676e-10  6.86007e+02  3.09655e+05 -2.49045e-11 -1.66280e+04 -1.66280e+04  0.00000e+00
1.367391652e+00 -2.5810115e-10  6.51848e+02  3.09655e+05 -2.26405e-11 -1.66280e+04 -1.66280e+04  0.00000e+00
1.367898093e+00  1.3584271e-11  6.96907e+02  3.09655e+05 -2.49045e-11 -1.66280e+04 -1.66280e+04  0.00000e+00
1.368404722e+00 -3.2602251e-10  6.65863e+02  3.09655e+05 -2.49045e-11 -1.66280e+04 -1.66280e+04  0.00000e+00
1.368911538e+00  7.4713492e-11  6.88091e+02  3.09655e+05 -2.94326e-11 -1.66280e+04 -1.66280e+04  0.00000e+00
1.369418543e+00 -2.0150002e-10  6.74738e+02  3.09655e+05 -2.49045e-11 -1.66280e+04 -1.66280e+04  0.00000e+00
1.369925735e+00  1.2905058e-10  6.74237e+02  3.09655e+05 -2.49045e-11 -1.66280e+04 -1.66280e+04  0.00000e+00
1.370433115e+00 -3.7130341e-10  6.73467e+02  3.09655e+05 -2.71685e-11 -1.66280e+04 -1.66280e+04  0.00000e+00
1.370940682e+00 -2.0150002e-10  6.92568e+02  3.09655e+05 -2.71685e-11 -1.66280e+04 -1.66280e+04  0.00000e+00
1.371448438e+00 -1.0641012e-10  6.91029e+02  3.09655e+05 -2.94326e-11 -1.66280e+04 -1.66280e+04  0.00000e+00
1.371956382e+00 -1.6074721e-10  6.70210e+02  3.09655e+05 -2.94326e-11 -1.66280e+04 -1.66280e+04  0.00000e+00
1.372464514e+00  2.9658992e-10  6.65482e+02  3.09655e+05 -2.71685e-11 -1.66280e+04 -1.66280e+04  0.00000e+00
1.372972834e+00 -2.4678093e-10  6.61483e+02  3.09655e+05 -2.71685e-11 -1.66280e+04 -1.66280e+04  0.00000e+00
1.373481343e+00 -3.5998319e-10  6.70404e+02  3.09655e+05 -2.94326e-11 -1.66280e+04 -1.66280e+04  0.00000e+00
1.373990040e+00 -8.8297763e-11  6.86517e+02  3.09655e+05 -3.16966e-11 -1.66280e+04 -1.66280e+04  0.00000e+00
1.374498925e+00 -1.6753934e-10  6.64999e+02  3.09655e+05 -2.94326e-11 -1.66280e+04 -1.66280e+04  0.00000e+00
1.375007998e+00  2.7621351e-10  6.72640e+02  3.09655e+05 -2.94326e-11 -1.66280e+04 -1.66280e+04  0.00000e+00
1.375517261e+00 -2.9885397e-10  6.58767e+02  3.09655e+05 -2.94326e-11 -1.66280e+04 -1.66280e+04  0.00000e+00
1.376026712e+00 -3.3960678e-11  6.73937e+02  3.09655e+05 -2.94326e-11 -1.66280e+04 -1.66280e+04  0.00000e+00
1.376536351e+00  1.9017980e-10  6.66458e+02  3.09655e+05 -3.16966e-11 -1.66280e+04 -1.66280e+04  0.00000e+00
1.377046179e+00 -8.6033718e-11  6.81193e+02  3.09655e+05 -3.16966e-11 -1.66280e+04 -1.66280e+04  0.00000e+00
1.377556196e+00  2.7168542e-11  6.54761e+02  3.09655e+05 -2.94326e-11 -1.66280e+04 -1.66280e+04  0.00000e+00
1.378066402e+00  1.4263485e-10  6.59829e+02  3.09655e+05 -3.16966e-11 -1.66280e+04 -1.66280e+04  0.00000e+00
1.378576797e+00 -1.5848316e-10  6.69500e+02  3.09655e+05 -3.16966e-11 -1.66280e+04 -1.66280e+04  0.00000e+00
1.379087381e+00 -8.3769672e-11  6.80122e+02  3.09655e+05 -3.16966e-11 -1.66280e+04 -1.66280e+04  0.00000e+00
1.379598154e+00  2.7847756e-10  6.52760e+02  3.09655e+05 -3.16966e-11 -1.66280e+04 -1.66280e+04  0.00000e+00
1.380109117e+00 -2.3772475e-10  6.49937e+02  3.09655e+05 -3.16966e-11 -1.66280e+04 -1.66280e+04  0.00000e+00
1.380620268e+00 -4.3016859e-11  6.75154e+02  3.09655e+05 -3.39607e-11 -1.66280e+04 -1.66280e+04  0.00000e+00
1.381131609e+00  2.2866857e-10  6.69917e+02  3.09655e+05 -3.16966e-11 -1.66280e+04 -1.66280e+04  0.00000e+00
1.381643139e+00  2.6262924e-10  6.44853e+02  3.09655e+05 -3.16966e-11 -1.66280e+04 -1.66280e+04  0.00000e+00
1.382154859e+00  4.5280904e-11  6.51122e+02  3.09655e+05 -3.16966e-11 -1.66280e+04 -1.66280e+04  0.00000e+00
1.382666768e+00  1.4942698e-10  7.08573e+02  3.09655e+05 -4.07528e-11 -1.66280e+04 -1.66280e+04  0.00000e+00
1.383178867e+00  1.0641012e-10  6.71546e+02  3.09655e+05 -3.62247e-11 -1.66280e+04 -1.66280e+04  0.00000e+00
1.383691156e+00 -2.8300565e-10  6.64855e+02  3.09655e+05 -3.39607e-11 -1.66280e+04 -1.66280e+04  0.00000e+00
1.384203634e+00 -1.0414608e-10  6.62704e+02  3.09655e+05 -3.62247e-11 -1.66280e+04 -1.66280e+04  0.00000e+00
1.384716302e+00 -6.5657311e-11  6.65153e+02  3.09655e+05 -3.62247e-11 -1.66280e+04 -1.66280e+04  0.00000e+00
1.385229160e+00  8.8297763e-11  6.75346e+02  3.09655e+05 -3.62247e-11 -1.66280e+04 -1.66280e+04  0.00000e+00
1.385742207e+00  3.1696633e-11  6.64747e+02  3.09655e+05 -3.84888e-11 -1.66280e+04 -1.66280e+04  0.00000e+00
1.386255445e+00 -1.3810676e-10  6.83451e+02  3.09655e+05 -4.07528e-11 -1.66280e+04 -1.66280e+04  0.00000e+00
1.386768873e+00 -1.1320226e-11  6.79003e+02  3.09655e+05 -4.07528e-11 -1.66280e+04 -1.66280e+04  0.00000e+00
1.387282491e+00 -1.9470789e-10  6.55031e+02  3.09655e+05 -3.62247e-11 -1.66280e+04 -1.66280e+04  0.00000e+00
1.387796300e+00 -1.0641012e-10  6.74218e+02  3.09655e+05 -4.07528e-11 -1.66280e+04 -1.66280e+04  0.00000e+00
1.388310298e+00 -1.6074721e-10  7.14812e+02  3.09655e+05 -4.52809e-11 -1.66280e+04 -1.66280e+04  0.00000e+00
1.388824487e+00  9.5089898e-11  6.75517e+02  3.09655e+05 -4.07528e-11 -1.66280e+04 -1.66280e+04  0.00000e+00
1.389338867e+00 -9.9617989e-11  6.80871e+02  3.09655e+05 -4.30169e-11 -1.66280e+04 -1.66280e+04  0.00000e+00
1.389853437e+00 -1.3357867e-10  6.93700e+02  3.09655e+05 -4.30169e-11 -1.66280e+04 -1.66280e+04  0.00000e+00
1.390368197e+00  1.0414608e-10  6.94965e+02  3.09655e+05 -4.30169e-11 -1.66280e+04 -1.66280e+04  0.00000e+00
1.390883148e+00 -2.2187643e-10  7.14310e+02  3.09655e+05 -4.75449e-11 -1.66280e+04 -1.66280e+04  0.00000e+00
1.391398290e+00 -2.3093261e-10  7.03901e+02  3.09655e+05 -4.75449e-11 -1.66280e+04 -1.66280e+04  0.00000e+00
1.391913623e+00  6.1129220e-11  6.93577e+02  3.09655e+05 -4.75449e-11 -1.66280e+04 -1.66280e+04  0.00000e+00
1.392429147e+00  7.0185401e-11  7.05033e+02  3.09655e+05 -4.98090e-11 -1.66280e+04 -1.66280e+04  0.00000e+00
1.392944861e+00 -4.0752814e-11  7.16156e+02  3.09655e+05 -4.98090e-11 -1.66280e+04 -1.66280e+04  0.00000e+00
1.393460767e+00 -1.7206744e-10  7.05845e+02  3.09655e+05 -4.98090e-11 -1.66280e+04 -1.66280e+04  0.00000e+00
1.393976863e+00 -2.3093261e-10  6.98061e+02  3.09655e+05 -4.98090e-11 -1.66280e+04 -1.66280e+04  0.00000e+00
1.394493151e+00 -1.8112362e-11  6.80858e+02  3.09655e+05 -4.75449e-11 -1.66280e+04 -1.66280e+04  0.00000e+00
1.395009630e+00  9.2825853e-11  6.98018e+02  3.09655e+05 -4.98090e-11 -1.66280e+04 -1.66280e+04  0.00000e+00
1.395526300e+00 -1.1320226e-11  7.12202e+02  3.09655e+05 -5.43371e-11 -1.66280e+04 -1.66280e+04  0.00000e+00
1.396043162e+00  1.3584271e-10  6.82192e+02  3.09655e+05 -4.98090e-11 -1.66280e+04 -1.66280e+04  0.00000e+00
1.396560215e+00  4.9808994e-11  7.07514e+02  3.09655e+05 -5.43371e-11 -1.66280e+04 -1.66280e+04  0.00000e+00
1.397077459e+00 -6.7921356e-12  7.06686e+02  3.09655e+05 -5.43371e-11 -1.66280e+04 -1.66280e+04  0.00000e+00
1.397594895e+00  7.4713492e-11  6.91638e+02  3.09655e+05 -5.20730e-11 -1.66280e+04 -1.66280e+04  0.00000e+00
1.398112523e+00  2.2640452e-12  7.25400e+02  3.09655e+05 -5.88652e-11 -1.66280e+04 -1.66280e+04  0.00000e+00
1.398630343e+00 -2.2640452e-10  7.19508e+02  3.09655e+05 -5.88652e-11 -1.66280e+04 -1.66280e+04  0.00000e+00
1.399148354e+00 -1.0414608e-10  6.92298e+02  3.09655e+05 -5.43371e-11 -1.66280e+04 -1.66280e+04  0.00000e+00
1.399666557e+00 -2.2640452e-12  6.96514e+02  3.09655e+05 -5.66011e-11 -1.66280e+04 -1.66280e+04  0.00000e+00
1.400184952e+00 -1.5848316e-11  7.03774e+02  3.09655e+05 -5.88652e-11 -1.66280e+04 -1.66280e+04  0.00000e+00
1.400703539e+00  1.3584271e-10  7.13430e+02  3.09655e+05 -6.11292e-11 -1.66280e+04 -1.66280e+04  0.00000e+00
1.401222318e+00 -1.8112362e-10  6.97891e+02  3.09655e+05 -5.88652e-11 -1.66280e+04 -1.66280e+04  0.00000e+00
1.401741289e+00 -2.3998879e-10  7.02912e+02  3.09655e+05 -6.11292e-11 -1.66280e+04 -1.66280e+04  0.00000e+00
1.402260453e+00  4.9808994e-11  6.75585e+02  3.09655e+05 -5.66011e-11 -1.66280e+04 -1.66280e+04  0.00000e+00
1.402779808e+00 -1.2905058e-10  7.08683e+02  3.09655e+05 -6.33933e-11 -1.66280e+04 -1.66280e+04  0.00000e+00
1.403299356e+00 -4.0752814e-11  6.94916e+02  3.09655e+05 -6.11292e-11 -1.66280e+04 -1.66280e+04  0.00000e+00
1.403819097e+00 -5.4337085e-11  6.74658e+02  3.09655e+05 -5.88652e-11 -1.66280e+04 -1.66280e+04  0.00000e+00
1.404339030e+00  3.1696633e-11  7.10297e+02  3.09655e+05 -6.56573e-11 -1.66280e+04 -1.66280e+04  0.00000e+00
1.404859156e+00 -6.5657311e-11  7.00946e+02  3.09655e+05 -6.56573e-11 -1.66280e+04 -1.66280e+04  0.00000e+00
1.405379474e+00 -1.2678653e-10  7.10227e+02  3.09655e+05 -6.56573e-11 -1.66280e+04 -1.66280e+04  0.00000e+00
1.405899985e+00 -4.5280904e-12  6.74600e+02  3.09655e+05 -6.11292e-11 -1.66280e+04 -1.66280e+04  0.00000e+00
1.406420688e+00 -7.2449446e-11  6.68502e+02  3.09655e+05 -6.11292e-11 -1.66280e+04 -1.66280e+04  0.00000e+00
1.406941585e+00 -2.0829216e-10  7.15215e+02  3.09655e+05 -6.79214e-11 -1.66280e+04 -1.66280e+04  0.00000e+00
1.407462674e+00  9.5089898e-11  7.21248e+02  3.09655e+05 -7.24494e-11 -1.66280e+04 -1.66280e+04  0.00000e+00
1.407983957e+00 -2.2640452e-10  6.90391e+02  3.09655e+05 -6.56573e-11 -1.66280e+04 -1.66280e+04  0.00000e+00
1.408505432e+00  5.4337085e-11  7.23270e+02  3.09655e+05 -7.24494e-11 -1.66280e+04 -1.66280e+04  0.00000e+00
1.409027101e+00 -1.5395507e-10  7.08852e+02  3.09655e+05 -7.24494e-11 -1.66280e+04 -1.66280e+04  0.00000e+00
1.409548963e+00  5.4337085e-11  7.19000e+02  3.09655e+05 -7.69775e-11 -1.66280e+04 -1.66280e+04 -2.26405e-12
1.410071018e+00 -1.9017980e-10  6.84629e+02  3.09655e+05 -7.01854e-11 -1.66280e+04 -1.66280e+04  0.00000e+00
1.410593267e+00 -2.8526970e-10  7.21638e+02  3.09655e+05 -7.69775e-11 -1.66280e+04 -1.66280e+04 -2.26405e-12
1.411115709e+00 -2.2414047e-10  6.97807e+02  3.09655e+05 -7.47135e-11 -1.66280e+04 -1.66280e+04  0.00000e+00
1.411638344e+00 -2.9432588e-11  7.43937e+02  3.09655e+05 -8.37697e-11 -1.66280e+04 -1.66280e+04  0.00000e+00
1.412161173e+00 -1.9244384e-10  7.10399e+02  3.09655e+05 -7.92416e-11 -1.66280e+04 -1.66280e+04  0.00000e+00
1.412684196e+00 -1.9017980e-10  7.59412e+02  3.09655e+05 -9.05618e-11 -1.66280e+04 -1.66280e+04  0.00000e+00
1.413207412e+00 -1.4489889e-10  6.91607e+02  3.09655e+05 -7.69775e-11 -1.66280e+04 -1.66280e+04  0.00000e+00
1.413730822e+00 -1.2225844e-10  6.96712e+02  3.09655e+05 -7.69775e-11 -1.66280e+04 -1.66280e+04  0.00000e+00
1.414254426e+00  1.4037080e-10  7.39589e+02  3.09655e+05 -9.05618e-11 -1.66280e+04 -1.66280e+04 -2.26405e-12
1.414778224e+00  6.3393266e-11  7.34577e+02  3.09655e+05 -8.60337e-11 -1.66280e+04 -1.66280e+04  0.00000e+00
1.415302216e+00 -6.1129220e-11  7.10390e+02  3.09655e+05 -8.37697e-11 -1.66280e+04 -1.66280e+04  0.00000e+00
1.415826402e+00 -7.2449446e-11  6.80269e+02  3.09655e+05 -7.69775e-11 -1.66280e+04 -1.66280e+04  0.00000e+00
1.416350782e+00  1.3131462e-10  7.21072e+02  3.09655e+05 -8.82978e-11 -1.66280e+04 -1.66280e+04  0.00000e+00
1.416875357e+00 -2.3772475e-10  7.25885e+02  3.09655e+05 -9.05618e-11 -1.66280e+04 -1.66280e+04 -2.26405e-12
1.417400125e+00  2.2640452e-11  7.23250e+02  3.09655e+05 -9.05618e-11 -1.66280e+04 -1.66280e+04  0.00000e+00
1.417925088e+00 -3.2602251e-10  7.52841e+02  3.09655e+05 -9.96180e-11 -1.66280e+04 -1.66280e+04  0.00000e+00
1.418450246e+00  6.7921356e-11  7.22798e+02  3.09655e+05 -9.28259e-11 -1.66280e+04 -1.66280e+04  0.00000e+00
1.418975598e+00  8.8297763e-11  7.38746e+02  3.09655e+05 -9.73539e-11 -1.66280e+04 -1.66280e+04  0.00000e+00
1.419501144e+00 -7.4713492e-11  7.43778e+02  3.09655e+05 -1.01882e-10 -1.66280e+04 -1.66280e+04  0.00000e+00
1.420026885e+00 -2.0150002e-10  7.05231e+02  3.09655e+05 -9.05618e-11 -1.66280e+04 -1.66280e+04  0.00000e+00
1.420552821e+00  4.9808994e-11  7.04340e+02  3.09655e+05 -9.28259e-11 -1.66280e+04 -1.66280e+04  0.00000e+00
1.421078952e+00 -1.1999440e-10  6.90833e+02  3.09655e+05 -9.05618e-11 -1.66280e+04 -1.66280e+04  0.00000e+00
1.421605277e+00  1.2452249e-10  7.18507e+02  3.09655e+05 -9.73539e-11 -1.66280e+04 -1.66280e+04  0.00000e+00
1.422131798e+00 -3.1923037e-10  7.18262e+02  3.09655e+05 -1.01882e-10 -1.66280e+04 -1.66280e+04 -2.26405e-12
1.422658513e+00  1.8112362e-11  7.01477e+02  3.09655e+05 -9.73539e-11 -1.66280e+04 -1.66280e+04  0.00000e+00
1.423185424e+00 -2.7621351e-10  7.22907e+02  3.09655e+05 -1.04146e-10 -1.66280e+04 -1.66280e+04  0.00000e+00
1.423712530e+00 -2.7621351e-10  7.40132e+02  3.09655e+05 -1.08674e-10 -1.66280e+04 -1.66280e+04  0.00000e+00
1.424239831e+00 -2.5583711e-10  7.57944e+02  3.09655e+05 -1.15466e-10 -1.66280e+04 -1.66280e+04  0.00000e+00
1.424767327e+00 -1.4037080e-10  6.99211e+02  3.09655e+05 -1.01882e-10 -1.66280e+04 -1.66280e+04 -2.26405e-12
1.425295018e+00 -2.8526970e-10  7.32527e+02  3.09655e+05 -1.10938e-10 -1.66280e+04 -1.66280e+04  0.00000e+00
1.425822905e+00 -1.6527530e-10  7.11906e+02  3.09655e+05 -1.04146e-10 -1.66280e+04 -1.66280e+04  0.00000e+00
1.426350988e+00  3.3960678e-11  7.41672e+02  3.09655e+05 -1.15466e-10 -1.66280e+04 -1.66280e+04  0.00000e+00
1.426879266e+00  1.1093821e-10  7.16112e+02  3.09655e+05 -1.08674e-10 -1.66280e+04 -1.66280e+04  0.00000e+00
1.427407740e+00 -1.5848316e-10  7.22733e+02  3.09655e+05 -1.15466e-10 -1.66280e+04 -1.66280e+04 -2.26405e-12
1.427936410e+00 -7.6977537e-11  6.99378e+02  3.09655e+05 -1.08674e-10 -1.66280e+04 -1.66280e+04  0.00000e+00
1.428465275e+00 -3.1243824e-10  7.51763e+02  3.09655e+05 -1.26787e-10 -1.66280e+04 -1.66280e+04  0.00000e+00
1.428994336e+00 -2.5583711e-10  7.72777e+02  3.09655e+05 -1.33579e-10 -1.66280e+04 -1.66280e+04  0.00000e+00
1.429523593e+00 -6.7921356e-12  7.17761e+02  3.09655e+05 -1.15466e-10 -1.66280e+04 -1.66280e+04  0.00000e+00
1.430053046e+00 -3.3507869e-10  7.03969e+02  3.09655e+05 -1.15466e-10 -1.66280e+04 -1.66280e+04 -2.26405e-12
1.430582696e+00 -1.9923598e-10  6.84258e+02  3.09655e+05 -1.10938e-10 -1.66280e+04 -1.66280e+04  0.00000e+00
1.431112541e+00 -2.3998879e-10  7.13908e+02  3.09655e+05 -1.19994e-10 -1.66280e+04 -1.66280e+04  0.00000e+00
1.431642583e+00  7.9241582e-11  7.08991e+02  3.09655e+05 -1.19994e-10 -1.66280e+04 -1.66280e+04  0.00000e+00
1.432172821e+00 -2.1961238e-10  7.24545e+02  3.09655e+05 -1.26787e-10 -1.66280e+04 -1.66280e+04  0.00000e+00
1.432703255e+00  2.4904497e-11  7.14992e+02  3.09655e+05 -1.22258e-10 -1.66280e+04 -1.66280e+04  0.00000e+00
1.433233886e+00 -1.5169103e-10  7.04109e+02  3.09655e+05 -1.22258e-10 -1.66280e+04 -1.66280e+04  0.00000e+00
1.433764713e+00 -2.3093261e-10  7.28726e+02  3.09655e+05 -1.33579e-10 -1.66280e+04 -1.66280e+04  0.00000e+00
1.434295737e+00 -5.8865175e-11  7.61237e+02  3.09655e+05 -1.44899e-10 -1.66280e+04 -1.66280e+04  0.00000e+00
1.434826958e+00 -2.6715733e-10  7.07834e+02  3.09655e+05 -1.26787e-10 -1.66280e+04 -1.66280e+04  0.00000e+00
1.435358375e+00  7.4713492e-11  7.08228e+02  3.09655e+05 -1.29051e-10 -1.66280e+04 -1.66280e+04  0.00000e+00
1.435889990e+00 -1.3584271e-10  7.13533e+02  3.09655e+05 -1.33579e-10 -1.66280e+04 -1.66280e+04  0.00000e+00
1.436421801e+00 -3.5545510e-10  7.00722e+02  3.09655e+05 -1.31315e-10 -1.66280e+04 -1.66280e+04  0.00000e+00
1.436953809e+00 -3.2602251e-10  7.44520e+02  3.09655e+05 -1.47163e-10 -1.66280e+04 -1.66280e+04  0.00000e+00
1.437486014e+00  2.9432588e-11  6.95804e+02  3.09655e+05 -1.31315e-10 -1.66280e+04 -1.66280e+04  0.00000e+00
1.438018416e+00 -1.0414608e-10  7.18698e+02  3.09655e+05 -1.42635e-10 -1.66280e+04 -1.66280e+04  0.00000e+00
1.438551016e+00 -2.1508429e-10  6.98951e+02  3.09655e+05 -1.35843e-10 -1.66280e+04 -1.66280e+04  0.00000e+00
1.439083812e+00 -4.5280904e-12  6.95873e+02  3.09655e+05 -1.35843e-10 -1.66280e+04 -1.66280e+04  0.00000e+00
1.439616806e+00 -2.7621351e-10  7.44894e+02  3.09655e+05 -1.58483e-10 -1.66280e+04 -1.66280e+04  0.00000e+00
1.440149998e+00  6.7921356e-11  7.03843e+02  3.09655e+05 -1.40371e-10 -1.66280e+04 -1.66280e+04  0.00000e+00
1.440683387e+00 -1.2905058e-10  7.10558e+02  3.09655e+05 -1.47163e-10 -1.66280e+04 -1.66280e+04  0.00000e+00
1.441216973e+00  4.3016859e-11  7.57623e+02  3.09655e+05 -1.67539e-10 -1.66280e+04 -1.66280e+04  0.00000e+00
1.441750757e+00  2.2640452e-12  7.17259e+02  3.09655e+05 -1.53955e-10 -1.66280e+04 -1.66280e+04  0.00000e+00
1.442284739e+00 -2.3998879e-10  7.15679e+02  3.09655e+05 -1.53955e-10 -1.66280e+04 -1.66280e+04  0.00000e+00
1.442818918e+00 -2.8074160e-10  7.17424e+02  3.09655e+05 -1.56219e-10 -1.66280e+04 -1.66280e+04  0.00000e+00
1.443353296e+00 -2.1508429e-10  6.95420e+02  3.09655e+05 -1.49427e-10 -1.66280e+04 -1.66280e+04  0.00000e+00
1.443887871e+00 -2.6262924e-10  6.85521e+02  3.09655e+05 -1.47163e-10 -1.66280e+04 -1.66280e+04  0.00000e+00
1.444422644e+00 -3.6677532e-10  7.17693e+02  3.09655e+05 -1.63011e-10 -1.66280e+04 -1.66280e+04  0.00000e+00
1.444957616e+00 -6.1129220e-11  7.27178e+02  3.09655e+05 -1.67539e-10 -1.66280e+04 -1.66280e+04  0.00000e+00
1.445492785e+00 -3.0111801e-10  7.46233e+02  3.09655e+05 -1.78860e-10 -1.66280e+04 -1.66280e+04  0.00000e+00
1.446028153e+00 -3.3055060e-10  6.99104e+02  3.09655e+05 -1.58483e-10 -1.66280e+04 -1.66280e+04  0.00000e+00
1.446563719e+00 -1.7659553e-10  6.96200e+02  3.09655e+05 -1.60747e-10 -1.66280e+04 -1.66280e+04  0.00000e+00
1.447099483e+00 -2.8074160e-10  7.32744e+02  3.09655e+05 -1.78860e-10 -1.66280e+04 -1.66280e+04  0.00000e+00
1.447635446e+00 -1.4263485e-10  7.18378e+02  3.09655e+05 -1.72067e-10 -1.66280e+04 -1.66280e+04  0.00000e+00
1.448171607e+00 -3.4187083e-10  7.15130e+02  3.09655e+05 -1.74331e-10 -1.66280e+04 -1.66280e+04  0.00000e+00
1.448707967e+00 -3.8488768e-10  6.96560e+02  3.09655e+05 -1.69803e-10 -1.66280e+04 -1.66280e+04  0.00000e+00
1.449244526e+00 -2.7847756e-10  7.05266e+02  3.09655e+05 -1.74331e-10 -1.66280e+04 -1.66280e+04 -2.26405e-12
1.449781283e+00 -3.6451128e-10  7.06014e+02  3.09655e+05 -1.76596e-10 -1.66280e+04 -1.66280e+04  0.00000e+00
1.450318239e+00 -3.7809555e-10  7.23867e+02  3.09655e+05 -1.87916e-10 -1.66280e+04 -1.66280e+04  0.00000e+00
1.450855394e+00 -1.2678653e-10  7.38506e+02  3.09655e+05 -1.96972e-10 -1.66280e+04 -1.66280e+04  0.00000e+00
1.451392748e+00 -1.7885957e-10  7.30177e+02  3.09655e+05 -1.94708e-10 -1.66280e+04 -1.66280e+04  0.00000e+00
1.451930300e+00 -3.7809555e-10  6.85954e+02  3.09655e+05 -1.74331e-10 -1.66280e+04 -1.66280e+04  0.00000e+00
1.452468052e+00 -3.9847196e-10  7.12528e+02  3.09655e+05 -1.90180e-10 -1.66280e+04 -1.66280e+04  0.00000e+00
1.453006004e+00 -8.1505627e-11  6.85673e+02  3.09655e+05 -1.78860e-10 -1.66280e+04 -1.66280e+04  0.00000e+00
1.453544154e+00  4.5280904e-12  7.13908e+02  3.09655e+05 -1.94708e-10 -1.66280e+04 -1.66280e+04  0.00000e+00
1.454082504e+00  2.0376407e-11  7.20332e+02  3.09655e+05 -2.01500e-10 -1.66280e+04 -1.66280e+04  0.00000e+00
1.454621053e+00 -3.8715173e-10  7.20854e+02  3.09655e+05 -2.03764e-10 -1.66280e+04 -1.66280e+04  0.00000e+00
1.455159801e+00 -2.7394947e-10  6.77718e+02  3.09655e+05 -1.83388e-10 -1.66280e+04 -1.66280e+04  0.00000e+00
1.455698749e+00 -1.8338766e-10  7.14577e+02  3.09655e+05 -2.06028e-10 -1.66280e+04 -1.66280e+04  0.00000e+00
1.456237897e+00 -3.8941577e-10  7.23386e+02  3.09655e+05 -2.12820e-10 -1.66280e+04 -1.66280e+04  0.00000e+00
1.456777244e+00 -2.1282025e-10  7.37462e+02  3.09655e+05 -2.24140e-10 -1.66280e+04 -1.66280e+04  0.00000e+00
1.457316791e+00 -4.3016859e-10  7.28047e+02  3.09655e+05 -2.19612e-10 -1.66280e+04 -1.66280e+04  0.00000e+00
1.457856538e+00 -3.8715173e-10  7.07872e+02  3.09655e+05 -2.12820e-10 -1.66280e+04 -1.66280e+04  0.00000e+00
1.458396485e+00 -3.3055060e-10  6.98648e+02  3.09655e+05 -2.08292e-10 -1.66280e+04 -1.66280e+04  0.00000e+00
1.458936632e+00 -3.8715173e-10  6.86048e+02  3.09655e+05 -2.03764e-10 -1.66280e+04 -1.66280e+04  0.00000e+00
1.459476979e+00 -2.6715733e-10  6.99704e+02  3.09655e+05 -2.15084e-10 -1.66280e+04 -1.66280e+04  0.00000e+00
1.460017526e+00 -3.7130341e-10  6.96596e+02  3.09655e+05 -2.15084e-10 -1.66280e+04 -1.66280e+04  0.00000e+00
1.460558273e+00 -1.8112362e-10  7.34096e+02  3.09655e+05 -2.39989e-10 -1.66280e+04 -1.66280e+04  0.00000e+00
1.461099221e+00 -4.5507309e-10  7.08932e+02  3.09655e+05 -2.26405e-10 -1.66280e+04 -1.66280e+04  0.00000e+00
1.461640369e+00 -1.1999440e-10  7.20191e+02  3.09655e+05 -2.37725e-10 -1.66280e+04 -1.66280e+04  0.00000e+00
1.462181717e+00 -5.8865175e-11  7.24815e+02  3.09655e+05 -2.42253e-10 -1.66280e+04 -1.66280e+04  0.00000e+00
1.462723266e+00 -3.1696633e-11  7.30085e+02  3.09655e+05 -2.49045e-10 -1.66280e+04 -1.66280e+04  0.00000e+00
1.463265015e+00 -2.3998879e-10  7.43385e+02  3.09655e+05 -2.60365e-10 -1.66280e+04 -1.66280e+04  0.00000e+00
1.463806965e+00 -4.3016859e-11  7.21370e+02  3.09655e+05 -2.49045e-10 -1.66280e+04 -1.66280e+04  0.00000e+00
1.464349116e+00 -3.6903937e-10  6.97801e+02  3.09655e+05 -2.37725e-10 -1.66280e+04 -1.66280e+04  0.00000e+00
1.464891467e+00 -1.6980339e-10  7.07864e+02  3.09655e+05 -2.44517e-10 -1.66280e+04 -1.66280e+04  0.00000e+00
1.465434020e+00 -4.8903376e-10  7.26460e+02  3.09655e+05 -2.62629e-10 -1.66280e+04 -1.66280e+04  0.00000e+00
1.465976773e+00 -2.7621351e-10  6.90651e+02  3.09655e+05 -2.39989e-10 -1.66280e+04 -1.66280e+04  0.00000e+00
1.466519727e+00 -1.9244384e-10  7.09499e+02  3.09655e+05 -2.55837e-10 -1.66280e+04 -1.66280e+04  0.00000e+00
1.467062883e+00 -5.6601130e-11  6.88127e+02  3.09655e+05 -2.42253e-10 -1.66280e+04 -1.66280e+04  0.00000e+00
1.467606240e+00 -2.6715733e-10  7.27043e+02  3.09655e+05 -2.73949e-10 -1.66280e+04 -1.66280e+04  0.00000e+00
1.468149797e+00 -2.5130902e-10  7.45762e+02  3.09655e+05 -2.89798e-10 -1.66280e+04 -1.66280e+04  0.00000e+00
1.468693557e+00 -5.4337085e-11  7.26266e+02  3.09655e+05 -2.78478e-10 -1.66280e+04 -1.66280e+04  0.00000e+00
1.469237517e+00 -2.3772475e-10  7.58182e+02  3.09655e+05 -3.05646e-10 -1.66280e+04 -1.66280e+04  0.00000e+00
1.469781679e+00 -1.7659553e-10  7.25109e+02  3.09655e+05 -2.85270e-10 -1.66280e+04 -1.66280e+04  0.00000e+00
1.470326043e+00 -3.6903937e-10  7.23936e+02  3.09655e+05 -2.87534e-10 -1.66280e+04 -1.66280e+04  0.00000e+00
1.470870608e+00 -4.5960118e-10  7.11261e+02  3.09655e+05 -2.80742e-10 -1.66280e+04 -1.66280e+04  0.00000e+00
1.471415375e+00 -4.3016859e-11  7.08669e+02  3.09655e+05 -2.80742e-10 -1.66280e+04 -1.66280e+04  0.00000e+00
1.471960344e+00 -1.2452249e-10  7.17617e+02  3.09655e+05 -2.92062e-10 -1.66280e+04 -1.66280e+04  0.00000e+00
1.472505514e+00 -2.5810115e-10  7.06210e+02  3.09655e+05 -2.87534e-10 -1.66280e+04 -1.66280e+04  0.00000e+00
1.473050886e+00 -2.2414047e-10  6.93059e+02  3.09655e+05 -2.80742e-10 -1.66280e+04 -1.66280e+04  0.00000e+00
1.473596461e+00 -2.7621351e-10  7.10548e+02  3.09655e+05 -2.96590e-10 -1.66280e+04 -1.66280e+04  0.00000e+00
1.474142237e+00 -3.9847196e-10  7.29470e+02  3.09655e+05 -3.16966e-10 -1.66280e+04 -1.66280e+04  0.00000e+00
1.474688216e+00 -1.7433148e-10  7.19972e+02  3.09655e+05 -3.10174e-10 -1.66280e+04 -1.66280e+04  0.00000e+00
1.475234397e+00 -3.1923037e-10  7.27614e+02  3.09655e+05 -3.21494e-10 -1.66280e+04 -1.66280e+04  0.00000e+00
1.475780780e+00 -5.1393826e-10  7.15133e+02  3.09655e+05 -3.14702e-10 -1.66280e+04 -1.66280e+04  0.00000e+00
1.476327365e+00 -5.3431467e-10  7.09047e+02  3.09655e+05 -3.12438e-10 -1.66280e+04 -1.66280e+04  0.00000e+00
1.476874153e+00 -1.1546631e-10  7.18067e+02  3.09655e+05 -3.23758e-10 -1.66280e+04 -1.66280e+04  0.00000e+00
1.477421144e+00 -4.0979218e-10  7.07236e+02  3.09655e+05 -3.19230e-10 -1.66280e+04 -1.66280e+04  0.00000e+00
1.477968337e+00 -2.1282025e-10  7.36628e+02  3.09655e+05 -3.48663e-10 -1.66280e+04 -1.66280e+04  0.00000e+00
1.478515732e+00 -4.7997758e-10  7.02466e+02  3.09655e+05 -3.23758e-10 -1.66280e+04 -1.66280e+04  0.00000e+00
1.479063331e+00 -5.0035399e-10  6.86061e+02  3.09655e+05 -3.10174e-10 -1.66280e+04 -1.66280e+04  0.00000e+00
1.479611132e+00 -2.9885397e-10  7.21163e+02  3.09655e+05 -3.44135e-10 -1.66280e+04 -1.66280e+04  0.00000e+00
1.480159136e+00 -2.6489329e-10  7.33047e+02  3.09655e+05 -3.59983e-10 -1.66280e+04 -1.66280e+04  0.00000e+00
1.480707343e+00 -4.6412927e-10  7.24662e+02  3.09655e+05 -3.57719e-10 -1.66280e+04 -1.66280e+04  0.00000e+00
1.481255753e+00 -5.8185962e-10  7.06636e+02  3.09655e+05 -3.44135e-10 -1.66280e+04 -1.66280e+04  0.00000e+00
1.481804367e+00 -2.5810115e-10  7.30016e+02  3.09655e+05 -3.71303e-10 -1.66280e+04 -1.66280e+04  0.00000e+00
1.482353183e+00 -3.6224723e-10  7.31205e+02  3.09655e+05 -3.78096e-10 -1.66280e+04 -1.66280e+04  0.00000e+00
1.482902203e+00 -4.3016859e-10  7.05517e+02  3.09655e+05 -3.55455e-10 -1.66280e+04 -1.66280e+04  0.00000e+00
1.483451426e+00 -4.4375286e-10  7.05369e+02  3.09655e+05 -3.59983e-10 -1.66280e+04 -1.66280e+04  0.00000e+00
1.484000852e+00 -2.1961238e-10  6.84331e+02  3.09655e+05 -3.41871e-10 -1.66280e+04 -1.66280e+04  0.00000e+00
1.484550482e+00 -4.8903376e-10  7.28310e+02  3.09655e+05 -3.91680e-10 -1.66280e+04 -1.66280e+04  0.00000e+00
1.485100316e+00 -5.9091580e-10  7.31807e+02  3.09655e+05 -3.98472e-10 -1.66280e+04 -1.66280e+04  0.00000e+00
1.485650353e+00 -2.7168542e-10  7.07777e+02  3.09655e+05 -3.78096e-10 -1.66280e+04 -1.66280e+04  0.00000e+00
1.486200594e+00 -5.9770793e-10  7.06591e+02  3.09655e+05 -3.80360e-10 -1.66280e+04 -1.66280e+04  0.00000e+00
1.486751038e+00 -4.5507309e-10  6.94202e+02  3.09655e+05 -3.71303e-10 -1.66280e+04 -1.66280e+04  0.00000e+00
1.487301687e+00 -4.2111241e-10  7.04574e+02  3.09655e+05 -3.87152e-10 -1.66280e+04 -1.66280e+04  0.00000e+00
1.487852539e+00 -4.3922477e-10  7.14355e+02  3.09655e+05 -4.03000e-10 -1.66280e+04 -1.66280e+04  0.00000e+00
1.488403596e+00 -3.8035959e-10  7.21247e+02  3.09655e+05 -4.14320e-10 -1.66280e+04 -1.66280e+04  0.00000e+00
1.488954856e+00 -5.8412366e-10  7.31819e+02  3.09655e+05 -4.30169e-10 -1.66280e+04 -1.66280e+04  0.00000e+00
1.489506321e+00 -5.9317984e-10  6.92148e+02  3.09655e+05 -3.91680e-10 -1.66280e+04 -1.66280e+04  0.00000e+00
1.490057990e+00 -2.8526970e-10  7.07683e+02  3.09655e+05 -4.14320e-10 -1.66280e+04 -1.66280e+04  0.00000e+00
1.490609864e+00 -3.5998319e-10  7.22619e+02  3.09655e+05 -4.34697e-10 -1.66280e+04 -1.66280e+04  0.00000e+00
1.491161941e+00 -5.6148321e-10  6.94790e+02  3.09655e+05 -4.09792e-10 -1.66280e+04 -1.66280e+04  0.00000e+00
1.491714223e+00 -6.9279783e-10  7.07736e+02  3.09655e+05 -4.27905e-10 -1.66280e+04 -1.66280e+04  0.00000e+00
1.492266710e+00 -3.9847196e-10  6.98491e+02  3.09655e+05 -4.23376e-10 -1.66280e+04 -1.66280e+04  0.00000e+00
1.492819402e+00 -5.1393826e-10  7.24249e+02  3.09655e+05 -4.57337e-10 -1.66280e+04 -1.66280e+04  0.00000e+00
1.493372298e+00 -5.2525849e-10  6.93075e+02  3.09655e+05 -4.23376e-10 -1.66280e+04 -1.66280e+04  0.00000e+00
1.493925399e+00 -5.9997198e-10  7.10408e+02  3.09655e+05 -4.50545e-10 -1.66280e+04 -1.66280e+04  0.00000e+00
1.494478704e+00 -3.6677532e-10  7.14491e+02  3.09655e+05 -4.59601e-10 -1.66280e+04 -1.66280e+04  0.00000e+00
1.495032215e+00 -1.9017980e-10  7.04949e+02  3.09655e+05 -4.55073e-10 -1.66280e+04 -1.66280e+04  0.00000e+00
1.495585930e+00 -3.1243824e-10  7.09046e+02  3.09655e+05 -4.64129e-10 -1.66280e+04 -1.66280e+04  0.00000e+00
1.496139851e+00 -5.9770793e-10  7.21167e+02  3.09655e+05 -4.84506e-10 -1.66280e+04 -1.66280e+04  0.00000e+00
1.496693977e+00 -6.1355625e-10  7.07087e+02  3.09655e+05 -4.73185e-10 -1.66280e+04 -1.66280e+04  0.00000e+00
1.497248308e+00 -5.4563489e-10  6.97629e+02  3.09655e+05 -4.66393e-10 -1.66280e+04 -1.66280e+04  0.00000e+00
1.497802845e+00 -5.0941017e-10  7.04436e+02  3.09655e+05 -4.79978e-10 -1.66280e+04 -1.66280e+04  0.00000e+00
1.498357586e+00 -6.2714052e-10  6.98364e+02  3.09655e+05 -4.77714e-10 -1.66280e+04 -1.66280e+04  0.00000e+00
1.498912534e+00 -2.9885397e-10  6.87099e+02  3.09655e+05 -4.66393e-10 -1.66280e+04 -1.66280e+04  0.00000e+00
1.499467686e+00 -4.6412927e-10  7.04587e+02  3.09655e+05 -4.95826e-10 -1.66280e+04 -1.66280e+04  0.00000e+00
1.500023045e+00 -6.2487648e-10  7.07173e+02  3.09655e+05 -5.07146e-10 -1.66280e+04 -1.66280e+04  0.00000e+00
1.500578609e+00 -4.9808994e-10  7.11128e+02  3.09655e+05 -5.18466e-10 -1.66280e+04 -1.66280e+04  0.00000e+00
1.501134379e+00 -4.8903376e-10  6.98966e+02  3.09655e+05 -5.07146e-10 -1.66280e+04 -1.66280e+04  0.00000e+00
1.501690354e+00 -6.7468547e-10  7.11468e+02  3.09655e+05 -5.29787e-10 -1.66280e+04 -1.66280e+04  0.00000e+00
1.502246536e+00 -5.6374726e-10  7.25528e+02  3.09655e+05 -5.54691e-10 -1.66280e+04 -1.66280e+04  0.00000e+00
1.502802924e+00 -6.5430906e-10  7.04626e+02  3.09655e+05 -5.32051e-10 -1.66280e+04 -1.66280e+04  0.00000e+00
1.503359517e+00 -7.1317424e-10  6.88274e+02  3.09655e+05 -5.13938e-10 -1.66280e+04 -1.66280e+04  0.00000e+00
1.503916317e+00 -5.6601130e-10  7.11221e+02  3.09655e+05 -5.52427e-10 -1.66280e+04 -1.66280e+04  0.00000e+00
1.504473323e+00 -3.1243824e-10  6.85901e+02  3.09655e+05 -5.20730e-10 -1.66280e+04 -1.66280e+04  0.00000e+00
1.505030536e+00 -4.5280904e-10  6.88953e+02  3.09655e+05 -5.32051e-10 -1.66280e+04 -1.66280e+04  0.00000e+00
1.505587954e+00 -7.5619110e-10  7.04038e+02  3.09655e+05 -5.61483e-10 -1.66280e+04 -1.66280e+04  0.00000e+00
1.506145579e+00 -6.2034839e-10  6.94222e+02  3.09655e+05 -5.50163e-10 -1.66280e+04 -1.66280e+04  0.00000e+00
1.506703411e+00 -5.6601130e-10  7.01498e+02  3.09655e+05 -5.70539e-10 -1.66280e+04 -1.66280e+04  0.00000e+00
1.507261449e+00 -6.9732592e-10  6.79816e+02  3.09655e+05 -5.41107e-10 -1.66280e+04 -1.66280e+04  0.00000e+00
1.507819694e+00 -7.0864615e-10  7.13846e+02  3.09655e+05 -6.02236e-10 -1.66280e+04 -1.66280e+04  0.00000e+00
1.508378146e+00 -3.5092701e-10  6.97828e+02  3.09655e+05 -5.84124e-10 -1.66280e+04 -1.66280e+04  0.00000e+00
1.508936805e+00 -6.4751693e-10  7.04374e+02  3.09655e+05 -5.99972e-10 -1.66280e+04 -1.66280e+04  0.00000e+00
1.509495670e+00 -6.0223602e-10  6.73141e+02  3.09655e+05 -5.56955e-10 -1.66280e+04 -1.66280e+04  0.00000e+00
1.510054743e+00 -3.3734273e-10  7.01627e+02  3.09655e+05 -6.09028e-10 -1.66280e+04 -1.66280e+04  0.00000e+00
1.510614022e+00 -5.3884276e-10  6.92831e+02  3.09655e+05 -5.99972e-10 -1.66280e+04 -1.66280e+04  0.00000e+00
1.511173509e+00 -8.5807313e-10  7.00973e+02  3.09655e+05 -6.20348e-10 -1.66280e+04 -1.66280e+04  0.00000e+00
1.511733203e+00 -3.6677532e-10  7.04872e+02  3.09655e+05 -6.36197e-10 -1.66280e+04 -1.66280e+04  0.00000e+00
1.512293104e+00 -6.7468547e-10  6.69233e+02  3.09655e+05 -5.81860e-10 -1.66280e+04 -1.66280e+04  0.00000e+00
1.512853213e+00 -6.3166861e-10  7.00289e+02  3.09655e+05 -6.40725e-10 -1.66280e+04 -1.66280e+04  0.00000e+00
1.513413529e+00 -4.3922477e-10  7.15971e+02  3.09655e+05 -6.76950e-10 -1.66280e+04 -1.66280e+04  0.00000e+00
1.513974052e+00 -5.0261803e-10  7.07907e+02  3.09655e+05 -6.67893e-10 -1.66280e+04 -1.66280e+04  0.00000e+00
1.514534783e+00 -6.6110120e-10  6.66235e+02  3.09655e+05 -5.99972e-10 -1.66280e+04 -1.66280e+04  0.00000e+00
1.515095722e+00 -5.9544389e-10  6.86042e+02  3.09655e+05 -6.42989e-10 -1.66280e+04 -1.66280e+04  0.00000e+00
1.515656869e+00 -6.0223602e-10  6.85994e+02  3.09655e+05 -6.49781e-10 -1.66280e+04 -1.66280e+04  0.00000e+00
1.516218223e+00 -6.5657311e-10  6.96157e+02  3.09655e+05 -6.76950e-10 -1.66280e+04 -1.66280e+04  0.00000e+00
1.516779785e+00 -9.6901135e-10  6.99646e+02  3.09655e+05 -6.92798e-10 -1.66280e+04 -1.66280e+04  0.00000e+00
1.517341556e+00 -6.9958997e-10  7.17042e+02  3.09655e+05 -7.33551e-10 -1.66280e+04 -1.66280e+04  0.00000e+00
1.517903534e+00 -6.9053379e-10  7.19049e+02  3.09655e+05 -7.44871e-10 -1.66280e+04 -1.66280e+04  0.00000e+00
1.518465720e+00 -6.5883715e-10  6.71651e+02  3.09655e+05 -6.61101e-10 -1.66280e+04 -1.66280e+04  0.00000e+00
1.519028115e+00 -5.6827535e-10  6.97731e+02  3.09655e+05 -7.19966e-10 -1.66280e+04 -1.66280e+04  0.00000e+00
1.519590718e+00 -8.0826414e-10  6.88658e+02  3.09655e+05 -7.08646e-10 -1.66280e+04 -1.66280e+04  0.00000e+00
1.520153530e+00 -5.2525849e-10  7.00922e+02  3.09655e+05 -7.42607e-10 -1.66280e+04 -1.66280e+04  0.00000e+00
1.520716549e+00 -6.3619670e-10  6.88495e+02  3.09655e+05 -7.24494e-10 -1.66280e+04 -1.66280e+04  0.00000e+00
1.521279778e+00 -8.5807313e-10  6.65516e+02  3.09655e+05 -6.86006e-10 -1.66280e+04 -1.66280e+04  0.00000e+00
1.521843215e+00 -8.3316863e-10  6.74499e+02  3.09655e+05 -7.10910e-10 -1.66280e+04 -1.66280e+04  0.00000e+00
1.522406860e+00 -8.5807313e-10  6.80196e+02  3.09655e+05 -7.31287e-10 -1.66280e+04 -1.66280e+04  0.00000e+00
1.522970715e+00 -7.7883155e-10  7.01636e+02  3.09655e+05 -7.85624e-10 -1.66280e+04 -1.66280e+04  0.00000e+00
1.523534778e+00 -8.3996077e-10  6.73456e+02  3.09655e+05 -7.33551e-10 -1.66280e+04 -1.66280e+04  0.00000e+00
1.524099050e+00 -6.1355625e-10  6.72400e+02  3.09655e+05 -7.40343e-10 -1.66280e+04 -1.66280e+04  0.00000e+00
1.524663531e+00 -8.8976976e-10  7.03307e+02  3.09655e+05 -8.15056e-10 -1.66280e+04 -1.66280e+04  0.00000e+00
1.525228221e+00 -1.0233484e-09  6.92880e+02  3.09655e+05 -8.01472e-10 -1.66280e+04 -1.66280e+04  0.00000e+00
1.525793121e+00 -1.0844777e-09  6.99212e+02  3.09655e+05 -8.24112e-10 -1.66280e+04 -1.66280e+04  0.00000e+00
1.526358229e+00 -6.6110120e-10  7.09126e+02  3.09655e+05 -8.55809e-10 -1.66280e+04 -1.66280e+04  0.00000e+00
1.526923547e+00 -8.2184841e-10  6.89678e+02  3.09655e+05 -8.19584e-10 -1.66280e+04 -1.66280e+04  0.00000e+00
1.527489074e+00 -7.0638210e-10  6.83589e+02  3.09655e+05 -8.15056e-10 -1.66280e+04 -1.66280e+04  0.00000e+00
1.528054811e+00 -9.1693831e-10  6.89432e+02  3.09655e+05 -8.37697e-10 -1.66280e+04 -1.66280e+04  0.00000e+00
1.528620757e+00 -8.2184841e-10  6.86937e+02  3.09655e+05 -8.39961e-10 -1.66280e+04 -1.66280e+04  0.00000e+00
1.529186913e+00 -1.0731574e-09  6.81600e+02  3.09655e+05 -8.37697e-10 -1.66280e+04 -1.66280e+04  0.00000e+00
1.529753279e+00 -9.4410685e-10  6.79074e+02  3.09655e+05 -8.42225e-10 -1.66280e+04 -1.66280e+04  0.00000e+00
1.530319854e+00 -7.1770233e-10  6.83968e+02  3.09655e+05 -8.62601e-10 -1.66280e+04 -1.66280e+04  0.00000e+00
1.530886639e+00 -1.0663653e-09  6.68952e+02  3.09655e+05 -8.35433e-10 -1.66280e+04 -1.66280e+04  0.00000e+00
1.531453634e+00 -8.9429785e-10  6.78484e+02  3.09655e+05 -8.67129e-10 -1.66280e+04 -1.66280e+04  0.00000e+00
1.532020839e+00 -1.1705114e-09  7.07263e+02  3.09655e+05 -9.50899e-10 -1.66280e+04 -1.66280e+04  0.00000e+00
1.532588254e+00 -9.0335404e-10  7.13396e+02  3.09655e+05 -9.78068e-10 -1.66280e+04 -1.66280e+04  0.00000e+00
1.533155880e+00 -8.0600009e-10  6.86925e+02  3.09655e+05 -9.19202e-10 -1.66280e+04 -1.66280e+04  0.00000e+00
1.533723715e+00 -6.6789333e-10  6.70087e+02  3.09655e+05 -8.85242e-10 -1.66280e+04 -1.66280e+04  0.00000e+00
1.534291761e+00 -8.6486527e-10  6.77214e+02  3.09655e+05 -9.12410e-10 -1.66280e+04 -1.66280e+04  0.00000e+00
1.534860017e+00 -9.2373044e-10  6.78765e+02  3.09655e+05 -9.25994e-10 -1.66280e+04 -1.66280e+04  0.00000e+00
1.535428484e+00 -8.8071358e-10  6.84602e+02  3.09655e+05 -9.50899e-10 -1.66280e+04 -1.66280e+04  0.00000e+00
1.535997161e+00 -8.4675291e-10  6.85861e+02  3.09655e+05 -9.69011e-10 -1.66280e+04 -1.66280e+04  0.00000e+00
1.536566049e+00 -1.0188203e-09  6.85070e+02  3.09655e+05 -9.75803e-10 -1.66280e+04 -1.66280e+04  0.00000e+00
1.537135147e+00 -1.0731574e-09  6.72569e+02  3.09655e+05 -9.50899e-10 -1.66280e+04 -1.66280e+04  0.00000e+00
1.537704457e+00 -9.4637089e-10  6.87279e+02  3.09655e+05 -1.00297e-09 -1.66280e+04 -1.66280e+04  0.00000e+00
1.538273977e+00 -1.1388147e-09  6.88870e+02  3.09655e+05 -1.01882e-09 -1.66280e+04 -1.66280e+04  0.00000e+00
1.538843708e+00 -8.7392145e-10  6.74758e+02  3.09655e+05 -9.89388e-10 -1.66280e+04 -1.66280e+04  0.00000e+00
1.539413650e+00 -1.3176743e-09  6.87085e+02  3.09655e+05 -1.03693e-09 -1.66280e+04 -1.66280e+04  0.00000e+00
1.539983803e+00 -8.8071358e-10  6.86176e+02  3.09655e+05 -1.04599e-09 -1.66280e+04 -1.66280e+04  0.00000e+00
1.540554168e+00 -1.2452249e-09  6.91386e+02  3.09655e+05 -1.07089e-09 -1.66280e+04 -1.66280e+04  0.00000e+00
1.541124743e+00 -1.3561631e-09  7.04630e+02  3.09655e+05 -1.12297e-09 -1.66280e+04 -1.66280e+04  0.00000e+00
1.541695530e+00 -8.5580909e-10  6.73885e+02  3.09655e+05 -1.04146e-09 -1.66280e+04 -1.66280e+04  0.00000e+00
1.542266529e+00 -9.3505067e-10  6.86756e+02  3.09655e+05 -1.09353e-09 -1.66280e+04 -1.66280e+04  0.00000e+00
1.542837738e+00 -1.0278765e-09  6.94238e+02  3.09655e+05 -1.12749e-09 -1.66280e+04 -1.66280e+04  0.00000e+00
1.543409160e+00 -9.1467426e-10  6.91483e+02  3.09655e+05 -1.13202e-09 -1.66280e+04 -1.66280e+04  0.00000e+00
1.543980793e+00 -8.5128100e-10  6.88307e+02  3.09655e+05 -1.13429e-09 -1.66280e+04 -1.66280e+04  0.00000e+00
1.544552638e+00 -1.1931518e-09  6.85535e+02  3.09655e+05 -1.13881e-09 -1.66280e+04 -1.66280e+04  0.00000e+00
1.545124694e+00 -1.3425788e-09  6.75682e+02  3.09655e+05 -1.11617e-09 -1.66280e+04 -1.66280e+04  0.00000e+00
1.545696962e+00 -8.6260122e-10  6.61035e+02  3.09655e+05 -1.08448e-09 -1.66280e+04 -1.66280e+04  0.00000e+00
1.546269443e+00 -1.0980619e-09  6.73354e+02  3.09655e+05 -1.13429e-09 -1.66280e+04 -1.66280e+04  0.00000e+00
1.546842135e+00 -1.0075001e-09  6.68848e+02  3.09655e+05 -1.13202e-09 -1.66280e+04 -1.66280e+04  0.00000e+00
1.547415040e+00 -9.3505067e-10  6.91379e+02  3.09655e+05 -1.22032e-09 -1.66280e+04 -1.66280e+04  0.00000e+00
1.547988156e+00 -9.5089898e-10  6.89976e+02  3.09655e+05 -1.22938e-09 -1.66280e+04 -1.66280e+04  0.00000e+00
1.548561485e+00 -1.3380507e-09  6.77031e+02  3.09655e+05 -1.19994e-09 -1.66280e+04 -1.66280e+04  0.00000e+00
1.549135027e+00 -1.0346687e-09  6.91846e+02  3.09655e+05 -1.26334e-09 -1.66280e+04 -1.66280e+04  0.00000e+00
1.549708780e+00 -9.7127539e-10  6.65031e+02  3.09655e+05 -1.18183e-09 -1.66280e+04 -1.66280e+04  0.00000e+00
1.550282747e+00 -1.2339046e-09  6.84449e+02  3.09655e+05 -1.26334e-09 -1.66280e+04 -1.66280e+04  0.00000e+00
1.550856925e+00 -1.1795675e-09  6.96987e+02  3.09655e+05 -1.32220e-09 -1.66280e+04 -1.66280e+04  0.00000e+00
1.551431317e+00 -1.2090001e-09  6.72625e+02  3.09655e+05 -1.24749e-09 -1.66280e+04 -1.66280e+04  0.00000e+00
1.552005921e+00 -1.4150283e-09  6.77662e+02  3.09655e+05 -1.28145e-09 -1.66280e+04 -1.66280e+04  0.00000e+00
1.552580738e+00 -1.1931518e-09  6.48371e+02  3.09655e+05 -1.18862e-09 -1.66280e+04 -1.66280e+04  0.00000e+00
1.553155768e+00 -1.5553991e-09  6.82870e+02  3.09655e+05 -1.32899e-09 -1.66280e+04 -1.66280e+04  0.00000e+00
1.553731011e+00 -1.1071181e-09  6.84547e+02  3.09655e+05 -1.34711e-09 -1.66280e+04 -1.66280e+04  0.00000e+00
1.554306467e+00 -1.3289945e-09  6.69324e+02  3.09655e+05 -1.30409e-09 -1.66280e+04 -1.66280e+04  0.00000e+00
1.554882136e+00 -1.2746574e-09  6.80589e+02  3.09655e+05 -1.36296e-09 -1.66280e+04 -1.66280e+04  0.00000e+00
1.555458018e+00 -1.3244664e-09  6.67453e+02  3.09655e+05 -1.32447e-09 -1.66280e+04 -1.66280e+04  0.00000e+00
1.556034114e+00 -1.4648372e-09  6.74219e+02  3.09655e+05 -1.36748e-09 -1.66280e+04 -1.66280e+04  0.00000e+00
1.556610423e+00 -1.2678653e-09  6.79735e+02  3.09655e+05 -1.40371e-09 -1.66280e+04 -1.66280e+04  0.00000e+00
1.557186945e+00 -1.5848316e-09  6.84638e+02  3.09655e+05 -1.43993e-09 -1.66280e+04 -1.66280e+04  0.00000e+00
1.557763681e+00 -1.3833316e-09  6.87214e+02  3.09655e+05 -1.46484e-09 -1.66280e+04 -1.66280e+04  0.00000e+00
1.558340630e+00 -1.6369047e-09  6.80879e+02  3.09655e+05 -1.45578e-09 -1.66280e+04 -1.66280e+04  0.00000e+00
1.558917794e+00 -1.5916238e-09  6.71727e+02  3.09655e+05 -1.43314e-09 -1.66280e+04 -1.66280e+04  0.00000e+00
1.559495170e+00 -1.1727754e-09  6.68517e+02  3.09655e+05 -1.43540e-09 -1.66280e+04 -1.66280e+04  0.00000e+00
1.560072761e+00 -1.7206744e-09  6.74314e+02  3.09655e+05 -1.47389e-09 -1.66280e+04 -1.66280e+04  0.00000e+00
1.560650566e+00 -1.4965339e-09  6.81985e+02  3.09655e+05 -1.52144e-09 -1.66280e+04 -1.66280e+04  0.00000e+00
1.561228585e+00 -1.6369047e-09  6.71899e+02  3.09655e+05 -1.49653e-09 -1.66280e+04 -1.66280e+04  0.00000e+00
1.561806818e+00 -1.4105002e-09  6.63743e+02  3.09655e+05 -1.47616e-09 -1.66280e+04 -1.66280e+04  0.00000e+00
1.562385265e+00 -1.6436968e-09  6.68611e+02  3.09655e+05 -1.51465e-09 -1.66280e+04 -1.66280e+04  0.00000e+00
1.562963926e+00 -1.7093541e-09  6.73643e+02  3.09655e+05 -1.55314e-09 -1.66280e+04 -1.66280e+04  0.00000e+00
1.563542801e+00 -1.4920058e-09  6.57947e+02  3.09655e+05 -1.49880e-09 -1.66280e+04 -1.66280e+04  0.00000e+00
1.564121891e+00 -1.6120002e-09  6.64533e+02  3.09655e+05 -1.54634e-09 -1.66280e+04 -1.66280e+04  0.00000e+00
1.564701196e+00 -1.3425788e-09  6.73190e+02  3.09655e+05 -1.60068e-09 -1.66280e+04 -1.66280e+04  0.00000e+00
1.565280715e+00 -1.7138822e-09  6.79360e+02  3.09655e+05 -1.64822e-09 -1.66280e+04 -1.66280e+04  0.00000e+00
1.565860448e+00 -1.7229384e-09  7.00140e+02  3.09655e+05 -1.76596e-09 -1.66280e+04 -1.66280e+04  0.00000e+00
1.566440396e+00 -1.6708654e-09  6.67643e+02  3.09655e+05 -1.62785e-09 -1.66280e+04 -1.66280e+04  0.00000e+00
1.567020560e+00 -1.5033260e-09  6.55565e+02  3.09655e+05 -1.58710e-09 -1.66280e+04 -1.66280e+04  0.00000e+00
1.567600938e+00 -1.6210564e-09  6.55768e+02  3.09655e+05 -1.60521e-09 -1.66280e+04 -1.66280e+04  0.00000e+00
1.568181531e+00 -1.8067081e-09  6.65430e+02  3.09655e+05 -1.66860e-09 -1.66280e+04 -1.66280e+04  0.00000e+00
1.568762338e+00 -1.8248204e-09  6.55692e+02  3.09655e+05 -1.63917e-09 -1.66280e+04 -1.66280e+04  0.00000e+00
1.569343362e+00 -1.5735114e-09  6.70535e+02  3.09655e+05 -1.73199e-09 -1.66280e+04 -1.66280e+04  0.00000e+00
1.569924600e+00 -1.9538710e-09  6.80016e+02  3.09655e+05 -1.79765e-09 -1.66280e+04 -1.66280e+04  0.00000e+00
1.570506053e+00 -1.8678373e-09  6.58894e+02  3.09655e+05 -1.70935e-09 -1.66280e+04 -1.66280e+04  0.00000e+00
1.571087722e+00 -1.7206744e-09  6.52971e+02  3.09655e+05 -1.69803e-09 -1.66280e+04 -1.66280e+04  0.00000e+00
1.571669607e+00 -1.7342586e-09  6.63251e+02  3.09655e+05 -1.76822e-09 -1.66280e+04 -1.66280e+04  0.00000e+00
1.572251707e+00 -1.8067081e-09  6.74955e+02  3.09655e+05 -1.84972e-09 -1.66280e+04 -1.66280e+04  0.00000e+00
1.572834022e+00 -2.0466969e-09  6.72154e+02  3.09655e+05 -1.85425e-09 -1.66280e+04 -1.66280e+04  0.00000e+00
1.573416553e+00 -1.7795395e-09  6.74694e+02  3.09655e+05 -1.88821e-09 -1.66280e+04 -1.66280e+04  0.00000e+00
1.573999300e+00 -1.7840676e-09  6.66890e+02  3.09655e+05 -1.86331e-09 -1.66280e+04 -1.66280e+04  0.00000e+00
1.574582263e+00 -1.9674553e-09  6.49632e+02  3.09655e+05 -1.79086e-09 -1.66280e+04 -1.66280e+04  0.00000e+00
1.575165441e+00 -1.7614272e-09  6.69033e+02  3.09655e+05 -1.91765e-09 -1.66280e+04 -1.66280e+04  0.00000e+00
1.575748836e+00 -1.6618092e-09  6.57120e+02  3.09655e+05 -1.87010e-09 -1.66280e+04 -1.66280e+04  0.00000e+00
1.576332447e+00 -2.0172643e-09  6.70553e+02  3.09655e+05 -1.96746e-09 -1.66280e+04 -1.66280e+04  0.00000e+00
1.576916273e+00 -2.0399047e-09  6.56365e+02  3.09655e+05 -1.90633e-09 -1.66280e+04 -1.66280e+04  0.00000e+00
1.577500316e+00 -1.6346406e-09  6.54467e+02  3.09655e+05 -1.91765e-09 -1.66280e+04 -1.66280e+04  0.00000e+00
1.578084576e+00 -2.0059440e-09  6.61302e+02  3.09655e+05 -1.97425e-09 -1.66280e+04 -1.66280e+04  0.00000e+00
1.578669052e+00 -1.8202923e-09  6.57466e+02  3.09655e+05 -1.97425e-09 -1.66280e+04 -1.66280e+04  0.00000e+00
1.579253744e+00 -1.8519890e-09  6.56886e+02  3.09655e+05 -1.99236e-09 -1.66280e+04 -1.66280e+04  0.00000e+00
1.579838653e+00 -2.2685733e-09  6.51479e+02  3.09655e+05 -1.98104e-09 -1.66280e+04 -1.66280e+04  0.00000e+00
1.580423778e+00 -2.2889497e-09  6.60772e+02  3.09655e+05 -2.05802e-09 -1.66280e+04 -1.66280e+04  0.00000e+00
1.581009120e+00 -1.9244384e-09  6.58307e+02  3.09655e+05 -2.06481e-09 -1.66280e+04 -1.66280e+04  0.00000e+00
1.581594679e+00 -1.8565171e-09  6.57117e+02  3.09655e+05 -2.08066e-09 -1.66280e+04 -1.66280e+04  0.00000e+00
1.582180455e+00 -2.2187643e-09  6.53727e+02  3.09655e+05 -2.08292e-09 -1.66280e+04 -1.66280e+04  0.00000e+00
1.582766448e+00 -2.1870677e-09  6.50417e+02  3.09655e+05 -2.08292e-09 -1.66280e+04 -1.66280e+04  0.00000e+00
1.583352658e+00 -2.1349946e-09  6.49476e+02  3.09655e+05 -2.10103e-09 -1.66280e+04 -1.66280e+04  0.00000e+00
1.583939084e+00 -1.9810396e-09  6.67584e+02  3.09655e+05 -2.23688e-09 -1.66280e+04 -1.66280e+04  0.00000e+00
1.584525729e+00 -2.2097081e-09  6.57730e+02  3.09655e+05 -2.19612e-09 -1.66280e+04 -1.66280e+04  0.00000e+00
1.585112590e+00 -2.0059440e-09  6.64963e+02  3.09655e+05 -2.26857e-09 -1.66280e+04 -1.66280e+04  0.00000e+00
1.585699669e+00 -2.0534890e-09  6.40938e+02  3.09655e+05 -2.13273e-09 -1.66280e+04 -1.66280e+04  0.00000e+00
1.586286965e+00 -2.3387587e-09  6.51765e+02  3.09655e+05 -2.23008e-09 -1.66280e+04 -1.66280e+04  0.00000e+00
1.586874478e+00 -2.4904497e-09  6.50819e+02  3.09655e+05 -2.24367e-09 -1.66280e+04 -1.66280e+04  0.00000e+00
1.587462210e+00 -2.0580171e-09  6.46363e+02  3.09655e+05 -2.23914e-09 -1.66280e+04 -1.66280e+04  0.00000e+00
1.588050159e+00 -2.5764834e-09  6.53843e+02  3.09655e+05 -2.31612e-09 -1.66280e+04 -1.66280e+04  0.00000e+00
1.588638325e+00 -2.1576351e-09  6.56040e+02  3.09655e+05 -2.35461e-09 -1.66280e+04 -1.66280e+04  0.00000e+00
1.589226710e+00 -2.4610171e-09  6.57216e+02  3.09655e+05 -2.38630e-09 -1.66280e+04 -1.66280e+04  0.00000e+00
1.589815313e+00 -2.3183823e-09  6.62577e+02  3.09655e+05 -2.44970e-09 -1.66280e+04 -1.66280e+04  0.00000e+00
1.590404133e+00 -2.5198823e-09  6.64357e+02  3.09655e+05 -2.48819e-09 -1.66280e+04 -1.66280e+04  0.00000e+00
1.590993172e+00 -2.3727194e-09  6.52899e+02  3.09655e+05 -2.43158e-09 -1.66280e+04 -1.66280e+04  0.00000e+00
1.591582428e+00 -2.2957418e-09  6.63414e+02  3.09655e+05 -2.53573e-09 -1.66280e+04 -1.66280e+04  0.00000e+00
1.592171903e+00 -2.3704553e-09  6.43851e+02  3.09655e+05 -2.41574e-09 -1.66280e+04 -1.66280e+04  0.00000e+00
1.592761597e+00 -2.5651632e-09  6.56834e+02  3.09655e+05 -2.54026e-09 -1.66280e+04 -1.66280e+04  0.00000e+00
1.593351508e+00 -2.8504329e-09  6.56786e+02  3.09655e+05 -2.56516e-09 -1.66280e+04 -1.66280e+04  0.00000e+00
1.593941638e+00 -2.3863036e-09  6.45658e+02  3.09655e+05 -2.50856e-09 -1.66280e+04 -1.66280e+04  0.00000e+00
1.594531987e+00 -2.7530790e-09  6.47012e+02  3.09655e+05 -2.54479e-09 -1.66280e+04 -1.66280e+04  0.00000e+00
1.595122555e+00 -2.4338486e-09  6.46065e+02  3.09655e+05 -2.56290e-09 -1.66280e+04 -1.66280e+04  0.00000e+00
1.595713341e+00 -2.5130902e-09  6.36059e+02  3.09655e+05 -2.51309e-09 -1.66280e+04 -1.66280e+04  0.00000e+00
1.596304346e+00 -2.5764834e-09  6.49446e+02  3.09655e+05 -2.64667e-09 -1.66280e+04 -1.66280e+04  0.00000e+00
1.596895570e+00 -2.4044160e-09  6.45698e+02  3.09655e+05 -2.64214e-09 -1.66280e+04 -1.66280e+04  0.00000e+00
1.597487012e+00 -2.7643992e-09  6.51470e+02  3.09655e+05 -2.71685e-09 -1.66280e+04 -1.66280e+04  0.00000e+00
1.598078674e+00 -2.4293205e-09  6.47031e+02  3.09655e+05 -2.71006e-09 -1.66280e+04 -1.66280e+04  0.00000e+00
1.598670555e+00 -2.6217643e-09  6.44452e+02  3.09655e+05 -2.71685e-09 -1.66280e+04 -1.66280e+04  0.00000e+00
1.599262655e+00 -2.7394947e-09  6.47958e+02  3.09655e+05 -2.77572e-09 -1.66280e+04 -1.66280e+04  0.00000e+00
1.599854975e+00 -3.0791015e-09  6.48307e+02  3.09655e+05 -2.80742e-09 -1.66280e+04 -1.66280e+04  0.00000e+00
1.600447514e+00 -3.0541970e-09  6.49332e+02  3.09655e+05 -2.84590e-09 -1.66280e+04 -1.66280e+04  0.00000e+00
1.601040272e+00 -2.5968598e-09  6.35477e+02  3.09655e+05 -2.75761e-09 -1.66280e+04 -1.66280e+04  0.00000e+00
1.601633250e+00 -2.6330846e-09  6.45549e+02  3.09655e+05 -2.87081e-09 -1.66280e+04 -1.66280e+04  0.00000e+00
1.602226447e+00 -2.8798655e-09  6.48488e+02  3.09655e+05 -2.92967e-09 -1.66280e+04 -1.66280e+04  0.00000e+00
1.602819865e+00 -3.0858936e-09  6.42736e+02  3.09655e+05 -2.90703e-09 -1.66280e+04 -1.66280e+04  0.00000e+00
1.603413502e+00 -2.9862756e-09  6.46275e+02  3.09655e+05 -2.97043e-09 -1.66280e+04 -1.66280e+04  0.00000e+00
1.604007359e+00 -2.9885397e-09  6.42597e+02  3.09655e+05 -2.96816e-09 -1.66280e+04 -1.66280e+04  0.00000e+00
1.604601435e+00 -3.1628711e-09  6.48163e+02  3.09655e+05 -3.04740e-09 -1.66280e+04 -1.66280e+04  0.00000e+00
1.605195732e+00 -3.1107981e-09  6.46519e+02  3.09655e+05 -3.06552e-09 -1.66280e+04 -1.66280e+04  0.00000e+00
1.605790249e+00 -3.2330565e-09  6.48108e+02  3.09655e+05 -3.11306e-09 -1.66280e+04 -1.66280e+04  0.00000e+00
1.606384986e+00 -2.8662812e-09  6.40092e+02  3.09655e+05 -3.07231e-09 -1.66280e+04 -1.66280e+04  0.00000e+00
1.606979944e+00 -2.8889217e-09  6.43937e+02  3.09655e+05 -3.13797e-09 -1.66280e+04 -1.66280e+04  0.00000e+00
1.607575121e+00 -3.4685172e-09  6.50566e+02  3.09655e+05 -3.23532e-09 -1.66280e+04 -1.66280e+04  0.00000e+00
1.608170520e+00 -3.1334386e-09  6.44386e+02  3.09655e+05 -3.21042e-09 -1.66280e+04 -1.66280e+04  0.00000e+00
1.608766138e+00 -2.9568430e-09  6.42311e+02  3.09655e+05 -3.22174e-09 -1.66280e+04 -1.66280e+04  0.00000e+00
1.609361978e+00 -3.1538150e-09  6.40782e+02  3.09655e+05 -3.24211e-09 -1.66280e+04 -1.66280e+04  0.00000e+00
1.609958038e+00 -3.2104161e-09  6.37567e+02  3.09655e+05 -3.24211e-09 -1.66280e+04 -1.66280e+04  0.00000e+00
1.610554318e+00 -3.3145622e-09  6.43825e+02  3.09655e+05 -3.33947e-09 -1.66280e+04 -1.66280e+04  0.00000e+00
1.611150820e+00 -3.3824835e-09  6.45324e+02  3.09655e+05 -3.38928e-09 -1.66280e+04 -1.66280e+04  0.00000e+00
1.611747542e+00 -3.4639892e-09  6.36629e+02  3.09655e+05 -3.33494e-09 -1.66280e+04 -1.66280e+04  0.00000e+00
1.612344486e+00 -3.4232363e-09  6.36903e+02  3.09655e+05 -3.37343e-09 -1.66280e+04 -1.66280e+04  0.00000e+00
1.612941651e+00 -3.2194723e-09  6.43987e+02  3.09655e+05 -3.48210e-09 -1.66280e+04 -1.66280e+04  0.00000e+00
1.613539036e+00 -3.3938038e-09  6.41991e+02  3.09655e+05 -3.49569e-09 -1.66280e+04 -1.66280e+04  0.00000e+00
1.614136643e+00 -3.6858656e-09  6.35353e+02  3.09655e+05 -3.46399e-09 -1.66280e+04 -1.66280e+04  0.00000e+00
1.614734472e+00 -3.5636071e-09  6.35915e+02  3.09655e+05 -3.50474e-09 -1.66280e+04 -1.66280e+04  0.00000e+00
1.615332522e+00 -3.4821015e-09  6.39402e+02  3.09655e+05 -3.57946e-09 -1.66280e+04 -1.66280e+04  0.00000e+00
1.615930793e+00 -3.4617251e-09  6.52020e+02  3.09655e+05 -3.75605e-09 -1.66280e+04 -1.66280e+04  0.00000e+00
1.616529286e+00 -3.5885116e-09  6.41300e+02  3.09655e+05 -3.67681e-09 -1.66280e+04 -1.66280e+04  0.00000e+00
1.617128000e+00 -3.4119161e-09  6.38551e+02  3.09655e+05 -3.68360e-09 -1.66280e+04 -1.66280e+04  0.00000e+00
1.617726937e+00 -3.5953038e-09  6.37764e+02  3.09655e+05 -3.71303e-09 -1.66280e+04 -1.66280e+04  0.00000e+00
1.618326095e+00 -3.6043600e-09  6.27676e+02  3.09655e+05 -3.63606e-09 -1.66280e+04 -1.66280e+04  0.00000e+00
1.618925475e+00 -3.5613431e-09  6.35378e+02  3.09655e+05 -3.76284e-09 -1.66280e+04 -1.66280e+04  0.00000e+00
1.619525077e+00 -3.8149162e-09  6.43001e+02  3.09655e+05 -3.88963e-09 -1.66280e+04 -1.66280e+04  0.00000e+00
1.620124901e+00 -4.2201803e-09  6.46969e+02  3.09655e+05 -3.97793e-09 -1.66280e+04 -1.66280e+04  0.00000e+00
1.620724947e+00 -4.1092420e-09  6.45052e+02  3.09655e+05 -3.99604e-09 -1.66280e+04 -1.66280e+04  0.00000e+00
1.621325216e+00 -4.1703713e-09  6.51231e+02  3.09655e+05 -4.11377e-09 -1.66280e+04 -1.66280e+04  0.00000e+00
1.621925707e+00 -3.9915117e-09  6.30361e+02  3.09655e+05 -3.90095e-09 -1.66280e+04 -1.66280e+04  0.00000e+00
1.622526420e+00 -3.6949218e-09  6.30219e+02  3.09655e+05 -3.93944e-09 -1.66280e+04 -1.66280e+04  0.00000e+00
1.623127356e+00 -3.9349106e-09  6.35489e+02  3.09655e+05 -4.04585e-09 -1.66280e+04 -1.66280e+04  0.00000e+00
1.623728514e+00 -4.3265904e-09  6.40234e+02  3.09655e+05 -4.14547e-09 -1.66280e+04 -1.66280e+04  0.00000e+00
1.624329895e+00 -4.0300005e-09  6.32113e+02  3.09655e+05 -4.08434e-09 -1.66280e+04 -1.66280e+04  0.00000e+00
1.624931498e+00 -4.1862196e-09  6.27440e+02  3.09655e+05 -4.06849e-09 -1.66280e+04 -1.66280e+04  0.00000e+00
1.625533325e+00 -4.6095960e-09  6.44113e+02  3.09655e+05 -4.32659e-09 -1.66280e+04 -1.66280e+04  0.00000e+00
1.626135374e+00 -4.0458488e-09  6.31810e+02  3.09655e+05 -4.21112e-09 -1.66280e+04 -1.66280e+04  0.00000e+00
1.626737647e+00 -4.2541409e-09  6.35409e+02  3.09655e+05 -4.29942e-09 -1.66280e+04 -1.66280e+04  0.00000e+00
1.627340142e+00 -4.2473488e-09  6.24040e+02  3.09655e+05 -4.19528e-09 -1.66280e+04 -1.66280e+04  0.00000e+00
1.627942861e+00 -4.2858376e-09  6.27465e+02  3.09655e+05 -4.28357e-09 -1.66280e+04 -1.66280e+04  0.00000e+00
1.628545802e+00 -4.5348825e-09  6.30236e+02  3.09655e+05 -4.36508e-09 -1.66280e+04 -1.66280e+04  0.00000e+00
1.629148968e+00 -4.5258264e-09  6.27518e+02  3.09655e+05 -4.37187e-09 -1.66280e+04 -1.66280e+04  0.00000e+00
1.629752356e+00 -4.7431747e-09  6.31530e+02  3.09655e+05 -4.47375e-09 -1.66280e+04 -1.66280e+04  0.00000e+00
1.630355968e+00 -4.5733713e-09  6.25550e+02  3.09655e+05 -4.43526e-09 -1.66280e+04 -1.66280e+04  0.00000e+00
1.630959804e+00 -4.4262084e-09  6.41592e+02  3.09655e+05 -4.70921e-09 -1.66280e+04 -1.66280e+04  0.00000e+00
1.631563863e+00 -4.3945117e-09  6.26313e+02  3.09655e+05 -4.53715e-09 -1.66280e+04 -1.66280e+04  0.00000e+00
1.632168146e+00 -4.9152421e-09  6.33558e+02  3.09655e+05 -4.68884e-09 -1.66280e+04 -1.66280e+04  0.00000e+00
1.632772652e+00 -4.4760174e-09  6.24808e+02  3.09655e+05 -4.60960e-09 -1.66280e+04 -1.66280e+04  0.00000e+00
1.633377383e+00 -4.4624331e-09  6.23026e+02  3.09655e+05 -4.63224e-09 -1.66280e+04 -1.66280e+04  0.00000e+00
1.633982338e+00 -4.6299724e-09  6.23429e+02  3.09655e+05 -4.68431e-09 -1.66280e+04 -1.66280e+04  0.00000e+00
1.634587516e+00 -4.9356185e-09  6.26903e+02  3.09655e+05 -4.78393e-09 -1.66280e+04 -1.66280e+04  0.00000e+00
1.635192919e+00 -5.0510848e-09  6.25941e+02  3.09655e+05 -4.82015e-09 -1.66280e+04 -1.66280e+04  0.00000e+00
1.635798546e+00 -4.7273264e-09  6.33365e+02  3.09655e+05 -4.98316e-09 -1.66280e+04 -1.66280e+04  0.00000e+00
1.636404397e+00 -5.0442927e-09  6.22810e+02  3.09655e+05 -4.87223e-09 -1.66280e+04 -1.66280e+04  0.00000e+00
1.637010473e+00 -4.9967478e-09  6.29882e+02  3.09655e+05 -5.02844e-09 -1.66280e+04 -1.66280e+04  0.00000e+00
1.637616773e+00 -5.0963657e-09  6.21432e+02  3.09655e+05 -4.94920e-09 -1.66280e+04 -1.66280e+04  0.00000e+00
1.638223298e+00 -5.0080680e-09  6.25069e+02  3.09655e+05 -5.05788e-09 -1.66280e+04 -1.66280e+04  0.00000e+00
1.638830047e+00 -5.2163601e-09  6.18211e+02  3.09655e+05 -5.00128e-09 -1.66280e+04 -1.66280e+04  0.00000e+00
1.639437021e+00 -4.9876916e-09  6.21240e+02  3.09655e+05 -5.10089e-09 -1.66280e+04 -1.66280e+04  0.00000e+00
1.640044220e+00 -5.1507028e-09  6.15624e+02  3.09655e+05 -5.06241e-09 -1.66280e+04 -1.66280e+04  0.00000e+00
1.640651644e+00 -5.3476748e-09  6.20929e+02  3.09655e+05 -5.19825e-09 -1.66280e+04 -1.66280e+04  0.00000e+00
1.641259293e+00 -5.4789894e-09  6.19269e+02  3.09655e+05 -5.22542e-09 -1.66280e+04 -1.66280e+04  0.00000e+00
1.641867167e+00 -5.1688152e-09  6.19462e+02  3.09655e+05 -5.27975e-09 -1.66280e+04 -1.66280e+04  0.00000e+00
1.642475266e+00 -5.1552309e-09  6.21253e+02  3.09655e+05 -5.36579e-09 -1.66280e+04 -1.66280e+04  0.00000e+00
1.643083590e+00 -5.2231523e-09  6.15198e+02  3.09655e+05 -5.31598e-09 -1.66280e+04 -1.66280e+04  0.00000e+00
1.643692139e+00 -5.5537029e-09  6.19376e+02  3.09655e+05 -5.44276e-09 -1.66280e+04 -1.66280e+04  0.00000e+00
1.644300914e+00 -5.2865455e-09  6.16719e+02  3.09655e+05 -5.45182e-09 -1.66280e+04 -1.66280e+04  0.00000e+00
1.644909914e+00 -5.6261523e-09  6.24419e+02  3.09655e+05 -5.64200e-09 -1.66280e+04 -1.66280e+04  0.00000e+00
1.645519140e+00 -5.7755793e-09  6.25986e+02  3.09655e+05 -5.72803e-09 -1.66280e+04 -1.66280e+04  0.00000e+00
1.646128592e+00 -5.5287984e-09  6.20588e+02  3.09655e+05 -5.68955e-09 -1.66280e+04 -1.66280e+04  0.00000e+00
1.646738269e+00 -5.9272703e-09  6.19736e+02  3.09655e+05 -5.73256e-09 -1.66280e+04 -1.66280e+04  0.00000e+00
1.647348172e+00 -5.6533209e-09  6.09419e+02  3.09655e+05 -5.60351e-09 -1.66280e+04 -1.66280e+04  0.00000e+00
1.647958301e+00 -6.0268883e-09  6.16934e+02  3.09655e+05 -5.79822e-09 -1.66280e+04 -1.66280e+04  0.00000e+00
1.648568656e+00 -5.6533209e-09  6.12767e+02  3.09655e+05 -5.78011e-09 -1.66280e+04 -1.66280e+04  0.00000e+00
1.649179237e+00 -5.9317984e-09  6.22534e+02  3.09655e+05 -6.02010e-09 -1.66280e+04 -1.66280e+04  0.00000e+00
1.649790044e+00 -5.7846355e-09  6.13828e+02  3.09655e+05 -5.91821e-09 -1.66280e+04 -1.66280e+04  0.00000e+00
1.650401078e+00 -5.7936917e-09  6.13527e+02  3.09655e+05 -5.97255e-09 -1.66280e+04 -1.66280e+04  0.00000e+00
1.651012337e+00 -6.4185681e-09  6.20324e+02  3.09655e+05 -6.16273e-09 -1.66280e+04 -1.66280e+04  0.00000e+00
1.651623823e+00 -6.0336805e-09  6.13505e+02  3.09655e+05 -6.09481e-09 -1.66280e+04 -1.66280e+04  0.00000e+00
1.652235536e+00 -6.0699052e-09  6.06126e+02  3.09655e+05 -6.01330e-09 -1.66280e+04 -1.66280e+04  0.00000e+00
1.652847475e+00 -6.1129220e-09  6.18447e+02  3.09655e+05 -6.31442e-09 -1.66280e+04 -1.66280e+04  0.00000e+00
1.653459641e+00 -6.5295064e-09  6.16985e+02  3.09655e+05 -6.35065e-09 -1.66280e+04 -1.66280e+04  0.00000e+00
1.654072033e+00 -6.2532928e-09  6.11356e+02  3.09655e+05 -6.29857e-09 -1.66280e+04 -1.66280e+04  0.00000e+00
1.654684652e+00 -6.2283883e-09  6.12390e+02  3.09655e+05 -6.38687e-09 -1.66280e+04 -1.66280e+04  0.00000e+00
1.655297498e+00 -6.3166861e-09  6.08734e+02  3.09655e+05 -6.37555e-09 -1.66280e+04 -1.66280e+04  0.00000e+00
1.655910572e+00 -6.4910176e-09  6.06147e+02  3.09655e+05 -6.38687e-09 -1.66280e+04 -1.66280e+04  0.00000e+00
1.656523872e+00 -6.4683771e-09  6.13768e+02  3.09655e+05 -6.61101e-09 -1.66280e+04 -1.66280e+04  0.00000e+00
1.657137399e+00 -6.4366805e-09  6.04452e+02  3.09655e+05 -6.48196e-09 -1.66280e+04 -1.66280e+04  0.00000e+00
1.657751154e+00 -6.3642311e-09  6.08520e+02  3.09655e+05 -6.63365e-09 -1.66280e+04 -1.66280e+04  0.00000e+00
1.658365136e+00 -6.4570569e-09  6.08008e+02  3.09655e+05 -6.68799e-09 -1.66280e+04 -1.66280e+04  0.00000e+00
1.658979345e+00 -6.8487367e-09  6.13906e+02  3.09655e+05 -6.88496e-09 -1.66280e+04 -1.66280e+04  0.00000e+00
1.659593782e+00 -6.5408266e-09  6.08191e+02  3.09655e+05 -6.82836e-09 -1.66280e+04 -1.66280e+04  0.00000e+00
1.660208446e+00 -6.7672311e-09  6.12311e+02  3.09655e+05 -6.98911e-09 -1.66280e+04 -1.66280e+04  0.00000e+00
1.660823338e+00 -6.9551469e-09  6.08851e+02  3.09655e+05 -6.98232e-09 -1.66280e+04 -1.66280e+04  0.00000e+00
1.661438458e+00 -7.4260683e-09  6.13824e+02  3.09655e+05 -7.16570e-09 -1.66280e+04 -1.66280e+04  0.00000e+00
1.662053806e+00 -6.8713772e-09  6.06237e+02  3.09655e+05 -7.06382e-09 -1.66280e+04 -1.66280e+04  0.00000e+00
1.662669381e+00 -7.2472087e-09  6.03822e+02  3.09655e+05 -7.07967e-09 -1.66280e+04 -1.66280e+04  0.00000e+00
1.663285184e+00 -6.9211862e-09  6.02054e+02  3.09655e+05 -7.10910e-09 -1.66280e+04 -1.66280e+04  0.00000e+00
1.663901216e+00 -7.1158941e-09  6.05976e+02  3.09655e+05 -7.27211e-09 -1.66280e+04 -1.66280e+04  0.00000e+00
1.664517476e+00 -7.1611750e-09  6.02110e+02  3.09655e+05 -7.25400e-09 -1.66280e+04 -1.66280e+04  0.00000e+00
1.665133964e+00 -7.4034278e-09  6.06844e+02  3.09655e+05 -7.43965e-09 -1.66280e+04 -1.66280e+04  0.00000e+00
1.665750680e+00 -7.7724672e-09  6.09708e+02  3.09655e+05 -7.58229e-09 -1.66280e+04 -1.66280e+04  0.00000e+00
1.666367625e+00 -7.6592649e-09  6.08968e+02  3.09655e+05 -7.64115e-09 -1.66280e+04 -1.66280e+04  0.00000e+00
1.666984798e+00 -7.9649110e-09  6.07946e+02  3.09655e+05 -7.69323e-09 -1.66280e+04 -1.66280e+04  0.00000e+00
1.667602200e+00 -7.8041638e-09  6.05197e+02  3.09655e+05 -7.70002e-09 -1.66280e+04 -1.66280e+04  0.00000e+00
1.668219830e+00 -7.9694391e-09  6.06488e+02  3.09655e+05 -7.81096e-09 -1.66280e+04 -1.66280e+04  0.00000e+00
1.668837689e+00 -7.8720852e-09  6.03875e+02  3.09655e+05 -7.82228e-09 -1.66280e+04 -1.66280e+04  0.00000e+00
1.669455777e+00 -8.1166020e-09  6.04757e+02  3.09655e+05 -7.92642e-09 -1.66280e+04 -1.66280e+04  0.00000e+00
1.670074094e+00 -7.9083099e-09  6.05210e+02  3.09655e+05 -8.01472e-09 -1.66280e+04 -1.66280e+04  0.00000e+00
1.670692640e+00 -8.0441526e-09  6.05857e+02  3.09655e+05 -8.11207e-09 -1.66280e+04 -1.66280e+04  0.00000e+00
1.671311415e+00 -8.2207481e-09  6.07019e+02  3.09655e+05 -8.22301e-09 -1.66280e+04 -1.66280e+04  0.00000e+00
1.671930420e+00 -8.2931976e-09  6.05538e+02  3.09655e+05 -8.26829e-09 -1.66280e+04 -1.66280e+04  0.00000e+00
1.672549653e+00 -8.4924336e-09  6.15683e+02  3.09655e+05 -8.62375e-09 -1.66280e+04 -1.66280e+04  0.00000e+00
1.673169116e+00 -8.5626190e-09  6.01401e+02  3.09655e+05 -8.32037e-09 -1.66280e+04 -1.66280e+04  0.00000e+00
1.673788808e+00 -8.6509167e-09  6.02021e+02  3.09655e+05 -8.41998e-09 -1.66280e+04 -1.66280e+04  0.00000e+00
1.674408730e+00 -8.7143100e-09  5.98750e+02  3.09655e+05 -8.41546e-09 -1.66280e+04 -1.66280e+04  0.00000e+00
1.675028881e+00 -8.7867594e-09  5.99127e+02  3.09655e+05 -8.51055e-09 -1.66280e+04 -1.66280e+04  0.00000e+00
1.675649262e+00 -9.2327763e-09  6.24486e+02  3.09655e+05 -9.31881e-09 -1.66280e+04 -1.66280e+04  0.00000e+00
1.676269873e+00 -8.8003437e-09  5.96277e+02  3.09655e+05 -8.60111e-09 -1.66280e+04 -1.66280e+04  0.00000e+00
1.676890714e+00 -8.8705291e-09  6.05248e+02  3.09655e+05 -8.94071e-09 -1.66280e+04 -1.66280e+04  0.00000e+00
1.677511784e+00 -8.7460066e-09  5.99948e+02  3.09655e+05 -8.87732e-09 -1.66280e+04 -1.66280e+04  0.00000e+00
1.678133085e+00 -8.7120459e-09  5.97146e+02  3.09655e+05 -8.88411e-09 -1.66280e+04 -1.66280e+04  0.00000e+00
1.678754616e+00 -8.9384505e-09  5.96601e+02  3.09655e+05 -8.95656e-09 -1.66280e+04 -1.66280e+04  0.00000e+00
1.679376377e+00 -9.1829673e-09  5.97661e+02  3.09655e+05 -9.07882e-09 -1.66280e+04 -1.66280e+04  0.00000e+00
1.679998368e+00 -9.2395685e-09  6.02056e+02  3.09655e+05 -9.30070e-09 -1.66280e+04 -1.66280e+04  0.00000e+00
1.680620590e+00 -9.3233381e-09  6.03403e+02  3.09655e+05 -9.43428e-09 -1.66280e+04 -1.66280e+04  0.00000e+00
1.681243042e+00 -9.4478606e-09  5.99834e+02  3.09655e+05 -9.41843e-09 -1.66280e+04 -1.66280e+04  0.00000e+00
1.681865724e+00 -9.4863494e-09  5.95603e+02  3.09655e+05 -9.37994e-09 -1.66280e+04 -1.66280e+04  0.00000e+00
1.682488638e+00 -9.3120179e-09  5.95470e+02  3.09655e+05 -9.46824e-09 -1.66280e+04 -1.66280e+04  0.00000e+00
1.683111782e+00 -9.8485966e-09  5.94979e+02  3.09655e+05 -9.54748e-09 -1.66280e+04 -1.66280e+04  0.00000e+00
1.683735156e+00 -9.6493606e-09  5.97763e+02  3.09655e+05 -9.73087e-09 -1.66280e+04 -1.66280e+04  0.00000e+00
1.684358762e+00 -9.8984056e-09  5.99729e+02  3.09655e+05 -9.89161e-09 -1.66280e+04 -1.66280e+04  0.00000e+00
1.684982599e+00 -9.8916135e-09  5.98192e+02  3.09655e+05 -9.93916e-09 -1.66280e+04 -1.66280e+04  0.00000e+00
1.685606666e+00 -1.0043305e-08  6.04466e+02  3.09655e+05 -1.02448e-08 -1.66280e+04 -1.66280e+04  0.00000e+00
1.686230965e+00 -1.0052361e-08  6.00235e+02  3.09655e+05 -1.02041e-08 -1.66280e+04 -1.66280e+04  0.00000e+00
1.686855495e+00 -1.0394232e-08  6.10218e+02  3.09655e+05 -1.06433e-08 -1.66280e+04 -1.66280e+04  0.00000e+00
1.687480256e+00 -1.1109670e-08  6.12733e+02  3.09655e+05 -1.08357e-08 -1.66280e+04 -1.66280e+04  0.00000e+00
1.688105249e+00 -1.0788175e-08  6.07537e+02  3.09655e+05 -1.07610e-08 -1.66280e+04 -1.66280e+04  0.00000e+00
1.688730473e+00 -1.0747423e-08  6.10283e+02  3.09655e+05 -1.09625e-08 -1.66280e+04 -1.66280e+04  0.00000e+00
1.689355929e+00 -1.1179855e-08  6.08927e+02  3.09655e+05 -1.10236e-08 -1.66280e+04 -1.66280e+04  0.00000e+00
1.689981616e+00 -1.1367771e-08  6.12374e+02  3.09655e+05 -1.12568e-08 -1.66280e+04 -1.66280e+04  0.00000e+00
1.690607535e+00 -1.1768507e-08  6.15986e+02  3.09655e+05 -1.14968e-08 -1.66280e+04 -1.66280e+04  0.00000e+00
1.691233686e+00 -1.1501350e-08  6.13200e+02  3.09655e+05 -1.15081e-08 -1.66280e+04 -1.66280e+04  0.00000e+00
1.691860069e+00 -1.1044012e-08  6.00139e+02  3.09655e+05 -1.11459e-08 -1.66280e+04 -1.66280e+04  0.00000e+00
1.692486684e+00 -1.1956423e-08  6.22306e+02  3.09655e+05 -1.20787e-08 -1.66280e+04 -1.66280e+04  0.00000e+00
1.693113531e+00 -1.1605496e-08  6.00909e+02  3.09655e+05 -1.13949e-08 -1.66280e+04 -1.66280e+04  0.00000e+00
1.693740610e+00 -1.1587383e-08  6.02899e+02  3.09655e+05 -1.15806e-08 -1.66280e+04 -1.66280e+04  0.00000e+00
1.694367921e+00 -1.1766243e-08  5.98734e+02  3.09655e+05 -1.15376e-08 -1.66280e+04 -1.66280e+04  0.00000e+00
1.694995465e+00 -1.1732282e-08  6.09494e+02  3.09655e+05 -1.20628e-08 -1.66280e+04 -1.66280e+04  0.00000e+00
1.695623241e+00 -1.2449985e-08  6.17963e+02  3.09655e+05 -1.25134e-08 -1.66280e+04 -1.66280e+04  0.00000e+00
1.696251250e+00 -1.1881709e-08  6.05910e+02  3.09655e+05 -1.21625e-08 -1.66280e+04 -1.66280e+04  0.00000e+00
1.696879491e+00 -1.2615260e-08  6.06585e+02  3.09655e+05 -1.23073e-08 -1.66280e+04 -1.66280e+04  0.00000e+00
1.697507965e+00 -1.2599412e-08  6.17047e+02  3.09655e+05 -1.28507e-08 -1.66280e+04 -1.66280e+04  0.00000e+00
1.698136671e+00 -1.3149575e-08  6.21192e+02  3.09655e+05 -1.31450e-08 -1.66280e+04 -1.66280e+04  0.00000e+00
1.698765611e+00 -1.2735254e-08  6.08045e+02  3.09655e+05 -1.27330e-08 -1.66280e+04 -1.66280e+04  0.00000e+00
1.699394783e+00 -1.3117878e-08  6.13109e+02  3.09655e+05 -1.30681e-08 -1.66280e+04 -1.66280e+04  0.00000e+00
1.700024189e+00 -1.3471069e-08  6.22799e+02  3.09655e+05 -1.36046e-08 -1.66280e+04 -1.66280e+04  0.00000e+00
1.700653827e+00 -1.2920906e-08  6.07780e+02  3.09655e+05 -1.31020e-08 -1.66280e+04 -1.66280e+04  0.00000e+00
1.701283699e+00 -1.3661249e-08  6.15535e+02  3.09655e+05 -1.35594e-08 -1.66280e+04 -1.66280e+04  0.00000e+00
1.701913804e+00 -1.3138254e-08  6.05575e+02  3.09655e+05 -1.32673e-08 -1.66280e+04 -1.66280e+04  0.00000e+00
1.702544143e+00 -1.3758603e-08  6.10999e+02  3.09655e+05 -1.36296e-08 -1.66280e+04 -1.66280e+04  0.00000e+00
1.703174715e+00 -1.3840108e-08  6.14866e+02  3.09655e+05 -1.39329e-08 -1.66280e+04 -1.66280e+04  0.00000e+00
1.703805520e+00 -1.4116322e-08  6.12285e+02  3.09655e+05 -1.39556e-08 -1.66280e+04 -1.66280e+04  0.00000e+00
1.704436559e+00 -1.4757047e-08  6.23304e+02  3.09655e+05 -1.45872e-08 -1.66280e+04 -1.66280e+04  0.00000e+00
1.705067832e+00 -1.4802328e-08  6.19737e+02  3.09655e+05 -1.45669e-08 -1.66280e+04 -1.66280e+04  0.00000e+00
1.705699339e+00 -1.4911002e-08  6.23304e+02  3.09655e+05 -1.48748e-08 -1.66280e+04 -1.66280e+04  0.00000e+00
1.706331079e+00 -1.4714030e-08  6.13687e+02  3.09655e+05 -1.45737e-08 -1.66280e+04 -1.66280e+04  0.00000e+00
1.706963054e+00 -1.5327586e-08  6.26204e+02  3.09655e+05 -1.53049e-08 -1.66280e+04 -1.66280e+04  0.00000e+00
1.707595262e+00 -1.5470221e-08  6.27207e+02  3.09655e+05 -1.55019e-08 -1.66280e+04 -1.66280e+04  0.00000e+00
1.708227705e+00 -1.6040760e-08  6.32537e+02  3.09655e+05 -1.59140e-08 -1.66280e+04 -1.66280e+04  0.00000e+00
1.708860382e+00 -1.6185659e-08  6.36795e+02  3.09655e+05 -1.62785e-08 -1.66280e+04 -1.66280e+04  0.00000e+00
1.709493293e+00 -1.5094389e-08  6.16609e+02  3.09655e+05 -1.54408e-08 -1.66280e+04 -1.66280e+04  0.00000e+00
1.710126439e+00 -1.5311738e-08  6.15750e+02  3.09655e+05 -1.55495e-08 -1.66280e+04 -1.66280e+04  0.00000e+00
1.710759819e+00 -1.6457345e-08  6.34013e+02  3.09655e+05 -1.66181e-08 -1.66280e+04 -1.66280e+04  0.00000e+00
1.711393434e+00 -1.8227828e-08  6.64560e+02  3.09655e+05 -1.83840e-08 -1.66280e+04 -1.66280e+04  0.00000e+00
1.712027283e+00 -1.6525266e-08  6.28635e+02  3.09655e+05 -1.66656e-08 -1.66280e+04 -1.66280e+04  0.00000e+00
1.712661367e+00 -1.7021092e-08  6.32395e+02  3.09655e+05 -1.70234e-08 -1.66280e+04 -1.66280e+04  0.00000e+00
1.713295686e+00 -1.6828648e-08  6.23099e+02  3.09655e+05 -1.67019e-08 -1.66280e+04 -1.66280e+04  0.00000e+00
1.713930240e+00 -1.8216508e-08  6.50606e+02  3.09655e+05 -1.83410e-08 -1.66280e+04 -1.66280e+04  0.00000e+00
1.714565029e+00 -1.8456496e-08  6.46877e+02  3.09655e+05 -1.83139e-08 -1.66280e+04 -1.66280e+04  0.00000e+00
1.715200053e+00 -1.7917654e-08  6.36158e+02  3.09655e+05 -1.79018e-08 -1.66280e+04 -1.66280e+04  0.00000e+00
1.715835312e+00 -1.8076137e-08  6.37084e+02  3.09655e+05 -1.81259e-08 -1.66280e+04 -1.66280e+04  0.00000e+00
1.716470807e+00 -1.7836148e-08  6.29331e+02  3.09655e+05 -1.78724e-08 -1.66280e+04 -1.66280e+04  0.00000e+00
1.717106537e+00 -1.9131182e-08  6.45586e+02  3.09655e+05 -1.89636e-08 -1.66280e+04 -1.66280e+04  0.00000e+00
1.717742502e+00 -1.9457204e-08  6.48743e+02  3.09655e+05 -1.93282e-08 -1.66280e+04 -1.66280e+04  0.00000e+00
1.718378703e+00 -1.9640592e-08  6.50555e+02  3.09655e+05 -1.96225e-08 -1.66280e+04 -1.66280e+04  0.00000e+00
1.719015140e+00 -2.0627716e-08  6.63502e+02  3.09655e+05 -2.05824e-08 -1.66280e+04 -1.66280e+04  0.00000e+00
1.719651812e+00 -2.0772615e-08  6.66755e+02  3.09655e+05 -2.09809e-08 -1.66280e+04 -1.66280e+04  0.00000e+00
1.720288720e+00 -1.9758322e-08  6.40170e+02  3.09655e+05 -1.95772e-08 -1.66280e+04 -1.66280e+04  0.00000e+00
1.720925864e+00 -1.9366643e-08  6.33537e+02  3.09655e+05 -1.93712e-08 -1.66280e+04 -1.66280e+04  0.00000e+00
1.721563244e+00 -2.1392963e-08  6.62863e+02  3.09655e+05 -2.13522e-08 -1.66280e+04 -1.66280e+04  0.00000e+00
1.722200860e+00 -1.9108541e-08  6.23758e+02  3.09655e+05 -1.91561e-08 -1.66280e+04 -1.66280e+04  0.00000e+00
1.722838712e+00 -2.0657148e-08  6.42933e+02  3.09655e+05 -2.05145e-08 -1.66280e+04 -1.66280e+04  0.00000e+00
1.723476801e+00 -2.2651772e-08  6.72497e+02  3.09655e+05 -2.26020e-08 -1.66280e+04 -1.66280e+04  0.00000e+00
1.724115125e+00 -2.1098637e-08  6.43306e+02  3.09655e+05 -2.09379e-08 -1.66280e+04 -1.66280e+04  0.00000e+00
1.724753687e+00 -2.0763559e-08  6.35167e+02  3.09655e+05 -2.06232e-08 -1.66280e+04 -1.66280e+04  0.00000e+00
1.725392484e+00 -2.1456356e-08  6.46714e+02  3.09655e+05 -2.15628e-08 -1.66280e+04 -1.66280e+04  0.00000e+00
1.726031518e+00 -2.0634508e-08  6.30817e+02  3.09655e+05 -2.07432e-08 -1.66280e+04 -1.66280e+04  0.00000e+00
1.726670789e+00 -2.4546778e-08  6.85210e+02  3.09655e+05 -2.45898e-08 -1.66280e+04 -1.66280e+04  0.00000e+00
1.727310297e+00 -2.3987559e-08  6.74530e+02  3.09655e+05 -2.40849e-08 -1.66280e+04 -1.66280e+04 -2.26405e-12
1.727950042e+00 -2.1252592e-08  6.31598e+02  3.09655e+05 -2.13998e-08 -1.66280e+04 -1.66280e+04  0.00000e+00
1.728590023e+00 -2.1594463e-08  6.31767e+02  3.09655e+05 -2.16194e-08 -1.66280e+04 -1.66280e+04 -2.26405e-12
1.729230242e+00 -2.4209435e-08  6.65845e+02  3.09655e+05 -2.41709e-08 -1.66280e+04 -1.66280e+04  0.00000e+00
1.729870697e+00 -2.4100761e-08  6.61984e+02  3.09655e+05 -2.41302e-08 -1.66280e+04 -1.66280e+04  0.00000e+00
1.730511390e+00 -2.2851008e-08  6.37859e+02  3.09655e+05 -2.26676e-08 -1.66280e+04 -1.66280e+04  0.00000e+00
1.731152320e+00 -2.3165710e-08  6.40299e+02  3.09655e+05 -2.30548e-08 -1.66280e+04 -1.66280e+04  0.00000e+00
1.731793488e+00 -2.5588239e-08  6.71163e+02  3.09655e+05 -2.55045e-08 -1.66280e+04 -1.66280e+04  0.00000e+00
1.732434893e+00 -2.5936902e-08  6.72021e+02  3.09655e+05 -2.58146e-08 -1.66280e+04 -1.66280e+04  0.00000e+00
1.733076535e+00 -2.4419992e-08  6.47893e+02  3.09655e+05 -2.42751e-08 -1.66280e+04 -1.66280e+04  0.00000e+00
1.733718416e+00 -2.4680357e-08  6.51472e+02  3.09655e+05 -2.47732e-08 -1.66280e+04 -1.66280e+04  0.00000e+00
1.734360534e+00 -2.7449284e-08  6.84172e+02  3.09655e+05 -2.75014e-08 -1.66280e+04 -1.66280e+04  0.00000e+00
1.735002889e+00 -2.8035672e-08  6.88755e+02  3.09655e+05 -2.81285e-08 -1.66280e+04 -1.66280e+04  0.00000e+00
1.735645483e+00 -2.7109677e-08  6.73366e+02  3.09655e+05 -2.71821e-08 -1.66280e+04 -1.66280e+04  0.00000e+00
1.736288315e+00 -2.5785211e-08  6.52179e+02  3.09655e+05 -2.57920e-08 -1.66280e+04 -1.66280e+04  0.00000e+00
1.736931384e+00 -2.7236464e-08  6.68474e+02  3.09655e+05 -2.73157e-08 -1.66280e+04 -1.66280e+04  0.00000e+00
1.737574692e+00 -2.7125526e-08  6.60235e+02  3.09655e+05 -2.69218e-08 -1.66280e+04 -1.66280e+04  0.00000e+00
1.738218238e+00 -2.7804739e-08  6.69609e+02  3.09655e+05 -2.79315e-08 -1.66280e+04 -1.66280e+04  0.00000e+00
1.738862023e+00 -2.8286981e-08  6.69385e+02  3.09655e+05 -2.81828e-08 -1.66280e+04 -1.66280e+04  0.00000e+00
1.739506046e+00 -2.7225144e-08  6.54009e+02  3.09655e+05 -2.71957e-08 -1.66280e+04 -1.66280e+04  0.00000e+00
1.740150307e+00 -2.8425088e-08  6.68023e+02  3.09655e+05 -2.86107e-08 -1.66280e+04 -1.66280e+04  0.00000e+00
1.740794808e+00 -3.2448296e-08  7.08374e+02  3.09655e+05 -3.23623e-08 -1.66280e+04 -1.66280e+04  0.00000e+00
1.741439546e+00 -2.8542818e-08  6.62222e+02  3.09655e+05 -2.86696e-08 -1.66280e+04 -1.66280e+04  0.00000e+00
1.742084524e+00 -2.8884689e-08  6.61871e+02  3.09655e+05 -2.89164e-08 -1.66280e+04 -1.66280e+04  0.00000e+00
1.742729740e+00 -3.1289105e-08  6.88247e+02  3.09655e+05 -3.14883e-08 -1.66280e+04 -1.66280e+04  0.00000e+00
1.743375196e+00 -2.9385043e-08  6.59875e+02  3.09655e+05 -2.92990e-08 -1.66280e+04 -1.66280e+04  0.00000e+00
1.744020890e+00 -3.1913981e-08  6.88542e+02  3.09655e+05 -3.21177e-08 -1.66280e+04 -1.66280e+04  0.00000e+00
1.744666824e+00 -3.0845352e-08  6.73320e+02  3.09655e+05 -3.10491e-08 -1.66280e+04 -1.66280e+04  0.00000e+00
1.745312997e+00 -3.2645268e-08  6.85931e+02  3.09655e+05 -3.24936e-08 -1.66280e+04 -1.66280e+04 -2.26405e-12
1.745959409e+00 -3.2070200e-08  6.78652e+02  3.09655e+05 -3.21313e-08 -1.66280e+04 -1.66280e+04  0.00000e+00
1.746606061e+00 -3.0752526e-08  6.61531e+02  3.09655e+05 -3.08703e-08 -1.66280e+04 -1.66280e+04  0.00000e+00
1.747252952e+00 -3.3956150e-08  6.92178e+02  3.09655e+05 -3.40241e-08 -1.66280e+04 -1.66280e+04  0.00000e+00
1.747900083e+00 -3.3482964e-08  6.84892e+02  3.09655e+05 -3.36505e-08 -1.66280e+04 -1.66280e+04  0.00000e+00
1.748547453e+00 -3.4504049e-08  6.88916e+02  3.09655e+05 -3.43569e-08 -1.66280e+04 -1.66280e+04  0.00000e+00
1.749195063e+00 -3.2076992e-08  6.63523e+02  3.09655e+05 -3.22491e-08 -1.66280e+04 -1.66280e+04  0.00000e+00
1.749842913e+00 -3.3985583e-08  6.80411e+02  3.09655e+05 -3.41803e-08 -1.66280e+04 -1.66280e+04  0.00000e+00
1.750491003e+00 -3.6591499e-08  6.99987e+02  3.09655e+05 -3.64557e-08 -1.66280e+04 -1.66280e+04  0.00000e+00
1.751139333e+00 -3.8269156e-08  7.11846e+02  3.09655e+05 -3.80178e-08 -1.66280e+04 -1.66280e+04  0.00000e+00
1.751787903e+00 -3.6537161e-08  6.95142e+02  3.09655e+05 -3.66549e-08 -1.66280e+04 -1.66280e+04  0.00000e+00
1.752436714e+00 -3.6596027e-08  6.91516e+02  3.09655e+05 -3.66277e-08 -1.66280e+04 -1.66280e+04  0.00000e+00
1.753085764e+00 -3.3584847e-08  6.59131e+02  3.09655e+05 -3.36913e-08 -1.66280e+04 -1.66280e+04  0.00000e+00
1.753735055e+00 -3.7440515e-08  6.94202e+02  3.09655e+05 -3.76081e-08 -1.66280e+04 -1.66280e+04  0.00000e+00
1.754384587e+00 -3.8373302e-08  6.95962e+02  3.09655e+05 -3.81514e-08 -1.66280e+04 -1.66280e+04  0.00000e+00
1.755034359e+00 -3.7949926e-08  6.90863e+02  3.09655e+05 -3.79680e-08 -1.66280e+04 -1.66280e+04  0.00000e+00
1.755684372e+00 -3.9509853e-08  7.01208e+02  3.09655e+05 -3.94465e-08 -1.66280e+04 -1.66280e+04  0.00000e+00
1.756334625e+00 -4.2856112e-08  7.26976e+02  3.09655e+05 -4.26976e-08 -1.66280e+04 -1.66280e+04  0.00000e+00
1.756985119e+00 -4.3010067e-08  7.25157e+02  3.09655e+05 -4.28946e-08 -1.66280e+04 -1.66280e+04  0.00000e+00
1.757635855e+00 -3.7304673e-08  6.70295e+02  3.09655e+05 -3.71802e-08 -1.66280e+04 -1.66280e+04  0.00000e+00
1.758286831e+00 -4.2604803e-08  7.14255e+02  3.09655e+05 -4.24463e-08 -1.66280e+04 -1.66280e+04  0.00000e+00
1.758938048e+00 -4.1549758e-08  7.05223e+02  3.09655e+05 -4.18056e-08 -1.66280e+04 -1.66280e+04  0.00000e+00
1.759589507e+00 -4.1916533e-08  7.01970e+02  3.09655e+05 -4.18237e-08 -1.66280e+04 -1.66280e+04  0.00000e+00
1.760241207e+00 -3.8568010e-08  6.68723e+02  3.09655e+05 -3.84299e-08 -1.66280e+04 -1.66280e+04  0.00000e+00
1.760893148e+00 -4.5842387e-08  7.30354e+02  3.09655e+05 -4.60122e-08 -1.66280e+04 -1.66280e+04  0.00000e+00
1.761545330e+00 -4.2684044e-08  6.99632e+02  3.09655e+05 -4.27406e-08 -1.66280e+04 -1.66280e+04  0.00000e+00
1.762197755e+00 -4.1961814e-08  6.90412e+02  3.09655e+05 -4.20501e-08 -1.66280e+04 -1.66280e+04  0.00000e+00
1.762850421e+00 -4.8323781e-08  7.36349e+02  3.09655e+05 -4.80793e-08 -1.66280e+04 -1.66280e+04  0.00000e+00
1.763503328e+00 -4.3519477e-08  6.95608e+02  3.09655e+05 -4.34742e-08 -1.66280e+04 -1.66280e+04  0.00000e+00
1.764156477e+00 -4.3166286e-08  6.90029e+02  3.09655e+05 -4.32048e-08 -1.66280e+04 -1.66280e+04  0.00000e+00
1.764809869e+00 -4.8731309e-08  7.29370e+02  3.09655e+05 -4.85502e-08 -1.66280e+04 -1.66280e+04  0.00000e+00
1.765463502e+00 -4.4429623e-08  6.91978e+02  3.09655e+05 -4.42598e-08 -1.66280e+04 -1.66280e+04  0.00000e+00
1.766117377e+00 -4.3401747e-08  6.80644e+02  3.09655e+05 -4.32704e-08 -1.66280e+04 -1.66280e+04  0.00000e+00
1.766771495e+00 -4.4176050e-08  6.84606e+02  3.09655e+05 -4.41715e-08 -1.66280e+04 -1.66280e+04  0.00000e+00
1.767425855e+00 -5.0526697e-08  7.32403e+02  3.09655e+05 -5.08074e-08 -1.66280e+04 -1.66280e+04  0.00000e+00
1.768080457e+00 -5.1737961e-08  7.36678e+02  3.09655e+05 -5.18625e-08 -1.66280e+04 -1.66280e+04  0.00000e+00
1.768735302e+00 -5.4493304e-08  7.53073e+02  3.09655e+05 -5.46224e-08 -1.66280e+04 -1.66280e+04  0.00000e+00
1.769390389e+00 -5.1753809e-08  7.28021e+02  3.09655e+05 -5.16474e-08 -1.66280e+04 -1.66280e+04  0.00000e+00
1.770045718e+00 -4.5892196e-08  6.80027e+02  3.09655e+05 -4.56862e-08 -1.66280e+04 -1.66280e+04  0.00000e+00
1.770701291e+00 -4.8147185e-08  6.96468e+02  3.09655e+05 -4.82989e-08 -1.66280e+04 -1.66280e+04  0.00000e+00
1.771357106e+00 -5.3508444e-08  7.30536e+02  3.09655e+05 -5.34700e-08 -1.66280e+04 -1.66280e+04  0.00000e+00
1.772013164e+00 -5.2967337e-08  7.22023e+02  3.09655e+05 -5.27636e-08 -1.66280e+04 -1.66280e+04  0.00000e+00
1.772669466e+00 -5.7504484e-08  7.49715e+02  3.09655e+05 -5.72713e-08 -1.66280e+04 -1.66280e+04  0.00000e+00
1.773326010e+00 -5.4762725e-08  7.29266e+02  3.09655e+05 -5.48012e-08 -1.66280e+04 -1.66280e+04  0.00000e+00
1.773982797e+00 -4.8753949e-08  6.83008e+02  3.09655e+05 -4.87245e-08 -1.66280e+04 -1.66280e+04  0.00000e+00
1.774639828e+00 -5.4678956e-08  7.23124e+02  3.09655e+05 -5.49257e-08 -1.66280e+04 -1.66280e+04  0.00000e+00
1.775297102e+00 -5.8883288e-08  7.46250e+02  3.09655e+05 -5.89172e-08 -1.66280e+04 -1.66280e+04  0.00000e+00
1.775954619e+00 -5.8749709e-08  7.40404e+02  3.09655e+05 -5.85708e-08 -1.66280e+04 -1.66280e+04  0.00000e+00
1.776612380e+00 -6.0493024e-08  7.50676e+02  3.09655e+05 -6.07104e-08 -1.66280e+04 -1.66280e+04  0.00000e+00
1.777270385e+00 -5.6678108e-08  7.22512e+02  3.09655e+05 -5.69158e-08 -1.66280e+04 -1.66280e+04  0.00000e+00
1.777928633e+00 -5.7749001e-08  7.23883e+02  3.09655e+05 -5.76562e-08 -1.66280e+04 -1.66280e+04  0.00000e+00
1.778587125e+00 -5.5063843e-08  7.04574e+02  3.09655e+05 -5.52291e-08 -1.66280e+04 -1.66280e+04  0.00000e+00
1.779245861e+00 -6.2512552e-08  7.46583e+02  3.09655e+05 -6.23473e-08 -1.66280e+04 -1.66280e+04  0.00000e+00
1.779904841e+00 -6.2546513e-08  7.45158e+02  3.09655e+05 -6.26982e-08 -1.66280e+04 -1.66280e+04  0.00000e+00
1.780564065e+00 -5.6759613e-08  7.03943e+02  3.09655e+05 -5.66894e-08 -1.66280e+04 -1.66280e+04  0.00000e+00
1.781223533e+00 -6.4273979e-08  7.47906e+02  3.09655e+05 -6.43261e-08 -1.66280e+04 -1.66280e+04  0.00000e+00
1.781883246e+00 -6.6212002e-08  7.57273e+02  3.09655e+05 -6.65018e-08 -1.66280e+04 -1.66280e+04  0.00000e+00
1.782543203e+00 -6.1165445e-08  7.21931e+02  3.09655e+05 -6.12039e-08 -1.66280e+04 -1.66280e+04  0.00000e+00
1.783203404e+00 -6.8695659e-08  7.64292e+02  3.09655e+05 -6.89628e-08 -1.66280e+04 -1.66280e+04  0.00000e+00
1.783863850e+00 -6.0178321e-08  7.09520e+02  3.09655e+05 -6.02915e-08 -1.66280e+04 -1.66280e+04  0.00000e+00
1.784524540e+00 -6.0096816e-08  7.05511e+02  3.09655e+05 -6.01874e-08 -1.66280e+04 -1.66280e+04  0.00000e+00
1.785185475e+00 -6.6746317e-08  7.39530e+02  3.09655e+05 -6.65380e-08 -1.66280e+04 -1.66280e+04  0.00000e+00
1.785846655e+00 -7.2698491e-08  7.70091e+02  3.09655e+05 -7.26125e-08 -1.66280e+04 -1.66280e+04  0.00000e+00
1.786508079e+00 -6.7853435e-08  7.39866e+02  3.09655e+05 -6.78376e-08 -1.66280e+04 -1.66280e+04  0.00000e+00
1.787169749e+00 -7.4206346e-08  7.72947e+02  3.09655e+05 -7.44961e-08 -1.66280e+04 -1.66280e+04  0.00000e+00
1.787831664e+00 -7.4862919e-08  7.72789e+02  3.09655e+05 -7.51572e-08 -1.66280e+04 -1.66280e+04  0.00000e+00
1.788493824e+00 -6.9451851e-08  7.37036e+02  3.09655e+05 -6.92277e-08 -1.66280e+04 -1.66280e+04  0.00000e+00
1.789156229e+00 -6.7466283e-08  7.22522e+02  3.09655e+05 -6.72376e-08 -1.66280e+04 -1.66280e+04  0.00000e+00
1.789818879e+00 -6.8663963e-08  7.25995e+02  3.09655e+05 -6.84919e-08 -1.66280e+04 -1.66280e+04  0.00000e+00
1.790481775e+00 -7.2494727e-08  7.42686e+02  3.09655e+05 -7.22276e-08 -1.66280e+04 -1.66280e+04  0.00000e+00
1.791144916e+00 -7.2838862e-08  7.43107e+02  3.09655e+05 -7.29770e-08 -1.66280e+04 -1.66280e+04  0.00000e+00
1.791808303e+00 -7.7004705e-08  7.58962e+02  3.09655e+05 -7.67149e-08 -1.66280e+04 -1.66279e+04  0.00000e+00
1.792471936e+00 -7.0925744e-08  7.24530e+02  3.09655e+05 -7.07854e-08 -1.66280e+04 -1.66280e+04  0.00000e+00
1.793135815e+00 -7.4838014e-08  7.42231e+02  3.09655e+05 -7.48493e-08 -1.66280e+04 -1.66280e+04  0.00000e+00
1.793799939e+00 -7.7894475e-08  7.55306e+02  3.09655e+05 -7.81299e-08 -1.66280e+04 -1.66279e+04  0.00000e+00
1.794464309e+00 -7.6517936e-08  7.43600e+02  3.09655e+05 -7.65089e-08 -1.66280e+04 -1.66279e+04  0.00000e+00
1.795128926e+00 -8.4645858e-08  7.78486e+02  3.09655e+05 -8.43561e-08 -1.66280e+04 -1.66279e+04  0.00000e+00
1.795793788e+00 -6.9671463e-08  7.01371e+02  3.09655e+05 -6.95990e-08 -1.66280e+04 -1.66280e+04  0.00000e+00
1.796458897e+00 -9.0881038e-08  8.02004e+02  3.09655e+05 -9.09874e-08 -1.66280e+04 -1.66279e+04  0.00000e+00
1.797124252e+00 -7.7097531e-08  7.33487e+02  3.09655e+05 -7.73013e-08 -1.66280e+04 -1.66279e+04  0.00000e+00
1.797789854e+00 -7.6773773e-08  7.28303e+02  3.09655e+05 -7.69504e-08 -1.66280e+04 -1.66279e+04  0.00000e+00
1.798455702e+00 -7.6717172e-08  7.24012e+02  3.09655e+05 -7.67783e-08 -1.66280e+04 -1.66279e+04  0.00000e+00
1.799121797e+00 -8.0846790e-08  7.41191e+02  3.09655e+05 -8.10777e-08 -1.66280e+04 -1.66279e+04  0.00000e+00
1.799788138e+00 -8.6894055e-08  7.64159e+02  3.09655e+05 -8.67876e-08 -1.66280e+04 -1.66279e+04  0.00000e+00
1.800454726e+00 -8.6493319e-08  7.59506e+02  3.09655e+05 -8.65590e-08 -1.66280e+04 -1.66279e+04  0.00000e+00
1.801121561e+00 -9.2791893e-08  7.84808e+02  3.09655e+05 -9.30523e-08 -1.66280e+04 -1.66279e+04  0.00000e+00
1.801788643e+00 -8.7258566e-08  7.56282e+02  3.09655e+05 -8.74397e-08 -1.66280e+04 -1.66279e+04  0.00000e+00
1.802455973e+00 -8.9984477e-08  7.64791e+02  3.09655e+05 -9.01679e-08 -1.66280e+04 -1.66279e+04  0.00000e+00
1.803123549e+00 -8.9694679e-08  7.59839e+02  3.09655e+05 -8.98645e-08 -1.66280e+04 -1.66279e+04  0.00000e+00
1.803791372e+00 -9.0296915e-08  7.57825e+02  3.09655e+05 -9.02245e-08 -1.66280e+04 -1.66279e+04  0.00000e+00
1.804459443e+00 -8.4159088e-08  7.27383e+02  3.09655e+05 -8.41229e-08 -1.66280e+04 -1.66279e+04  0.00000e+00
1.805127762e+00 -9.5884578e-08  7.74325e+02  3.09655e+05 -9.57850e-08 -1.66280e+04 -1.66279e+04  0.00000e+00
1.805796327e+00 -9.7102635e-08  7.76477e+02  3.09655e+05 -9.71819e-08 -1.66280e+04 -1.66279e+04  0.00000e+00
1.806465141e+00 -9.1734583e-08  7.50372e+02  3.09655e+05 -9.18138e-08 -1.66280e+04 -1.66279e+04  0.00000e+00
1.807134202e+00 -9.2646994e-08  7.50893e+02  3.09655e+05 -9.27806e-08 -1.66280e+04 -1.66279e+04  0.00000e+00
1.807803511e+00 -1.0089491e-07  7.80913e+02  3.09655e+05 -1.00981e-07 -1.66280e+04 -1.66279e+04  0.00000e+00
1.808473068e+00 -9.8454270e-08  7.67421e+02  3.09655e+05 -9.85380e-08 -1.66280e+04 -1.66279e+04  0.00000e+00
1.809142873e+00 -9.3566196e-08  7.42968e+02  3.09655e+05 -9.34190e-08 -1.66280e+04 -1.66279e+04  0.00000e+00
1.809812926e+00 -9.0634257e-08  7.27463e+02  3.09655e+05 -9.05097e-08 -1.66280e+04 -1.66279e+04  0.00000e+00
1.810483227e+00 -9.8902551e-08  7.57030e+02  3.09655e+05 -9.86422e-08 -1.66280e+04 -1.66279e+04  0.00000e+00
1.811153776e+00 -1.1398788e-07  8.11909e+02  3.09655e+05 -1.13906e-07 -1.66280e+04 -1.66279e+04  0.00000e+00
1.811824574e+00 -9.6074758e-08  7.39417e+02  3.09655e+05 -9.59887e-08 -1.66280e+04 -1.66279e+04  0.00000e+00
1.812495620e+00 -1.0981751e-07  7.88711e+02  3.09655e+05 -1.09704e-07 -1.66280e+04 -1.66279e+04  0.00000e+00
1.813166915e+00 -1.0146319e-07  7.53818e+02  3.09655e+05 -1.01459e-07 -1.66280e+04 -1.66279e+04  0.00000e+00
1.813838458e+00 -1.0137489e-07  7.49607e+02  3.09655e+05 -1.01282e-07 -1.66280e+04 -1.66279e+04  0.00000e+00
1.814510250e+00 -9.0973864e-08  7.06883e+02  3.09655e+05 -9.12501e-08 -1.66280e+04 -1.66279e+04  0.00000e+00
1.815182291e+00 -1.0862662e-07  7.69731e+02  3.09655e+05 -1.08547e-07 -1.66280e+04 -1.66279e+04  0.00000e+00
1.815854580e+00 -1.0428645e-07  7.51125e+02  3.09655e+05 -1.04488e-07 -1.66280e+04 -1.66279e+04  0.00000e+00
1.816527119e+00 -1.0264502e-07  7.41553e+02  3.09655e+05 -1.02860e-07 -1.66280e+04 -1.66279e+04  0.00000e+00
1.817199907e+00 -1.1551838e-07  7.83392e+02  3.09655e+05 -1.15385e-07 -1.66280e+04 -1.66279e+04  0.00000e+00
1.817872944e+00 -1.1073898e-07  7.63667e+02  3.09655e+05 -1.10852e-07 -1.66280e+04 -1.66279e+04  0.00000e+00
1.818546230e+00 -1.1507689e-07  7.74028e+02  3.09655e+05 -1.14805e-07 -1.66280e+04 -1.66279e+04  0.00000e+00
1.819219766e+00 -1.1394487e-07  7.68269e+02  3.09655e+05 -1.14194e-07 -1.66280e+04 -1.66279e+04  0.00000e+00
1.819893551e+00 -1.1531009e-07  7.69686e+02  3.09655e+05 -1.15641e-07 -1.66280e+04 -1.66279e+04  0.00000e+00
1.820567586e+00 -1.1935593e-07  7.78185e+02  3.09655e+05 -1.19188e-07 -1.66280e+04 -1.66279e+04  0.00000e+00
1.821241870e+00 -1.1914311e-07  7.73552e+02  3.09655e+05 -1.18896e-07 -1.66280e+04 -1.66279e+04  0.00000e+00
1.821916404e+00 -1.2412401e-07  7.87115e+02  3.09655e+05 -1.24061e-07 -1.66280e+04 -1.66279e+04  0.00000e+00
1.822591188e+00 -1.3636344e-07  8.22735e+02  3.09655e+05 -1.36311e-07 -1.66280e+04 -1.66279e+04  0.00000e+00
1.823266222e+00 -1.0331065e-07  7.10142e+02  3.09655e+05 -1.03562e-07 -1.66280e+04 -1.66279e+04  0.00000e+00
1.823941505e+00 -1.0482303e-07  7.11158e+02  3.09655e+05 -1.04791e-07 -1.66280e+04 -1.66279e+04  0.00000e+00
1.824617039e+00 -1.1488671e-07  7.41963e+02  3.09655e+05 -1.14776e-07 -1.66280e+04 -1.66279e+04  0.00000e+00
1.825292823e+00 -1.2277464e-07  7.64488e+02  3.09655e+05 -1.22695e-07 -1.66280e+04 -1.66279e+04  0.00000e+00
1.825968858e+00 -1.1495916e-07  7.36339e+02  3.09655e+05 -1.15158e-07 -1.66280e+04 -1.66279e+04  0.00000e+00
1.826645142e+00 -1.4592677e-07  8.28715e+02  3.09655e+05 -1.45906e-07 -1.66280e+04 -1.66279e+04  0.00000e+00
1.827321678e+00 -1.2504322e-07  7.62097e+02  3.09655e+05 -1.25299e-07 -1.66280e+04 -1.66279e+04  0.00000e+00
1.827998464e+00 -1.2525830e-07  7.59481e+02  3.09655e+05 -1.25596e-07 -1.66280e+04 -1.66279e+04  0.00000e+00
1.828675500e+00 -1.1606628e-07  7.25191e+02  3.09655e+05 -1.15915e-07 -1.66280e+04 -1.66279e+04  0.00000e+00
1.829352787e+00 -1.2528773e-07  7.51795e+02  3.09655e+05 -1.25392e-07 -1.66280e+04 -1.66279e+04  0.00000e+00
1.830030325e+00 -1.2386591e-07  7.43508e+02  3.09655e+05 -1.23848e-07 -1.66280e+04 -1.66279e+04  0.00000e+00
1.830708114e+00 -1.3256437e-07  7.67566e+02  3.09655e+05 -1.32884e-07 -1.66280e+04 -1.66279e+04  0.00000e+00
1.831386154e+00 -1.3180592e-07  7.61136e+02  3.09655e+05 -1.31926e-07 -1.66280e+04 -1.66279e+04  0.00000e+00
1.832064446e+00 -1.3207081e-07  7.58801e+02  3.09655e+05 -1.32329e-07 -1.66280e+04 -1.66279e+04  0.00000e+00
1.832742988e+00 -1.4501210e-07  7.91789e+02  3.09655e+05 -1.44933e-07 -1.66280e+04 -1.66279e+04  0.00000e+00
1.833421782e+00 -1.2958716e-07  7.44204e+02  3.09655e+05 -1.29768e-07 -1.66280e+04 -1.66279e+04  0.00000e+00
1.834100827e+00 -1.3787356e-07  7.63960e+02  3.09655e+05 -1.37729e-07 -1.66280e+04 -1.66279e+04  0.00000e+00
1.834780123e+00 -1.3080521e-07  7.40327e+02  3.09655e+05 -1.30792e-07 -1.66280e+04 -1.66279e+04  0.00000e+00
1.835459672e+00 -1.4443703e-07  7.75912e+02  3.09655e+05 -1.44480e-07 -1.66280e+04 -1.66279e+04  0.00000e+00
1.836139471e+00 -1.3915954e-07  7.58029e+02  3.09655e+05 -1.39372e-07 -1.66280e+04 -1.66279e+04  0.00000e+00
1.836819523e+00 -1.3623666e-07  7.45895e+02  3.09655e+05 -1.36314e-07 -1.66280e+04 -1.66279e+04  0.00000e+00
1.837499827e+00 -1.4575017e-07  7.68303e+02  3.09655e+05 -1.45621e-07 -1.66280e+04 -1.66279e+04  0.00000e+00
1.838180382e+00 -1.5385093e-07  7.86674e+02  3.09655e+05 -1.53774e-07 -1.66280e+04 -1.66279e+04  0.00000e+00
1.838861190e+00 -1.3687285e-07  7.37588e+02  3.09655e+05 -1.37025e-07 -1.66280e+04 -1.66279e+04  0.00000e+00
1.839542249e+00 -1.5924615e-07  7.93811e+02  3.09655e+05 -1.59296e-07 -1.66280e+04 -1.66279e+04  0.00000e+00
1.840223561e+00 -1.5204196e-07  7.71606e+02  3.09655e+05 -1.52178e-07 -1.66280e+04 -1.66279e+04  0.00000e+00
1.840905126e+00 -1.4565961e-07  7.50236e+02  3.09655e+05 -1.45449e-07 -1.66280e+04 -1.66279e+04  0.00000e+00
1.841586942e+00 -1.3963046e-07  7.32046e+02  3.09655e+05 -1.39961e-07 -1.66280e+04 -1.66279e+04  0.00000e+00
1.842269011e+00 -1.6515304e-07  7.93982e+02  3.09655e+05 -1.65158e-07 -1.66280e+04 -1.66279e+04  0.00000e+00
1.842951333e+00 -1.6641864e-07  7.93257e+02  3.09655e+05 -1.66346e-07 -1.66280e+04 -1.66279e+04  0.00000e+00
1.843633908e+00 -1.6762085e-07  7.92929e+02  3.09655e+05 -1.67702e-07 -1.66280e+04 -1.66279e+04  0.00000e+00
1.844316735e+00 -1.7285759e-07  8.02212e+02  3.09655e+05 -1.73039e-07 -1.66280e+04 -1.66279e+04  0.00000e+00
1.844999816e+00 -1.7219649e-07  7.96754e+02  3.09655e+05 -1.72307e-07 -1.66280e+04 -1.66279e+04  0.00000e+00
1.845683149e+00 -1.5896767e-07  7.61035e+02  3.09655e+05 -1.59147e-07 -1.66280e+04 -1.66279e+04  0.00000e+00
1.846366735e+00 -1.6473419e-07  7.71274e+02  3.09655e+05 -1.64761e-07 -1.66280e+04 -1.66279e+04  0.00000e+00
1.847050575e+00 -1.7707098e-07  7.97023e+02  3.09655e+05 -1.77089e-07 -1.66280e+04 -1.66279e+04  0.00000e+00
1.847734668e+00 -1.7600914e-07  7.91068e+02  3.09655e+05 -1.76109e-07 -1.66280e+04 -1.66279e+04  0.00000e+00
1.848419014e+00 -1.9837564e-07  8.37298e+02  3.09655e+05 -1.98179e-07 -1.66280e+04 -1.66279e+04  0.00000e+00
1.849103613e+00 -1.7405300e-07  7.78865e+02  3.09655e+05 -1.73983e-07 -1.66280e+04 -1.66279e+04  0.00000e+00
1.849788467e+00 -1.8241865e-07  7.94902e+02  3.09655e+05 -1.82559e-07 -1.66280e+04 -1.66279e+04  0.00000e+00
1.850473573e+00 -1.7694645e-07  7.78491e+02  3.09655e+05 -1.76937e-07 -1.66280e+04 -1.66279e+04  0.00000e+00
1.851158934e+00 -1.6969019e-07  7.58054e+02  3.09655e+05 -1.69591e-07 -1.66280e+04 -1.66279e+04  0.00000e+00
1.851844548e+00 -1.7514880e-07  7.66965e+02  3.09655e+05 -1.75004e-07 -1.66280e+04 -1.66279e+04  0.00000e+00
1.852530417e+00 -1.7888674e-07  7.72317e+02  3.09655e+05 -1.78943e-07 -1.66280e+04 -1.66279e+04  0.00000e+00
1.853216539e+00 -1.9431621e-07  8.02042e+02  3.09655e+05 -1.94155e-07 -1.66280e+04 -1.66279e+04  0.00000e+00
1.853902916e+00 -1.9780284e-07  8.05958e+02  3.09655e+05 -1.97728e-07 -1.66280e+04 -1.66279e+04  0.00000e+00
1.854589546e+00 -1.8613395e-07  7.77102e+02  3.09655e+05 -1.85966e-07 -1.66280e+04 -1.66279e+04  0.00000e+00
1.855276431e+00 -1.8800631e-07  7.77670e+02  3.09655e+05 -1.87884e-07 -1.66280e+04 -1.66279e+04  0.00000e+00
1.855963571e+00 -1.8363218e-07  7.64670e+02  3.09655e+05 -1.83496e-07 -1.66280e+04 -1.66279e+04  0.00000e+00
1.856650965e+00 -2.2279110e-07  8.42216e+02  3.09655e+05 -2.22925e-07 -1.66280e+04 -1.66279e+04  0.00000e+00
1.857338613e+00 -2.0714429e-07  8.06725e+02  3.09655e+05 -2.07056e-07 -1.66280e+04 -1.66279e+04  0.00000e+00
1.858026516e+00 -2.2535627e-07  8.39079e+02  3.09655e+05 -2.25282e-07 -1.66280e+04 -1.66279e+04  0.00000e+00
1.858714674e+00 -2.1067620e-07  8.06495e+02  3.09655e+05 -2.10633e-07 -1.66280e+04 -1.66279e+04 -2.26405e-12
1.859403087e+00 -2.3038924e-07  8.41082e+02  3.09655e+05 -2.30353e-07 -1.66280e+04 -1.66279e+04  0.00000e+00
1.860091755e+00 -2.1741400e-07  8.12721e+02  3.09655e+05 -2.17579e-07 -1.66280e+04 -1.66279e+04  0.00000e+00
1.860780678e+00 -2.3333703e-07  8.38667e+02  3.09655e+05 -2.33165e-07 -1.66280e+04 -1.66279e+04  0.00000e+00
1.861469856e+00 -2.3159371e-07  8.31809e+02  3.09655e+05 -2.31553e-07 -1.66280e+04 -1.66279e+04  0.00000e+00
1.862159289e+00 -2.0084798e-07  7.69108e+02  3.09655e+05 -2.00909e-07 -1.66280e+04 -1.66279e+04  0.00000e+00
1.862848978e+00 -2.2656527e-07  8.15276e+02  3.09655e+05 -2.26758e-07 -1.66280e+04 -1.66279e+04  0.00000e+00
1.863538922e+00 -2.1116523e-07  7.81731e+02  3.09655e+05 -2.10998e-07 -1.66280e+04 -1.66279e+04  0.00000e+00
1.864229121e+00 -2.1377341e-07  7.83357e+02  3.09655e+05 -2.13721e-07 -1.66280e+04 -1.66279e+04  0.00000e+00
1.864919577e+00 -2.1585407e-07  7.84028e+02  3.09655e+05 -2.15965e-07 -1.66280e+04 -1.66279e+04  0.00000e+00
1.865610288e+00 -2.5166221e-07  8.45067e+02  3.09655e+05 -2.51644e-07 -1.66280e+04 -1.66279e+04  0.00000e+00
1.866301254e+00 -2.1536730e-07  7.75727e+02  3.09655e+05 -2.15338e-07 -1.66280e+04 -1.66279e+04  0.00000e+00
1.866992477e+00 -2.2021462e-07  7.81418e+02  3.09655e+05 -2.20321e-07 -1.66280e+04 -1.66279e+04  0.00000e+00
1.867683956e+00 -2.1904411e-07  7.75457e+02  3.09655e+05 -2.19010e-07 -1.66280e+04 -1.66279e+04  0.00000e+00
1.868375691e+00 -2.4931892e-07  8.25656e+02  3.09655e+05 -2.49283e-07 -1.66280e+04 -1.66279e+04  0.00000e+00
1.869067682e+00 -2.2184021e-07  7.73712e+02  3.09655e+05 -2.21926e-07 -1.66280e+04 -1.66279e+04  0.00000e+00
1.869759929e+00 -2.2007651e-07  7.66919e+02  3.09655e+05 -2.20113e-07 -1.66280e+04 -1.66279e+04  0.00000e+00
1.870452433e+00 -2.2235641e-07  7.67344e+02  3.09655e+05 -2.22288e-07 -1.66280e+04 -1.66279e+04  0.00000e+00
1.871145193e+00 -2.3841528e-07  7.92064e+02  3.09655e+05 -2.38372e-07 -1.66280e+04 -1.66279e+04  0.00000e+00
1.871838209e+00 -2.4206266e-07  7.95063e+02  3.09655e+05 -2.42226e-07 -1.66280e+04 -1.66279e+04  0.00000e+00
1.872531483e+00 -2.3603803e-07  7.80729e+02  3.09655e+05 -2.35945e-07 -1.66280e+04 -1.66279e+04  0.00000e+00
1.873225013e+00 -2.7193447e-07  8.36486e+02  3.09655e+05 -2.71783e-07 -1.66280e+04 -1.66279e+04  0.00000e+00
1.873918800e+00 -2.6180966e-07  8.16287e+02  3.09655e+05 -2.61599e-07 -1.66280e+04 -1.66279e+04  0.00000e+00
1.874612844e+00 -2.4201058e-07  7.80119e+02  3.09655e+05 -2.41863e-07 -1.66280e+04 -1.66279e+04  0.00000e+00
1.875307145e+00 -2.5329911e-07  7.95525e+02  3.09655e+05 -2.53351e-07 -1.66280e+04 -1.66279e+04  0.00000e+00
1.876001703e+00 -2.3383059e-07  7.59604e+02  3.09655e+05 -2.33806e-07 -1.66280e+04 -1.66279e+04  0.00000e+00
1.876696519e+00 -2.5762570e-07  7.95453e+02  3.09655e+05 -2.57773e-07 -1.66280e+04 -1.66279e+04  0.00000e+00
1.877391592e+00 -2.5854264e-07  7.92978e+02  3.09655e+05 -2.58482e-07 -1.66280e+04 -1.66279e+04  0.00000e+00
1.878086922e+00 -2.6275377e-07  7.95858e+02  3.09655e+05 -2.62575e-07 -1.66280e+04 -1.66279e+04  0.00000e+00
1.878782510e+00 -2.8429842e-07  8.26026e+02  3.09655e+05 -2.84520e-07 -1.66280e+04 -1.66279e+04  0.00000e+00
1.879478355e+00 -2.6341487e-07  7.89973e+02  3.09655e+05 -2.63410e-07 -1.66280e+04 -1.66279e+04  0.00000e+00
1.880174458e+00 -2.6850670e-07  7.94503e+02  3.09655e+05 -2.68658e-07 -1.66280e+04 -1.66279e+04  0.00000e+00
1.880870819e+00 -2.4835670e-07  7.59052e+02  3.09655e+05 -2.48194e-07 -1.66280e+04 -1.66279e+04  0.00000e+00
1.881567438e+00 -2.8020050e-07  8.04662e+02  3.09655e+05 -2.80151e-07 -1.66280e+04 -1.66279e+04  0.00000e+00
1.882264315e+00 -2.6245491e-07  7.74247e+02  3.09655e+05 -2.62396e-07 -1.66280e+04 -1.66279e+04  0.00000e+00
1.882961449e+00 -2.5491338e-07  7.59198e+02  3.09655e+05 -2.54864e-07 -1.66280e+04 -1.66279e+04  0.00000e+00
1.883658843e+00 -2.5117091e-07  7.50075e+02  3.09655e+05 -2.51164e-07 -1.66280e+04 -1.66279e+04  0.00000e+00
1.884356494e+00 -2.6144515e-07  7.62275e+02  3.09655e+05 -2.61368e-07 -1.66280e+04 -1.66279e+04  0.00000e+00
1.885054404e+00 -2.9592882e-07  8.09109e+02  3.09655e+05 -2.95732e-07 -1.66280e+04 -1.66279e+04  0.00000e+00
1.885752572e+00 -2.8485311e-07  7.89899e+02  3.09655e+05 -2.84837e-07 -1.66280e+04 -1.66279e+04  0.00000e+00
1.886450999e+00 -2.6765090e-07  7.61108e+02  3.09655e+05 -2.67486e-07 -1.66280e+04 -1.66279e+04  0.00000e+00
1.887149685e+00 -2.8961213e-07  7.89424e+02  3.09655e+05 -2.89497e-07 -1.66280e+04 -1.66279e+04 -2.26405e-12
1.887848629e+00 -2.6363222e-07  7.48517e+02  3.09655e+05 -2.63551e-07 -1.66280e+04 -1.66279e+04  0.00000e+00
1.888547832e+00 -2.7732063e-07  7.64820e+02  3.09655e+05 -2.77133e-07 -1.66280e+04 -1.66279e+04  0.00000e+00
1.889247294e+00 -3.0507783e-07  8.00570e+02  3.09655e+05 -3.05261e-07 -1.66280e+04 -1.66279e+04  0.00000e+00
1.889947015e+00 -2.7006210e-07  7.48088e+02  3.09655e+05 -2.70202e-07 -1.66280e+04 -1.66279e+04  0.00000e+00
1.890646996e+00 -2.9740498e-07  7.82506e+02  3.09655e+05 -2.97251e-07 -1.66280e+04 -1.66279e+04  0.00000e+00
1.891347235e+00 -2.9341799e-07  7.73909e+02  3.09655e+05 -2.93524e-07 -1.66280e+04 -1.66279e+04  0.00000e+00
1.892047734e+00 -3.2683757e-07  8.14884e+02  3.09655e+05 -3.26987e-07 -1.66280e+04 -1.66279e+04  0.00000e+00
1.892748493e+00 -3.1830664e-07  7.99768e+02  3.09655e+05 -3.18162e-07 -1.66280e+04 -1.66279e+04  0.00000e+00
1.893449511e+00 -3.0964214e-07  7.85129e+02  3.09655e+05 -3.09717e-07 -1.66280e+04 -1.66279e+04  0.00000e+00
1.894150788e+00 -3.1212806e-07  7.84617e+02  3.09655e+05 -3.12017e-07 -1.66280e+04 -1.66279e+04  0.00000e+00
1.894852326e+00 -3.2910840e-07  8.02928e+02  3.09655e+05 -3.29016e-07 -1.66280e+04 -1.66279e+04  0.00000e+00
1.895554123e+00 -2.9481265e-07  7.55294e+02  3.09655e+05 -2.94985e-07 -1.66280e+04 -1.66279e+04  0.00000e+00
1.896256180e+00 -3.2361809e-07  7.88764e+02  3.09655e+05 -3.23482e-07 -1.66280e+04 -1.66279e+04  0.00000e+00
1.896958497e+00 -2.9770610e-07  7.52178e+02  3.09655e+05 -2.97742e-07 -1.66280e+04 -1.66279e+04  0.00000e+00
1.897661074e+00 -3.0166817e-07  7.53944e+02  3.09655e+05 -3.01686e-07 -1.66280e+04 -1.66279e+04  0.00000e+00
1.898363912e+00 -3.5101078e-07  8.11929e+02  3.09655e+05 -3.50979e-07 -1.66280e+04 -1.66279e+04  0.00000e+00
1.899067010e+00 -3.0978251e-07  7.57676e+02  3.09655e+05 -3.09878e-07 -1.66280e+04 -1.66279e+04  0.00000e+00
1.899770368e+00 -3.1599505e-07  7.61734e+02  3.09655e+05 -3.15796e-07 -1.66280e+04 -1.66279e+04  0.00000e+00
1.900473986e+00 -3.1960168e-07  7.63240e+02  3.09655e+05 -3.19747e-07 -1.66280e+04 -1.66279e+04  0.00000e+00
1.901177866e+00 -3.1980997e-07  7.59951e+02  3.09655e+05 -3.19837e-07 -1.66280e+04 -1.66279e+04  0.00000e+00
1.901882006e+00 -3.2693266e-07  7.65255e+02  3.09655e+05 -3.26960e-07 -1.66280e+04 -1.66279e+04  0.00000e+00
1.902586406e+00 -3.1595430e-07  7.48246e+02  3.09655e+05 -3.15794e-07 -1.66280e+04 -1.66279e+04  0.00000e+00
1.903291068e+00 -3.5735916e-07  7.94483e+02  3.09655e+05 -3.57543e-07 -1.66280e+04 -1.66279e+04  0.00000e+00
1.903995991e+00 -3.4813770e-07  7.80214e+02  3.09655e+05 -3.48264e-07 -1.66280e+04 -1.66279e+04 -2.26405e-12
1.904701174e+00 -3.3224637e-07  7.57895e+02  3.09655e+05 -3.32156e-07 -1.66280e+04 -1.66279e+04  0.00000e+00
1.905406619e+00 -3.3497454e-07  7.57625e+02  3.09655e+05 -3.34796e-07 -1.66280e+04 -1.66279e+04  0.00000e+00
1.906112325e+00 -3.7620507e-07  8.01444e+02  3.09655e+05 -3.76316e-07 -1.66280e+04 -1.66279e+04  0.00000e+00
1.906818293e+00 -3.5958472e-07  7.79231e+02  3.09655e+05 -3.59569e-07 -1.66280e+04 -1.66279e+04  0.00000e+00
1.907524522e+00 -3.4736793e-07  7.61812e+02  3.09655e+05 -3.47203e-07 -1.66280e+04 -1.66279e+04  0.00000e+00
1.908231012e+00 -3.3437684e-07  7.43596e+02  3.09655e+05 -3.34216e-07 -1.66280e+04 -1.66279e+04  0.00000e+00
1.908937765e+00 -3.4991045e-07  7.58119e+02  3.09655e+05 -3.49917e-07 -1.66280e+04 -1.66279e+04  0.00000e+00
1.909644779e+00 -3.6647420e-07  7.72881e+02  3.09655e+05 -3.66298e-07 -1.66280e+04 -1.66279e+04  0.00000e+00
1.910352054e+00 -3.5787310e-07  7.60088e+02  3.09655e+05 -3.57751e-07 -1.66280e+04 -1.66279e+04  0.00000e+00
1.911059592e+00 -4.0460978e-07  8.06512e+02  3.09655e+05 -4.04474e-07 -1.66280e+04 -1.66279e+04  0.00000e+00
1.911767392e+00 -4.1485006e-07  8.13641e+02  3.09655e+05 -4.14911e-07 -1.66280e+04 -1.66279e+04  0.00000e+00
1.912475454e+00 -3.6512936e-07  7.57999e+02  3.09655e+05 -3.65114e-07 -1.66280e+04 -1.66279e+04  0.00000e+00
1.913183778e+00 -3.5204092e-07  7.40362e+02  3.09655e+05 -3.51894e-07 -1.66280e+04 -1.66279e+04  0.00000e+00
1.913892365e+00 -3.7724200e-07  7.63958e+02  3.09655e+05 -3.77068e-07 -1.66280e+04 -1.66279e+04  0.00000e+00
1.914601214e+00 -3.7947435e-07  7.63006e+02  3.09655e+05 -3.79391e-07 -1.66280e+04 -1.66279e+04 -2.26405e-12
1.915310325e+00 -3.7072382e-07  7.50650e+02  3.09655e+05 -3.70780e-07 -1.66280e+04 -1.66279e+04  0.00000e+00
1.916019700e+00 -3.9736710e-07  7.74555e+02  3.09655e+05 -3.97265e-07 -1.66280e+04 -1.66279e+04  0.00000e+00
1.916729337e+00 -4.1549305e-07  7.89130e+02  3.09655e+05 -4.15321e-07 -1.66280e+04 -1.66279e+04  0.00000e+00
1.917439236e+00 -3.9733088e-07  7.67750e+02  3.09655e+05 -3.97290e-07 -1.66280e+04 -1.66279e+04  0.00000e+00
1.918149399e+00 -4.1109854e-07  7.77816e+02  3.09655e+05 -4.10881e-07 -1.66280e+04 -1.66279e+04 -2.26405e-12
1.918859825e+00 -3.8845356e-07  7.52284e+02  3.09655e+05 -3.88569e-07 -1.66280e+04 -1.66279e+04  0.00000e+00
1.919570514e+00 -3.9393707e-07  7.54260e+02  3.09655e+05 -3.93883e-07 -1.66280e+04 -1.66279e+04  0.00000e+00
1.920281466e+00 -4.0772058e-07  7.64561e+02  3.09655e+05 -4.07786e-07 -1.66280e+04 -1.66279e+04  0.00000e+00
1.920992681e+00 -4.6354288e-07  8.13797e+02  3.09655e+05 -4.63781e-07 -1.66280e+04 -1.66279e+04  0.00000e+00
1.921704160e+00 -4.0601575e-07  7.56231e+02  3.09655e+05 -4.06113e-07 -1.66280e+04 -1.66279e+04  0.00000e+00
1.922415902e+00 -4.2083619e-07  7.67014e+02  3.09655e+05 -4.20924e-07 -1.66280e+04 -1.66279e+04  0.00000e+00
1.923127908e+00 -4.1914722e-07  7.62133e+02  3.09655e+05 -4.19326e-07 -1.66280e+04 -1.66279e+04  0.00000e+00
1.923840177e+00 -4.4538071e-07  7.82725e+02  3.09655e+05 -4.45202e-07 -1.66280e+04 -1.66279e+04  0.00000e+00
1.924552711e+00 -4.3671168e-07  7.71698e+02  3.09655e+05 -4.36893e-07 -1.66280e+04 -1.66279e+04  0.00000e+00
1.925265508e+00 -4.3778257e-07  7.69011e+02  3.09655e+05 -4.37669e-07 -1.66280e+04 -1.66279e+04  0.00000e+00
1.925978569e+00 -4.4279290e-07  7.70346e+02  3.09655e+05 -4.42879e-07 -1.66280e+04 -1.66279e+04 -2.26405e-12
1.926691895e+00 -4.6105696e-07  7.83021e+02  3.09655e+05 -4.60921e-07 -1.66280e+04 -1.66279e+04 -2.26405e-12
1.927405484e+00 -4.5467688e-07  7.74161e+02  3.09655e+05 -4.54767e-07 -1.66280e+04 -1.66279e+04  0.00000e+00
1.928119338e+00 -4.0775454e-07  7.28459e+02  3.09655e+05 -4.07822e-07 -1.66280e+04 -1.66279e+04  0.00000e+00
1.928833457e+00 -4.5750241e-07  7.69715e+02  3.09655e+05 -4.57439e-07 -1.66280e+04 -1.66279e+04 -2.26405e-12
1.929547839e+00 -4.6268481e-07  7.70997e+02  3.09655e+05 -4.62814e-07 -1.66280e+04 -1.66279e+04 -2.26405e-12
1.930262487e+00 -4.6828605e-07  7.72155e+02  3.09655e+05 -4.68098e-07 -1.66280e+04 -1.66279e+04  0.00000e+00
1.930977399e+00 -4.9360713e-07  7.90233e+02  3.09655e+05 -4.93600e-07 -1.66280e+04 -1.66279e+04 -2.26405e-12
1.931692576e+00 -5.0457870e-07  7.95785e+02  3.09655e+05 -5.04549e-07 -1.66280e+04 -1.66279e+04  0.00000e+00
1.932408017e+00 -4.7069273e-07  7.64064e+02  3.09655e+05 -4.70484e-07 -1.66280e+04 -1.66279e+04  0.00000e+00
1.933123724e+00 -4.5780579e-07  7.49907e+02  3.09655e+05 -4.57663e-07 -1.66280e+04 -1.66279e+04  0.00000e+00
1.933839696e+00 -5.0538923e-07  7.86153e+02  3.09655e+05 -5.05518e-07 -1.66280e+04 -1.66279e+04  0.00000e+00
1.934555933e+00 -4.9409390e-07  7.73652e+02  3.09655e+05 -4.94307e-07 -1.66280e+04 -1.66279e+04  0.00000e+00
1.935272435e+00 -4.6274593e-07  7.44219e+02  3.09655e+05 -4.62563e-07 -1.66280e+04 -1.66279e+04  0.00000e+00
1.935989202e+00 -4.8438115e-07  7.58974e+02  3.09655e+05 -4.84497e-07 -1.66280e+04 -1.66279e+04  0.00000e+00
1.936706235e+00 -5.1259795e-07  7.77954e+02  3.09655e+05 -5.12428e-07 -1.66280e+04 -1.66279e+04  0.00000e+00
1.937423534e+00 -4.7540874e-07  7.45170e+02  3.09655e+05 -4.75592e-07 -1.66280e+04 -1.66279e+04  0.00000e+00
1.938141098e+00 -4.9763714e-07  7.59510e+02  3.09655e+05 -4.97587e-07 -1.66280e+04 -1.66279e+04  0.00000e+00
1.938858928e+00 -5.5053655e-07  7.97070e+02  3.09655e+05 -5.50702e-07 -1.66280e+04 -1.66279e+04  0.00000e+00
1.939577024e+00 -5.4074456e-07  7.86234e+02  3.09655e+05 -5.40917e-07 -1.66280e+04 -1.66279e+04  0.00000e+00
1.940295386e+00 -5.4975772e-07  7.89303e+02  3.09655e+05 -5.49599e-07 -1.66280e+04 -1.66279e+04  0.00000e+00
1.941014014e+00 -5.4687559e-07  7.83928e+02  3.09655e+05 -5.47000e-07 -1.66280e+04 -1.66279e+04  0.00000e+00
1.941732908e+00 -5.2489624e-07  7.63824e+02  3.09655e+05 -5.24681e-07 -1.66280e+04 -1.66279e+04  0.00000e+00
1.942452068e+00 -5.2180582e-07  7.58496e+02  3.09655e+05 -5.22016e-07 -1.66280e+04 -1.66279e+04  0.00000e+00
1.943171495e+00 -5.3890615e-07  7.67925e+02  3.09655e+05 -5.39117e-07 -1.66280e+04 -1.66279e+04  0.00000e+00
1.943891188e+00 -5.6002969e-07  7.79823e+02  3.09655e+05 -5.60014e-07 -1.66280e+04 -1.66279e+04 -2.26405e-12
1.944611148e+00 -5.3476521e-07  7.58131e+02  3.09655e+05 -5.34844e-07 -1.66280e+04 -1.66279e+04  0.00000e+00
1.945331374e+00 -5.8304598e-07  7.89321e+02  3.09655e+05 -5.82933e-07 -1.66280e+04 -1.66279e+04  0.00000e+00
1.946051867e+00 -6.1437810e-07  8.07614e+02  3.09655e+05 -6.14337e-07 -1.66280e+04 -1.66279e+04  0.00000e+00
1.946772627e+00 -5.2772856e-07  7.43199e+02  3.09655e+05 -5.27821e-07 -1.66280e+04 -1.66279e+04  0.00000e+00
1.947493654e+00 -5.5239760e-07  7.57527e+02  3.09655e+05 -5.52248e-07 -1.66280e+04 -1.66279e+04  0.00000e+00
1.948214948e+00 -6.0453177e-07  7.90640e+02  3.09655e+05 -6.04758e-07 -1.66280e+04 -1.66279e+04  0.00000e+00
1.948936509e+00 -5.8292825e-07  7.72313e+02  3.09655e+05 -5.82908e-07 -1.66280e+04 -1.66279e+04  0.00000e+00
1.949658338e+00 -5.7540482e-07  7.63767e+02  3.09655e+05 -5.75335e-07 -1.66280e+04 -1.66279e+04  0.00000e+00
1.950380433e+00 -5.9123276e-07  7.71370e+02  3.09655e+05 -5.91357e-07 -1.66280e+04 -1.66279e+04  0.00000e+00
1.951102796e+00 -5.8224224e-07  7.61740e+02  3.09655e+05 -5.82054e-07 -1.66280e+04 -1.66279e+04  0.00000e+00
1.951825427e+00 -5.8961850e-07  7.63644e+02  3.09655e+05 -5.89775e-07 -1.66280e+04 -1.66279e+04  0.00000e+00
1.952548325e+00 -5.9919767e-07  7.66662e+02  3.09655e+05 -5.99268e-07 -1.66280e+04 -1.66279e+04 -2.26405e-12
1.953271491e+00 -6.6854312e-07  8.07904e+02  3.09655e+05 -6.68443e-07 -1.66280e+04 -1.66279e+04  0.00000e+00
1.953994925e+00 -5.7288041e-07  7.42493e+02  3.09655e+05 -5.72840e-07 -1.66280e+04 -1.66279e+04  0.00000e+00
1.954718627e+00 -5.9515409e-07  7.54162e+02  3.09655e+05 -5.95294e-07 -1.66280e+04 -1.66279e+04  0.00000e+00
1.955442597e+00 -6.5657764e-07  7.89932e+02  3.09655e+05 -6.56365e-07 -1.66280e+04 -1.66279e+04  0.00000e+00
1.956166835e+00 -6.3856263e-07  7.75234e+02  3.09655e+05 -6.38348e-07 -1.66280e+04 -1.66279e+04  0.00000e+00
1.956891341e+00 -6.8446162e-07  8.00442e+02  3.09655e+05 -6.84600e-07 -1.66280e+04 -1.66278e+04  0.00000e+00
1.957616116e+00 -5.9455412e-07  7.40645e+02  3.09655e+05 -5.94371e-07 -1.66280e+04 -1.66279e+04  0.00000e+00
1.958341159e+00 -6.5825529e-07  7.77536e+02  3.09655e+05 -6.58262e-07 -1.66280e+04 -1.66279e+04  0.00000e+00
1.959066470e+00 -5.6435176e-07  7.14894e+02  3.09655e+05 -5.64404e-07 -1.66280e+04 -1.66279e+04  0.00000e+00
1.959792051e+00 -6.5762589e-07  7.70600e+02  3.09655e+05 -6.57857e-07 -1.66280e+04 -1.66279e+04  0.00000e+00
1.960517899e+00 -6.7994711e-07  7.80594e+02  3.09655e+05 -6.80031e-07 -1.66280e+04 -1.66278e+04  0.00000e+00
1.961244017e+00 -7.5484399e-07  8.20670e+02  3.09655e+05 -7.55043e-07 -1.66280e+04 -1.66278e+04  0.00000e+00
1.961970404e+00 -6.7129619e-07  7.68811e+02  3.09655e+05 -6.71464e-07 -1.66280e+04 -1.66279e+04  0.00000e+00
1.962697060e+00 -6.3559899e-07  7.44000e+02  3.09655e+05 -6.35545e-07 -1.66280e+04 -1.66279e+04  0.00000e+00
1.963423984e+00 -6.9146431e-07  7.73980e+02  3.09655e+05 -6.91591e-07 -1.66280e+04 -1.66278e+04  0.00000e+00
1.964151178e+00 -6.9045681e-07  7.69937e+02  3.09655e+05 -6.90353e-07 -1.66280e+04 -1.66278e+04  0.00000e+00
1.964878642e+00 -7.4315020e-07  7.96598e+02  3.09655e+05 -7.43275e-07 -1.66280e+04 -1.66278e+04  0.00000e+00
1.965606375e+00 -6.7797060e-07  7.56152e+02  3.09655e+05 -6.77873e-07 -1.66280e+04 -1.66278e+04 -2.26405e-12
1.966334377e+00 -7.1063172e-07  7.71592e+02  3.09655e+05 -7.10686e-07 -1.66280e+04 -1.66278e+04  0.00000e+00
1.967062649e+00 -6.8414465e-07  7.53164e+02  3.09655e+05 -6.83961e-07 -1.66280e+04 -1.66278e+04  0.00000e+00
1.967791191e+00 -7.5096115e-07  7.87080e+02  3.09655e+05 -7.50766e-07 -1.66280e+04 -1.66278e+04  0.00000e+00
1.968520002e+00 -7.2365450e-07  7.68896e+02  3.09655e+05 -7.23675e-07 -1.66280e+04 -1.66278e+04  0.00000e+00
1.969249084e+00 -7.5809516e-07  7.84330e+02  3.09655e+05 -7.58177e-07 -1.66280e+04 -1.66278e+04  0.00000e+00
1.969978435e+00 -6.8818371e-07  7.42623e+02  3.09655e+05 -6.88021e-07 -1.66280e+04 -1.66278e+04  0.00000e+00
1.970708057e+00 -7.1110943e-07  7.52235e+02  3.09655e+05 -7.11173e-07 -1.66280e+04 -1.66278e+04  0.00000e+00
1.971437949e+00 -7.7595395e-07  7.83569e+02  3.09655e+05 -7.75777e-07 -1.66280e+04 -1.66278e+04  0.00000e+00
1.972168111e+00 -7.5952604e-07  7.71582e+02  3.09655e+05 -7.59325e-07 -1.66280e+04 -1.66278e+04  0.00000e+00
1.972898544e+00 -7.1153733e-07  7.42896e+02  3.09655e+05 -7.11660e-07 -1.66280e+04 -1.66278e+04  0.00000e+00
1.973629247e+00 -8.0598877e-07  7.89027e+02  3.09655e+05 -8.05946e-07 -1.66280e+04 -1.66278e+04  0.00000e+00
1.974360221e+00 -7.9796047e-07  7.81587e+02  3.09655e+05 -7.97936e-07 -1.66280e+04 -1.66278e+04  0.00000e+00
1.975091465e+00 -7.5381611e-07  7.55585e+02  3.09655e+05 -7.53744e-07 -1.66280e+04 -1.66278e+04  0.00000e+00
1.975822981e+00 -9.1613910e-07  8.32705e+02  3.09655e+05 -9.16311e-07 -1.66280e+04 -1.66278e+04  0.00000e+00
1.976554767e+00 -8.8482283e-07  8.14173e+02  3.09655e+05 -8.84805e-07 -1.66280e+04 -1.66278e+04  0.00000e+00
1.977286824e+00 -7.7756595e-07  7.58020e+02  3.09655e+05 -7.77430e-07 -1.66280e+04 -1.66278e+04  0.00000e+00
1.978019153e+00 -8.4059697e-07  7.85955e+02  3.09655e+05 -8.40488e-07 -1.66280e+04 -1.66278e+04  0.00000e+00
1.978751752e+00 -8.3867932e-07  7.81779e+02  3.09655e+05 -8.38788e-07 -1.66280e+04 -1.66278e+04  0.00000e+00
1.979484623e+00 -8.0104636e-07  7.60165e+02  3.09655e+05 -8.01230e-07 -1.66280e+04 -1.66278e+04  0.00000e+00
1.980217766e+00 -8.8553147e-07  7.97191e+02  3.09655e+05 -8.85364e-07 -1.66280e+04 -1.66278e+04  0.00000e+00
1.980951180e+00 -9.0299858e-07  8.01891e+02  3.09655e+05 -9.02829e-07 -1.66280e+04 -1.66278e+04  0.00000e+00
1.981684865e+00 -8.9268133e-07  7.93753e+02  3.09655e+05 -8.92591e-07 -1.66280e+04 -1.66278e+04  0.00000e+00
1.982418823e+00 -8.6497621e-07  7.77614e+02  3.09655e+05 -8.65051e-07 -1.66280e+04 -1.66278e+04  0.00000e+00
1.983153052e+00 -9.1147290e-07  7.95584e+02  3.09655e+05 -9.11410e-07 -1.66280e+04 -1.66278e+04  0.00000e+00
1.983887553e+00 -8.9841615e-07  7.86396e+02  3.09655e+05 -8.98602e-07 -1.66280e+04 -1.66278e+04  0.00000e+00
1.984622326e+00 -8.8233011e-07  7.75725e+02  3.09655e+05 -8.82475e-07 -1.66280e+04 -1.66278e+04  0.00000e+00
1.985357372e+00 -9.3315566e-07  7.95152e+02  3.09655e+05 -9.33151e-07 -1.66280e+04 -1.66278e+04  0.00000e+00
1.986092689e+00 -9.3778563e-07  7.93914e+02  3.09655e+05 -9.38017e-07 -1.66280e+04 -1.66278e+04  0.00000e+00
1.986828279e+00 -9.0210428e-07  7.74715e+02  3.09655e+05 -9.02184e-07 -1.66280e+04 -1.66278e+04  0.00000e+00
1.987564141e+00 -8.7740355e-07  7.60317e+02  3.09655e+05 -8.77295e-07 -1.66280e+04 -1.66278e+04  0.00000e+00
1.988300276e+00 -9.7191385e-07  7.98469e+02  3.09655e+05 -9.72000e-07 -1.66280e+04 -1.66278e+04  0.00000e+00
1.989036684e+00 -9.1693378e-07  7.71309e+02  3.09655e+05 -9.16805e-07 -1.66280e+04 -1.66278e+04  0.00000e+00
1.989773364e+00 -9.7633327e-07  7.93510e+02  3.09655e+05 -9.76263e-07 -1.66280e+04 -1.66278e+04  0.00000e+00
1.990510317e+00 -1.0190060e-06  8.07864e+02  3.09655e+05 -1.01882e-06 -1.66280e+04 -1.66278e+04  0.00000e+00
1.991247543e+00 -9.8750407e-07  7.91449e+02  3.09655e+05 -9.87409e-07 -1.66280e+04 -1.66278e+04  0.00000e+00
1.991985042e+00 -1.0519207e-06  8.14545e+02  3.09655e+05 -1.05214e-06 -1.66280e+04 -1.66278e+04  0.00000e+00
1.992722814e+00 -9.7842751e-07  7.81061e+02  3.09655e+05 -9.78461e-07 -1.66280e+04 -1.66278e+04  0.00000e+00
1.993460860e+00 -9.7926521e-07  7.78157e+02  3.09655e+05 -9.79430e-07 -1.66280e+04 -1.66278e+04  0.00000e+00
1.994199179e+00 -9.8859081e-07  7.78516e+02  3.09655e+05 -9.88335e-07 -1.66280e+04 -1.66278e+04  0.00000e+00
1.994937771e+00 -1.0025962e-06  7.81039e+02  3.09655e+05 -1.00266e-06 -1.66280e+04 -1.66278e+04  0.00000e+00
1.995676637e+00 -1.0841743e-06  8.10075e+02  3.09655e+05 -1.08444e-06 -1.66280e+04 -1.66278e+04  0.00000e+00
1.996415776e+00 -9.5180234e-07  7.53819e+02  3.09655e+05 -9.51777e-07 -1.66280e+04 -1.66278e+04  0.00000e+00
1.997155190e+00 -1.0322008e-06  7.82860e+02  3.09655e+05 -1.03210e-06 -1.66280e+04 -1.66278e+04  0.00000e+00
1.997894877e+00 -1.1664791e-06  8.30825e+02  3.09655e+05 -1.16661e-06 -1.66280e+04 -1.66278e+04  0.00000e+00
1.998634838e+00 -1.0607278e-06  7.87326e+02  3.09655e+05 -1.06061e-06 -1.66280e+04 -1.66278e+04  0.00000e+00
1.999375073e+00 -1.0408427e-06  7.76412e+02  3.09655e+05 -1.04090e-06 -1.66280e+04 -1.66278e+04  0.00000e+00
2.000115582e+00 -1.1791464e-06  8.24890e+02  3.09655e+05 -1.17909e-06 -1.66280e+04 -1.66278e+04  0.00000e+00
2.000856366e+00 -1.0586789e-06  7.76689e+02  3.09655e+05 -1.05870e-06 -1.66280e+04 -1.66278e+04  0.00000e+00
2.001597424e+00 -1.0736487e-06  7.78997e+02  3.09655e+05 -1.07346e-06 -1.66280e+04 -1.66278e+04  0.00000e+00
2.002338756e+00 -1.1827689e-06  8.15797e+02  3.09655e+05 -1.18274e-06 -1.66280e+04 -1.66278e+04  0.00000e+00
2.003080363e+00 -1.0275618e-06  7.55073e+02  3.09655e+05 -1.02736e-06 -1.66280e+04 -1.66278e+04  0.00000e+00
2.003822245e+00 -1.1327992e-06  7.91070e+02  3.09655e+05 -1.13300e-06 -1.66280e+04 -1.66278e+04  0.00000e+00
2.004564401e+00 -1.1175893e-06  7.82161e+02  3.09655e+05 -1.11758e-06 -1.66280e+04 -1.66278e+04  0.00000e+00
2.005306832e+00 -1.1605609e-06  7.94293e+02  3.09655e+05 -1.16058e-06 -1.66280e+04 -1.66278e+04  0.00000e+00
2.006049538e+00 -1.1228713e-06  7.77476e+02  3.09655e+05 -1.12279e-06 -1.66280e+04 -1.66278e+04  0.00000e+00
2.006792520e+00 -1.2065550e-06  8.03716e+02  3.09655e+05 -1.20661e-06 -1.66280e+04 -1.66278e+04  0.00000e+00
2.007535776e+00 -1.1617880e-06  7.84672e+02  3.09655e+05 -1.16156e-06 -1.66280e+04 -1.66278e+04  0.00000e+00
2.008279308e+00 -1.1116937e-06  7.63867e+02  3.09655e+05 -1.11191e-06 -1.66280e+04 -1.66278e+04  0.00000e+00
2.009023115e+00 -1.3055956e-06  8.26871e+02  3.09655e+05 -1.30565e-06 -1.66280e+04 -1.66278e+04  0.00000e+00
2.009767198e+00 -1.2685287e-06  8.11076e+02  3.09655e+05 -1.26836e-06 -1.66280e+04 -1.66278e+04  0.00000e+00
2.010511556e+00 -1.2047845e-06  7.86438e+02  3.09655e+05 -1.20498e-06 -1.66280e+04 -1.66278e+04  0.00000e+00
2.011256190e+00 -1.3309688e-06  8.24712e+02  3.09655e+05 -1.33101e-06 -1.66280e+04 -1.66278e+04  0.00000e+00
2.012001100e+00 -1.2316587e-06  7.88759e+02  3.09655e+05 -1.23158e-06 -1.66280e+04 -1.66278e+04  0.00000e+00
2.012746285e+00 -1.2609034e-06  7.95117e+02  3.09655e+05 -1.26091e-06 -1.66280e+04 -1.66278e+04  0.00000e+00
2.013491747e+00 -1.2429744e-06  7.85866e+02  3.09655e+05 -1.24281e-06 -1.66280e+04 -1.66278e+04  0.00000e+00
2.014237484e+00 -1.2679038e-06  7.90746e+02  3.09655e+05 -1.26790e-06 -1.66280e+04 -1.66278e+04  0.00000e+00
2.014983498e+00 -1.2203023e-06  7.72008e+02  3.09655e+05 -1.22047e-06 -1.66280e+04 -1.66278e+04  0.00000e+00
2.015729789e+00 -1.3199927e-06  8.00639e+02  3.09655e+05 -1.31972e-06 -1.66280e+04 -1.66278e+04  0.00000e+00
2.016476355e+00 -1.3279395e-06  7.99957e+02  3.09655e+05 -1.32822e-06 -1.66280e+04 -1.66278e+04  0.00000e+00
2.017223198e+00 -1.3639355e-06  8.07742e+02  3.09655e+05 -1.36414e-06 -1.66280e+04 -1.66278e+04  0.00000e+00
2.017970318e+00 -1.2580756e-06  7.71311e+02  3.09655e+05 -1.25825e-06 -1.66280e+04 -1.66278e+04  0.00000e+00
2.018717714e+00 -1.3161031e-06  7.86147e+02  3.09655e+05 -1.31584e-06 -1.66280e+04 -1.66278e+04  0.00000e+00
2.019465388e+00 -1.3769878e-06  8.01604e+02  3.09655e+05 -1.37713e-06 -1.66280e+04 -1.66278e+04  0.00000e+00
2.020213338e+00 -1.5018499e-06  8.35101e+02  3.09655e+05 -1.50186e-06 -1.66280e+04 -1.66278e+04  0.00000e+00
2.020961565e+00 -1.3746128e-06  7.94171e+02  3.09655e+05 -1.37459e-06 -1.66280e+04 -1.66278e+04  0.00000e+00
2.021710069e+00 -1.2729685e-06  7.59968e+02  3.09655e+05 -1.27299e-06 -1.66280e+04 -1.66278e+04  0.00000e+00
2.022458851e+00 -1.3183082e-06  7.70620e+02  3.09655e+05 -1.31817e-06 -1.66280e+04 -1.66278e+04  0.00000e+00
2.023207910e+00 -1.4151913e-06  7.96199e+02  3.09655e+05 -1.41504e-06 -1.66280e+04 -1.66278e+04  0.00000e+00
2.023957246e+00 -1.3320170e-06  7.68406e+02  3.09655e+05 -1.33209e-06 -1.66280e+04 -1.66278e+04  0.00000e+00
2.024706860e+00 -1.4092097e-06  7.87832e+02  3.09655e+05 -1.40899e-06 -1.66280e+04 -1.66278e+04  0.00000e+00
2.025456751e+00 -1.4278473e-06  7.90058e+02  3.09655e+05 -1.42807e-06 -1.66280e+04 -1.66278e+04  0.00000e+00
2.026206920e+00 -1.5537848e-06  8.22138e+02  3.09655e+05 -1.55408e-06 -1.66280e+04 -1.66278e+04  0.00000e+00
2.026957367e+00 -1.5180853e-06  8.08826e+02  3.09655e+05 -1.51819e-06 -1.66280e+04 -1.66278e+04  0.00000e+00
2.027708092e+00 -1.4614819e-06  7.89694e+02  3.09655e+05 -1.46151e-06 -1.66280e+04 -1.66278e+04  0.00000e+00
2.028459095e+00 -1.4475739e-06  7.82498e+02  3.09655e+05 -1.44752e-06 -1.66280e+04 -1.66278e+04  0.00000e+00
2.029210376e+00 -1.6836731e-06  8.43036e+02  3.09655e+05 -1.68388e-06 -1.66280e+04 -1.66278e+04  0.00000e+00
2.029961936e+00 -1.4238082e-06  7.69443e+02  3.09655e+05 -1.42395e-06 -1.66280e+04 -1.66278e+04  0.00000e+00
2.030713773e+00 -1.5636311e-06  8.04442e+02  3.09655e+05 -1.56374e-06 -1.66280e+04 -1.66278e+04  0.00000e+00
2.031465890e+00 -1.4984651e-06  7.83614e+02  3.09655e+05 -1.49868e-06 -1.66280e+04 -1.66278e+04  0.00000e+00
2.032218284e+00 -1.4178108e-06  7.58249e+02  3.09655e+05 -1.41786e-06 -1.66280e+04 -1.66278e+04  0.00000e+00
2.032970958e+00 -1.5625942e-06  7.94225e+02  3.09655e+05 -1.56275e-06 -1.66280e+04 -1.66278e+04  0.00000e+00
2.033723910e+00 -1.5015533e-06  7.74713e+02  3.09655e+05 -1.50160e-06 -1.66280e+04 -1.66278e+04  0.00000e+00
2.034477141e+00 -1.5363245e-06  7.80738e+02  3.09655e+05 -1.53639e-06 -1.66280e+04 -1.66278e+04  0.00000e+00
2.035230651e+00 -1.6461375e-06  8.05917e+02  3.09655e+05 -1.64625e-06 -1.66280e+04 -1.66278e+04  0.00000e+00
2.035984440e+00 -1.6917965e-06  8.14078e+02  3.09655e+05 -1.69189e-06 -1.66280e+04 -1.66278e+04  0.00000e+00
2.036738509e+00 -1.5451226e-06  7.73411e+02  3.09655e+05 -1.54524e-06 -1.66280e+04 -1.66278e+04  0.00000e+00
2.037492856e+00 -1.6182716e-06  7.88857e+02  3.09655e+05 -1.61807e-06 -1.66280e+04 -1.66278e+04  0.00000e+00
2.038247483e+00 -1.5865093e-06  7.77552e+02  3.09655e+05 -1.58629e-06 -1.66280e+04 -1.66278e+04  0.00000e+00
2.039002390e+00 -1.6670278e-06  7.94602e+02  3.09655e+05 -1.66716e-06 -1.66280e+04 -1.66278e+04  0.00000e+00
2.039757576e+00 -1.7500571e-06  8.11605e+02  3.09655e+05 -1.75033e-06 -1.66280e+04 -1.66278e+04  0.00000e+00
2.040513042e+00 -1.6262365e-06  7.77932e+02  3.09655e+05 -1.62613e-06 -1.66280e+04 -1.66278e+04  0.00000e+00
2.041268787e+00 -1.7434031e-06  8.03323e+02  3.09655e+05 -1.74365e-06 -1.66280e+04 -1.66278e+04  0.00000e+00
2.042024813e+00 -1.6393159e-06  7.74845e+02  3.09655e+05 -1.63957e-06 -1.66280e+04 -1.66278e+04  0.00000e+00
2.042781118e+00 -1.6120930e-06  7.64970e+02  3.09655e+05 -1.61228e-06 -1.66280e+04 -1.66278e+04  0.00000e+00
2.043537704e+00 -1.6895415e-06  7.80500e+02  3.09655e+05 -1.68932e-06 -1.66280e+04 -1.66278e+04  0.00000e+00
2.044294569e+00 -1.8061919e-06  8.04755e+02  3.09655e+05 -1.80609e-06 -1.66280e+04 -1.66278e+04  0.00000e+00
2.045051716e+00 -1.8601893e-06  8.13837e+02  3.09655e+05 -1.86018e-06 -1.66280e+04 -1.66278e+04  0.00000e+00
2.045809142e+00 -1.8141273e-06  7.99969e+02  3.09655e+05 -1.81403e-06 -1.66280e+04 -1.66278e+04  0.00000e+00
2.046566849e+00 -1.7003795e-06  7.70348e+02  3.09655e+05 -1.70031e-06 -1.66280e+04 -1.66278e+04  0.00000e+00
2.047324837e+00 -1.8087616e-06  7.92248e+02  3.09655e+05 -1.80892e-06 -1.66280e+04 -1.66278e+04  0.00000e+00
2.048083105e+00 -1.6698511e-06  7.56857e+02  3.09655e+05 -1.66959e-06 -1.66280e+04 -1.66278e+04  0.00000e+00
2.048841655e+00 -1.9177821e-06  8.09953e+02  3.09655e+05 -1.91761e-06 -1.66280e+04 -1.66277e+04  0.00000e+00
2.049600485e+00 -1.9262587e-06  8.08520e+02  3.09655e+05 -1.92627e-06 -1.66280e+04 -1.66277e+04  0.00000e+00
2.050359596e+00 -1.9189572e-06  8.03630e+02  3.09655e+05 -1.91905e-06 -1.66280e+04 -1.66277e+04  0.00000e+00
2.051118989e+00 -1.7186231e-06  7.55795e+02  3.09655e+05 -1.71860e-06 -1.66280e+04 -1.66278e+04  0.00000e+00
2.051878662e+00 -1.8634677e-06  7.84950e+02  3.09655e+05 -1.86334e-06 -1.66280e+04 -1.66278e+04  0.00000e+00
2.052638617e+00 -1.8833415e-06  7.86056e+02  3.09655e+05 -1.88321e-06 -1.66280e+04 -1.66277e+04  0.00000e+00
2.053398854e+00 -1.8971635e-06  7.85869e+02  3.09655e+05 -1.89727e-06 -1.66280e+04 -1.66277e+04  0.00000e+00
2.054159372e+00 -1.9291771e-06  7.89520e+02  3.09655e+05 -1.92944e-06 -1.66280e+04 -1.66277e+04  0.00000e+00
2.054920172e+00 -2.0362936e-06  8.08609e+02  3.09655e+05 -2.03620e-06 -1.66280e+04 -1.66277e+04  0.00000e+00
2.055681253e+00 -1.8943764e-06  7.75604e+02  3.09655e+05 -1.89412e-06 -1.66280e+04 -1.66277e+04  0.00000e+00
2.056442617e+00 -2.0154123e-06  7.97704e+02  3.09655e+05 -2.01523e-06 -1.66280e+04 -1.66277e+04  0.00000e+00
2.057204262e+00 -1.9282420e-06  7.76481e+02  3.09655e+05 -1.92839e-06 -1.66280e+04 -1.66277e+04  0.00000e+00
2.057966190e+00 -1.9672266e-06  7.81301e+02  3.09655e+05 -1.96695e-06 -1.66280e+04 -1.66277e+04  0.00000e+00
2.058728399e+00 -1.8712560e-06  7.58207e+02  3.09655e+05 -1.87109e-06 -1.66280e+04 -1.66278e+04  0.00000e+00
2.059490891e+00 -1.9977731e-06  7.81243e+02  3.09655e+05 -1.99787e-06 -1.66280e+04 -1.66277e+04  0.00000e+00
2.060253666e+00 -1.9266662e-06  7.63548e+02  3.09655e+05 -1.92666e-06 -1.66280e+04 -1.66277e+04  0.00000e+00
2.061016723e+00 -2.1641555e-06  8.07759e+02  3.09655e+05 -2.16419e-06 -1.66280e+04 -1.66277e+04  0.00000e+00
2.061780062e+00 -2.0753665e-06  7.87170e+02  3.09655e+05 -2.07554e-06 -1.66280e+04 -1.66277e+04  0.00000e+00
2.062543685e+00 -2.0647141e-06  7.81895e+02  3.09655e+05 -2.06499e-06 -1.66280e+04 -1.66277e+04  0.00000e+00
2.063307590e+00 -2.1230156e-06  7.89954e+02  3.09655e+05 -2.12278e-06 -1.66280e+04 -1.66277e+04  0.00000e+00
2.064071778e+00 -2.2995975e-06  8.20133e+02  3.09655e+05 -2.29947e-06 -1.66280e+04 -1.66277e+04  0.00000e+00
2.064836249e+00 -2.1795103e-06  7.94334e+02  3.09655e+05 -2.17942e-06 -1.66280e+04 -1.66277e+04  0.00000e+00
2.065601003e+00 -2.1260630e-06  7.80962e+02  3.09655e+05 -2.12594e-06 -1.66280e+04 -1.66277e+04  0.00000e+00
2.066366040e+00 -2.1451421e-06  7.81416e+02  3.09655e+05 -2.14506e-06 -1.66280e+04 -1.66277e+04  0.00000e+00
2.067131361e+00 -2.1254788e-06  7.74516e+02  3.09655e+05 -2.12531e-06 -1.66280e+04 -1.66277e+04  0.00000e+00
2.067896965e+00 -2.1763225e-06  7.80974e+02  3.09655e+05 -2.17656e-06 -1.66280e+04 -1.66277e+04  0.00000e+00
2.068662853e+00 -2.1877084e-06  7.79903e+02  3.09655e+05 -2.18787e-06 -1.66280e+04 -1.66277e+04  0.00000e+00
2.069429024e+00 -2.3156949e-06  7.99980e+02  3.09655e+05 -2.31564e-06 -1.66280e+04 -1.66277e+04  0.00000e+00
2.070195480e+00 -2.0846151e-06  7.54448e+02  3.09655e+05 -2.08464e-06 -1.66280e+04 -1.66277e+04  0.00000e+00
2.070962219e+00 -2.1147427e-06  7.57012e+02  3.09655e+05 -2.11481e-06 -1.66280e+04 -1.66277e+04  0.00000e+00
2.071729242e+00 -2.3884273e-06  8.03125e+02  3.09655e+05 -2.38855e-06 -1.66280e+04 -1.66277e+04  0.00000e+00
2.072496549e+00 -2.3474866e-06  7.92744e+02  3.09655e+05 -2.34777e-06 -1.66280e+04 -1.66277e+04  0.00000e+00
2.073264140e+00 -2.3253623e-06  7.85611e+02  3.09655e+05 -2.32536e-06 -1.66280e+04 -1.66277e+04  0.00000e+00
2.074032016e+00 -2.4680696e-06  8.07034e+02  3.09655e+05 -2.46811e-06 -1.66280e+04 -1.66277e+04  0.00000e+00
2.074800176e+00 -2.2241278e-06  7.61533e+02  3.09655e+05 -2.22441e-06 -1.66280e+04 -1.66277e+04  0.00000e+00
2.075568620e+00 -2.4179052e-06  7.92026e+02  3.09655e+05 -2.41799e-06 -1.66280e+04 -1.66277e+04  0.00000e+00
2.076337349e+00 -2.3423834e-06  7.75948e+02  3.09655e+05 -2.34254e-06 -1.66280e+04 -1.66277e+04  0.00000e+00
2.077106363e+00 -2.3903789e-06  7.80991e+02  3.09655e+05 -2.39051e-06 -1.66280e+04 -1.66277e+04  0.00000e+00
2.077875662e+00 -2.4073412e-06  7.80726e+02  3.09655e+05 -2.40762e-06 -1.66280e+04 -1.66277e+04  0.00000e+00
2.078645245e+00 -2.4112036e-06  7.78156e+02  3.09655e+05 -2.41108e-06 -1.66280e+04 -1.66277e+04  0.00000e+00
2.079415114e+00 -2.4149234e-06  7.75650e+02  3.09655e+05 -2.41486e-06 -1.66280e+04 -1.66277e+04  0.00000e+00
2.080185268e+00 -2.4270746e-06  7.74532e+02  3.09655e+05 -2.42696e-06 -1.66280e+04 -1.66277e+04  0.00000e+00
2.080955707e+00 -2.4719796e-06  7.78844e+02  3.09655e+05 -2.47221e-06 -1.66280e+04 -1.66277e+04  0.00000e+00
2.081726431e+00 -2.5284608e-06  7.84788e+02  3.09655e+05 -2.52825e-06 -1.66280e+04 -1.66277e+04  0.00000e+00
2.082497441e+00 -2.5033480e-06  7.77578e+02  3.09655e+05 -2.50307e-06 -1.66280e+04 -1.66277e+04  0.00000e+00
2.083268736e+00 -2.5368015e-06  7.79893e+02  3.09655e+05 -2.53708e-06 -1.66280e+04 -1.66277e+04  0.00000e+00
2.084040317e+00 -2.5878082e-06  7.84777e+02  3.09655e+05 -2.58777e-06 -1.66280e+04 -1.66277e+04  0.00000e+00
2.084812184e+00 -2.5037351e-06  7.68361e+02  3.09655e+05 -2.50384e-06 -1.66280e+04 -1.66277e+04  0.00000e+00
2.085584337e+00 -2.7335991e-06  8.01010e+02  3.09655e+05 -2.73387e-06 -1.66280e+04 -1.66277e+04  0.00000e+00
2.086356775e+00 -2.4829693e-06  7.58865e+02  3.09655e+05 -2.48271e-06 -1.66280e+04 -1.66277e+04  0.00000e+00
2.087129500e+00 -2.6881303e-06  7.87691e+02  3.09655e+05 -2.68841e-06 -1.66280e+04 -1.66277e+04  0.00000e+00
2.087902511e+00 -2.7566924e-06  7.94794e+02  3.09655e+05 -2.75654e-06 -1.66280e+04 -1.66277e+04  0.00000e+00
2.088675808e+00 -2.6731831e-06  7.79115e+02  3.09655e+05 -2.67341e-06 -1.66280e+04 -1.66277e+04  0.00000e+00
2.089449392e+00 -2.6971910e-06  7.79538e+02  3.09655e+05 -2.69700e-06 -1.66280e+04 -1.66277e+04  0.00000e+00
2.090223262e+00 -2.7953736e-06  7.90997e+02  3.09655e+05 -2.79540e-06 -1.66280e+04 -1.66277e+04  0.00000e+00
2.090997419e+00 -2.6174785e-06  7.61423e+02  3.09655e+05 -2.61767e-06 -1.66280e+04 -1.66277e+04  0.00000e+00
2.091771862e+00 -2.6669569e-06  7.65724e+02  3.09655e+05 -2.66680e-06 -1.66280e+04 -1.66277e+04  0.00000e+00
2.092546593e+00 -2.6558405e-06  7.61002e+02  3.09655e+05 -2.65561e-06 -1.66280e+04 -1.66277e+04  0.00000e+00
2.093321610e+00 -2.7377627e-06  7.70030e+02  3.09655e+05 -2.73775e-06 -1.66280e+04 -1.66277e+04  0.00000e+00
2.094096914e+00 -2.8961530e-06  7.89712e+02  3.09655e+05 -2.89642e-06 -1.66280e+04 -1.66277e+04  0.00000e+00
2.094872506e+00 -2.8785025e-06  7.83981e+02  3.09655e+05 -2.87821e-06 -1.66280e+04 -1.66277e+04  0.00000e+00
2.095648384e+00 -2.7940129e-06  7.68897e+02  3.09655e+05 -2.79392e-06 -1.66280e+04 -1.66277e+04  0.00000e+00
2.096424550e+00 -2.8014503e-06  7.66862e+02  3.09655e+05 -2.80120e-06 -1.66280e+04 -1.66277e+04  0.00000e+00
2.097201004e+00 -2.8974549e-06  7.77308e+02  3.09655e+05 -2.89745e-06 -1.66280e+04 -1.66277e+04  0.00000e+00
2.097977745e+00 -2.9159521e-06  7.76766e+02  3.09655e+05 -2.91594e-06 -1.66280e+04 -1.66277e+04  0.00000e+00
2.098754774e+00 -2.9270799e-06  7.75240e+02  3.09655e+05 -2.92736e-06 -1.66280e+04 -1.66277e+04  0.00000e+00
2.099532090e+00 -2.9955469e-06  7.81439e+02  3.09655e+05 -2.99559e-06 -1.66280e+04 -1.66277e+04  0.00000e+00
2.100309695e+00 -2.9191195e-06  7.67963e+02  3.09655e+05 -2.91921e-06 -1.66280e+04 -1.66277e+04  0.00000e+00
2.101087587e+00 -2.8939501e-06  7.61472e+02  3.09655e+05 -2.89399e-06 -1.66280e+04 -1.66277e+04  0.00000e+00
2.101865768e+00 -2.9618986e-06  7.67579e+02  3.09655e+05 -2.96159e-06 -1.66280e+04 -1.66277e+04  0.00000e+00
2.102644237e+00 -3.1140651e-06  7.84678e+02  3.09655e+05 -3.11386e-06 -1.66280e+04 -1.66277e+04  0.00000e+00
2.103422994e+00 -2.9744709e-06  7.63223e+02  3.09655e+05 -2.97462e-06 -1.66280e+04 -1.66277e+04  0.00000e+00
2.104202039e+00 -3.0558724e-06  7.70921e+02  3.09655e+05 -3.05611e-06 -1.66280e+04 -1.66277e+04  0.00000e+00
2.104981373e+00 -3.0235826e-06  7.63635e+02  3.09655e+05 -3.02378e-06 -1.66280e+04 -1.66277e+04  0.00000e+00
2.105760996e+00 -3.1100329e-06  7.71803e+02  3.09655e+05 -3.11022e-06 -1.66280e+04 -1.66277e+04  0.00000e+00
2.106540908e+00 -2.9877472e-06  7.52901e+02  3.09655e+05 -2.98780e-06 -1.66280e+04 -1.66277e+04  0.00000e+00
2.107321108e+00 -3.1876783e-06  7.75488e+02  3.09655e+05 -3.18739e-06 -1.66280e+04 -1.66277e+04  0.00000e+00
2.108101597e+00 -3.1173208e-06  7.63521e+02  3.09655e+05 -3.11704e-06 -1.66280e+04 -1.66277e+04  0.00000e+00
2.108882376e+00 -3.3042336e-06  7.83824e+02  3.09655e+05 -3.30394e-06 -1.66280e+04 -1.66277e+04  0.00000e+00
2.109663443e+00 -3.1370225e-06  7.59982e+02  3.09655e+05 -3.13690e-06 -1.66280e+04 -1.66277e+04  0.00000e+00
2.110444800e+00 -3.2028451e-06  7.65149e+02  3.09655e+05 -3.20257e-06 -1.66280e+04 -1.66277e+04  0.00000e+00
2.111226446e+00 -3.1221251e-06  7.52141e+02  3.09655e+05 -3.12216e-06 -1.66280e+04 -1.66277e+04  0.00000e+00
2.112008382e+00 -3.4493204e-06  7.88948e+02  3.09655e+05 -3.44961e-06 -1.66280e+04 -1.66277e+04  0.00000e+00
2.112790607e+00 -3.3394961e-06  7.72719e+02  3.09655e+05 -3.33965e-06 -1.66280e+04 -1.66277e+04  0.00000e+00
2.113573122e+00 -3.2609858e-06  7.60235e+02  3.09655e+05 -3.26122e-06 -1.66280e+04 -1.66277e+04  0.00000e+00
2.114355927e+00 -3.2726094e-06  7.58623e+02  3.09655e+05 -3.27278e-06 -1.66280e+04 -1.66277e+04  0.00000e+00
2.115139022e+00 -3.2742780e-06  7.55820e+02  3.09655e+05 -3.27439e-06 -1.66280e+04 -1.66277e+04  0.00000e+00
2.115922407e+00 -3.2982429e-06  7.55705e+02  3.09655e+05 -3.29849e-06 -1.66280e+04 -1.66277e+04  0.00000e+00
2.116706082e+00 -3.3609298e-06  7.60057e+02  3.09655e+05 -3.36077e-06 -1.66280e+04 -1.66277e+04  0.00000e+00
2.117490047e+00 -3.5050295e-06  7.73730e+02  3.09655e+05 -3.50491e-06 -1.66280e+04 -1.66277e+04  0.00000e+00
2.118274303e+00 -3.4868787e-06  7.68639e+02  3.09655e+05 -3.48706e-06 -1.66280e+04 -1.66277e+04  0.00000e+00
2.119058849e+00 -3.4780625e-06  7.64583e+02  3.09655e+05 -3.47806e-06 -1.66280e+04 -1.66277e+04  0.00000e+00
2.119843685e+00 -3.4895117e-06  7.62898e+02  3.09655e+05 -3.48975e-06 -1.66280e+04 -1.66277e+04  0.00000e+00
2.120628813e+00 -3.4903585e-06  7.59952e+02  3.09655e+05 -3.49027e-06 -1.66280e+04 -1.66277e+04  0.00000e+00
2.121414231e+00 -3.5773861e-06  7.66708e+02  3.09655e+05 -3.57746e-06 -1.66280e+04 -1.66277e+04  0.00000e+00
2.122199940e+00 -3.5397418e-06  7.59489e+02  3.09655e+05 -3.53960e-06 -1.66280e+04 -1.66277e+04  0.00000e+00
2.122985940e+00 -3.5268617e-06  7.55077e+02  3.09655e+05 -3.52673e-06 -1.66280e+04 -1.66277e+04  0.00000e+00
2.123772231e+00 -3.6694965e-06  7.67711e+02  3.09655e+05 -3.66920e-06 -1.66280e+04 -1.66277e+04  0.00000e+00
2.124558813e+00 -3.4235171e-06  7.37736e+02  3.09655e+05 -3.42365e-06 -1.66280e+04 -1.66277e+04  0.00000e+00
2.125345687e+00 -3.6754170e-06  7.62374e+02  3.09655e+05 -3.67555e-06 -1.66280e+04 -1.66277e+04  0.00000e+00
2.126132852e+00 -3.7278659e-06  7.64943e+02  3.09655e+05 -3.72764e-06 -1.66280e+04 -1.66276e+04  0.00000e+00
2.126920308e+00 -3.7098758e-06  7.60025e+02  3.09655e+05 -3.70959e-06 -1.66280e+04 -1.66276e+04  0.00000e+00
2.127708057e+00 -3.8496398e-06  7.71736e+02  3.09655e+05 -3.84966e-06 -1.66280e+04 -1.66276e+04  0.00000e+00
2.128496097e+00 -3.8020949e-06  7.63758e+02  3.09655e+05 -3.80200e-06 -1.66280e+04 -1.66276e+04  0.00000e+00
2.129284428e+00 -3.9184691e-06  7.72798e+02  3.09655e+05 -3.91880e-06 -1.66280e+04 -1.66276e+04  0.00000e+00
2.130073052e+00 -3.8891791e-06  7.66770e+02  3.09655e+05 -3.88942e-06 -1.66280e+04 -1.66276e+04  0.00000e+00
2.130861968e+00 -3.7775073e-06  7.52278e+02  3.09655e+05 -3.77735e-06 -1.66280e+04 -1.66276e+04  0.00000e+00
2.131651176e+00 -3.8695634e-06  7.58732e+02  3.09655e+05 -3.86928e-06 -1.66280e+04 -1.66276e+04  0.00000e+00
2.132440677e+00 -3.8698623e-06  7.55818e+02  3.09655e+05 -3.86981e-06 -1.66280e+04 -1.66276e+04  0.00000e+00
2.133230470e+00 -3.8690676e-06  7.52775e+02  3.09655e+05 -3.86893e-06 -1.66280e+04 -1.66276e+04  0.00000e+00
2.134020555e+00 -3.9790979e-06  7.60807e+02  3.09655e+05 -3.97891e-06 -1.66280e+04 -1.66276e+04  0.00000e+00
2.134810933e+00 -3.8636452e-06  7.46382e+02  3.09655e+05 -3.86369e-06 -1.66280e+04 -1.66276e+04  0.00000e+00
2.135601604e+00 -3.9778550e-06  7.54786e+02  3.09655e+05 -3.97801e-06 -1.66280e+04 -1.66276e+04  0.00000e+00
2.136392567e+00 -3.9752468e-06  7.51574e+02  3.09655e+05 -3.97528e-06 -1.66280e+04 -1.66276e+04  0.00000e+00
2.137183824e+00 -4.1032604e-06  7.61049e+02  3.09655e+05 -4.10336e-06 -1.66280e+04 -1.66276e+04  0.00000e+00
2.137975373e+00 -4.1131317e-06  7.59034e+02  3.09655e+05 -4.11333e-06 -1.66280e+04 -1.66276e+04  0.00000e+00
2.138767216e+00 -4.2615466e-06  7.70086e+02  3.09655e+05 -4.26159e-06 -1.66280e+04 -1.66276e+04  0.00000e+00
2.139559352e+00 -3.9826253e-06  7.40666e+02  3.09655e+05 -3.98294e-06 -1.66280e+04 -1.66276e+04  0.00000e+00
2.140351781e+00 -4.2503826e-06  7.63068e+02  3.09655e+05 -4.25055e-06 -1.66280e+04 -1.66276e+04  0.00000e+00
2.141144504e+00 -4.2726676e-06  7.62163e+02  3.09655e+05 -4.27288e-06 -1.66280e+04 -1.66276e+04  0.00000e+00
2.141937521e+00 -4.2950545e-06  7.61233e+02  3.09655e+05 -4.29502e-06 -1.66280e+04 -1.66276e+04  0.00000e+00
2.142730831e+00 -4.3143600e-06  7.60042e+02  3.09655e+05 -4.31438e-06 -1.66280e+04 -1.66276e+04  0.00000e+00
2.143524435e+00 -4.2428999e-06  7.50570e+02  3.09655e+05 -4.24301e-06 -1.66280e+04 -1.66276e+04  0.00000e+00
2.144318333e+00 -4.1826062e-06  7.42146e+02  3.09655e+05 -4.18286e-06 -1.66280e+04 -1.66276e+04  0.00000e+00
2.145112525e+00 -4.1230233e-06  7.33751e+02  3.09655e+05 -4.12280e-06 -1.66280e+04 -1.66276e+04  0.00000e+00
2.145907011e+00 -4.2145134e-06  7.39259e+02  3.09655e+05 -4.21431e-06 -1.66280e+04 -1.66276e+04  0.00000e+00
2.146701791e+00 -4.2472650e-06  7.39364e+02  3.09655e+05 -4.24722e-06 -1.66280e+04 -1.66276e+04  0.00000e+00
2.147496866e+00 -4.3626317e-06  7.46774e+02  3.09655e+05 -4.36239e-06 -1.66280e+04 -1.66276e+04  0.00000e+00
2.148292235e+00 -4.5412649e-06  7.59550e+02  3.09655e+05 -4.54147e-06 -1.66280e+04 -1.66276e+04  0.00000e+00
2.149087899e+00 -4.4860222e-06  7.51799e+02  3.09655e+05 -4.48596e-06 -1.66280e+04 -1.66276e+04  0.00000e+00
2.149883858e+00 -4.6214030e-06  7.60546e+02  3.09655e+05 -4.62169e-06 -1.66280e+04 -1.66276e+04  0.00000e+00
2.150680111e+00 -4.4668593e-06  7.44334e+02  3.09655e+05 -4.46678e-06 -1.66280e+04 -1.66276e+04  0.00000e+00
2.151476659e+00 -4.5241057e-06  7.46374e+02  3.09655e+05 -4.52418e-06 -1.66280e+04 -1.66276e+04  0.00000e+00
2.152273502e+00 -4.7467474e-06  7.62205e+02  3.09655e+05 -4.74653e-06 -1.66280e+04 -1.66276e+04  0.00000e+00
2.153070641e+00 -4.5838153e-06  7.45657e+02  3.09655e+05 -4.58384e-06 -1.66280e+04 -1.66276e+04  0.00000e+00
2.153868074e+00 -4.6614042e-06  7.49280e+02  3.09655e+05 -4.66165e-06 -1.66280e+04 -1.66276e+04  0.00000e+00
2.154665803e+00 -4.7253544e-06  7.51676e+02  3.09655e+05 -4.72564e-06 -1.66280e+04 -1.66276e+04  0.00000e+00
2.155463828e+00 -4.5564385e-06  7.34782e+02  3.09655e+05 -4.55661e-06 -1.66280e+04 -1.66276e+04  0.00000e+00
2.156262148e+00 -4.6625068e-06  7.40687e+02  3.09655e+05 -4.66227e-06 -1.66280e+04 -1.66276e+04  0.00000e+00
2.157060763e+00 -4.7641737e-06  7.46112e+02  3.09655e+05 -4.76385e-06 -1.66280e+04 -1.66276e+04  0.00000e+00
2.157859675e+00 -4.8286175e-06  7.48446e+02  3.09655e+05 -4.82854e-06 -1.66280e+04 -1.66276e+04  0.00000e+00
2.158658882e+00 -4.7091302e-06  7.35939e+02  3.09655e+05 -4.70892e-06 -1.66280e+04 -1.66276e+04  0.00000e+00
2.159458385e+00 -4.8694156e-06  7.45940e+02  3.09655e+05 -4.86944e-06 -1.66280e+04 -1.66276e+04  0.00000e+00
2.160258184e+00 -4.8007290e-06  7.37626e+02  3.09655e+05 -4.80081e-06 -1.66280e+04 -1.66276e+04  0.00000e+00
2.161058280e+00 -4.9244002e-06  7.44516e+02  3.09655e+05 -4.92431e-06 -1.66280e+04 -1.66276e+04  0.00000e+00
2.161858672e+00 -4.9146806e-06  7.40896e+02  3.09655e+05 -4.91462e-06 -1.66280e+04 -1.66276e+04  0.00000e+00
2.162659360e+00 -4.9820496e-06  7.43262e+02  3.09655e+05 -4.98190e-06 -1.66280e+04 -1.66276e+04  0.00000e+00
2.163460345e+00 -5.1120239e-06  7.50338e+02  3.09655e+05 -5.11174e-06 -1.66280e+04 -1.66276e+04  0.00000e+00
2.164261627e+00 -4.9238410e-06  7.33120e+02  3.09655e+05 -4.92410e-06 -1.66280e+04 -1.66276e+04  0.00000e+00
2.165063205e+00 -5.0347203e-06  7.38775e+02  3.09655e+05 -5.03503e-06 -1.66280e+04 -1.66276e+04  0.00000e+00
2.165865081e+00 -5.0501181e-06  7.37085e+02  3.09655e+05 -5.05016e-06 -1.66280e+04 -1.66276e+04  0.00000e+00
2.166667253e+00 -5.1745998e-06  7.43592e+02  3.09655e+05 -5.17489e-06 -1.66280e+04 -1.66276e+04  0.00000e+00
2.167469722e+00 -5.0980208e-06  7.35026e+02  3.09655e+05 -5.09807e-06 -1.66280e+04 -1.66276e+04  0.00000e+00
2.168272489e+00 -4.9165440e-06  7.18600e+02  3.09655e+05 -4.91649e-06 -1.66280e+04 -1.66276e+04  0.00000e+00
2.169075553e+00 -5.1398422e-06  7.32508e+02  3.09655e+05 -5.14004e-06 -1.66280e+04 -1.66276e+04  0.00000e+00
2.169878914e+00 -5.3144522e-06  7.42399e+02  3.09655e+05 -5.31419e-06 -1.66280e+04 -1.66276e+04  0.00000e+00
2.170682573e+00 -5.4012036e-06  7.45795e+02  3.09655e+05 -5.40109e-06 -1.66280e+04 -1.66276e+04  0.00000e+00
2.171486529e+00 -5.3473940e-06  7.39126e+02  3.09655e+05 -5.34768e-06 -1.66280e+04 -1.66276e+04  0.00000e+00
2.172290784e+00 -5.2808379e-06  7.31538e+02  3.09655e+05 -5.28107e-06 -1.66280e+04 -1.66276e+04  0.00000e+00
2.173095336e+00 -5.5066470e-06  7.44693e+02  3.09655e+05 -5.50662e-06 -1.66280e+04 -1.66276e+04  0.00000e+00
2.173900186e+00 -5.2984454e-06  7.27204e+02  3.09655e+05 -5.29858e-06 -1.66280e+04 -1.66276e+04  0.00000e+00
2.174705334e+00 -5.4992775e-06  7.38499e+02  3.09655e+05 -5.49924e-06 -1.66280e+04 -1.66276e+04  0.00000e+00
2.175510781e+00 -5.3790590e-06  7.27328e+02  3.09655e+05 -5.37925e-06 -1.66280e+04 -1.66276e+04  0.00000e+00
2.176316525e+00 -5.7527645e-06  7.50175e+02  3.09655e+05 -5.75271e-06 -1.66280e+04 -1.66276e+04  0.00000e+00
2.177122568e+00 -5.5055964e-06  7.30497e+02  3.09655e+05 -5.50535e-06 -1.66280e+04 -1.66276e+04  0.00000e+00
2.177928910e+00 -5.7159670e-06  7.41991e+02  3.09655e+05 -5.71594e-06 -1.66280e+04 -1.66276e+04  0.00000e+00
2.178735550e+00 -5.8703002e-06  7.49434e+02  3.09655e+05 -5.87029e-06 -1.66280e+04 -1.66276e+04  0.00000e+00
2.179542490e+00 -5.7669058e-06  7.39757e+02  3.09655e+05 -5.76719e-06 -1.66280e+04 -1.66276e+04  0.00000e+00
2.180349728e+00 -5.7632244e-06  7.36696e+02  3.09655e+05 -5.76351e-06 -1.66280e+04 -1.66276e+04  0.00000e+00
2.181157264e+00 -5.7040785e-06  7.29955e+02  3.09655e+05 -5.70391e-06 -1.66280e+04 -1.66276e+04  0.00000e+00
2.181965100e+00 -5.6670229e-06  7.24762e+02  3.09655e+05 -5.66732e-06 -1.66280e+04 -1.66276e+04  0.00000e+00
2.182773236e+00 -5.8942696e-06  7.36822e+02  3.09655e+05 -5.89420e-06 -1.66280e+04 -1.66276e+04  0.00000e+00
2.183581670e+00 -5.8835041e-06  7.33352e+02  3.09655e+05 -5.88382e-06 -1.66280e+04 -1.66276e+04  0.00000e+00
2.184390404e+00 -5.8221213e-06  7.26610e+02  3.09655e+05 -5.82240e-06 -1.66280e+04 -1.66276e+04  0.00000e+00
2.185199438e+00 -5.8738389e-06  7.27137e+02  3.09655e+05 -5.87358e-06 -1.66280e+04 -1.66276e+04  0.00000e+00
2.186008771e+00 -5.9570335e-06  7.29704e+02  3.09655e+05 -5.95735e-06 -1.66280e+04 -1.66276e+04  0.00000e+00
2.186818404e+00 -6.0603192e-06  7.33413e+02  3.09655e+05 -6.06034e-06 -1.66280e+04 -1.66276e+04  0.00000e+00
2.187628336e+00 -6.1226846e-06  7.34506e+02  3.09655e+05 -6.12259e-06 -1.66280e+04 -1.66275e+04  0.00000e+00
2.188438569e+00 -6.2663541e-06  7.40561e+02  3.09655e+05 -6.26627e-06 -1.66280e+04 -1.66275e+04  0.00000e+00
2.189249102e+00 -6.0354464e-06  7.23548e+02  3.09655e+05 -6.03520e-06 -1.66280e+04 -1.66276e+04  0.00000e+00
2.190059935e+00 -6.2810319e-06  7.35860e+02  3.09655e+05 -6.28114e-06 -1.66280e+04 -1.66275e+04  0.00000e+00
2.190871068e+00 -6.2321670e-06  7.30096e+02  3.09655e+05 -6.23192e-06 -1.66280e+04 -1.66275e+04  0.00000e+00
2.191682502e+00 -6.1377043e-06  7.21619e+02  3.09655e+05 -6.13762e-06 -1.66280e+04 -1.66275e+04  0.00000e+00
2.192494236e+00 -6.2783671e-06  7.27390e+02  3.09655e+05 -6.27867e-06 -1.66280e+04 -1.66275e+04  0.00000e+00
2.193306271e+00 -6.4335561e-06  7.33844e+02  3.09655e+05 -6.43370e-06 -1.66280e+04 -1.66275e+04  0.00000e+00
2.194118607e+00 -6.3536761e-06  7.26347e+02  3.09655e+05 -6.35360e-06 -1.66280e+04 -1.66275e+04  0.00000e+00
2.194931243e+00 -6.3969443e-06  7.26164e+02  3.09655e+05 -6.39713e-06 -1.66280e+04 -1.66275e+04  0.00000e+00
2.195744181e+00 -6.3502574e-06  7.20662e+02  3.09655e+05 -6.35000e-06 -1.66280e+04 -1.66275e+04  0.00000e+00
2.196557419e+00 -6.3575997e-06  7.18394e+02  3.09655e+05 -6.35771e-06 -1.66280e+04 -1.66275e+04  0.00000e+00
2.197370959e+00 -6.7064573e-06  7.35722e+02  3.09655e+05 -6.70626e-06 -1.66280e+04 -1.66275e+04  0.00000e+00
2.198184800e+00 -6.5318859e-06  7.23042e+02  3.09655e+05 -6.53220e-06 -1.66280e+04 -1.66275e+04  0.00000e+00
2.198998943e+00 -6.6471122e-06  7.26862e+02  3.09655e+05 -6.64741e-06 -1.66280e+04 -1.66275e+04  0.00000e+00
2.199813387e+00 -6.6387148e-06  7.23615e+02  3.09655e+05 -6.63839e-06 -1.66280e+04 -1.66275e+04  0.00000e+00
2.200628133e+00 -6.7101070e-06  7.24916e+02  3.09655e+05 -6.71022e-06 -1.66280e+04 -1.66275e+04  0.00000e+00
2.201443180e+00 -6.6686863e-06  7.19876e+02  3.09655e+05 -6.66876e-06 -1.66280e+04 -1.66275e+04  0.00000e+00
2.202258529e+00 -6.9512482e-06  7.32742e+02  3.09655e+05 -6.95153e-06 -1.66280e+04 -1.66275e+04  0.00000e+00
2.203074181e+00 -6.8999653e-06  7.27183e+02  3.09655e+05 -6.90004e-06 -1.66280e+04 -1.66275e+04  0.00000e+00
2.203890134e+00 -6.9865967e-06  7.29123e+02  3.09655e+05 -6.98633e-06 -1.66280e+04 -1.66275e+04  0.00000e+00
2.204706390e+00 -6.9907626e-06  7.26626e+02  3.09655e+05 -6.99085e-06 -1.66280e+04 -1.66275e+04  0.00000e+00
2.205522948e+00 -6.9347659e-06  7.20895e+02  3.09655e+05 -6.93490e-06 -1.66280e+04 -1.66275e+04  0.00000e+00
2.206339808e+00 -7.3058044e-06  7.37825e+02  3.09655e+05 -7.30601e-06 -1.66280e+04 -1.66275e+04  0.00000e+00
2.207156971e+00 -7.1896997e-06  7.28974e+02  3.09655e+05 -7.18969e-06 -1.66280e+04 -1.66275e+04  0.00000e+00
2.207974436e+00 -7.0188797e-06  7.17260e+02  3.09655e+05 -7.01881e-06 -1.66280e+04 -1.66275e+04  0.00000e+00
2.208792205e+00 -7.5031748e-06  7.39664e+02  3.09655e+05 -7.50296e-06 -1.66280e+04 -1.66275e+04  0.00000e+00
2.209610276e+00 -7.2647075e-06  7.24672e+02  3.09655e+05 -7.26444e-06 -1.66280e+04 -1.66275e+04  0.00000e+00
2.210428650e+00 -7.2419267e-06  7.20814e+02  3.09655e+05 -7.24219e-06 -1.66280e+04 -1.66275e+04  0.00000e+00
2.211247327e+00 -7.3307497e-06  7.22654e+02  3.09655e+05 -7.33096e-06 -1.66280e+04 -1.66275e+04  0.00000e+00
2.212066308e+00 -7.1997362e-06  7.13248e+02  3.09655e+05 -7.19953e-06 -1.66280e+04 -1.66275e+04  0.00000e+00
2.212885592e+00 -7.3892979e-06  7.20213e+02  3.09655e+05 -7.38947e-06 -1.66280e+04 -1.66275e+04  0.00000e+00
2.213705179e+00 -7.4182188e-06  7.18966e+02  3.09655e+05 -7.41829e-06 -1.66280e+04 -1.66275e+04  0.00000e+00
2.214525070e+00 -7.3433695e-06  7.12516e+02  3.09655e+05 -7.34307e-06 -1.66280e+04 -1.66275e+04  0.00000e+00
2.215345264e+00 -7.5267458e-06  7.18977e+02  3.09655e+05 -7.52667e-06 -1.66280e+04 -1.66275e+04  0.00000e+00
2.216165762e+00 -7.5794619e-06  7.18887e+02  3.09655e+05 -7.57948e-06 -1.66280e+04 -1.66275e+04  0.00000e+00
2.216986565e+00 -7.6631681e-06  7.20272e+02  3.09655e+05 -7.66295e-06 -1.66280e+04 -1.66275e+04  0.00000e+00
2.217807671e+00 -7.6584091e-06  7.17367e+02  3.09655e+05 -7.65843e-06 -1.66280e+04 -1.66275e+04  0.00000e+00
2.218629081e+00 -7.5412040e-06  7.09032e+02  3.09655e+05 -7.54152e-06 -1.66280e+04 -1.66275e+04  0.00000e+00
2.219450795e+00 -7.8944200e-06  7.23282e+02  3.09655e+05 -7.89423e-06 -1.66280e+04 -1.66275e+04  0.00000e+00
2.220272814e+00 -7.8884180e-06  7.20308e+02  3.09655e+05 -7.88831e-06 -1.66280e+04 -1.66275e+04  0.00000e+00
2.221095137e+00 -7.9080337e-06  7.18555e+02  3.09655e+05 -7.90808e-06 -1.66280e+04 -1.66275e+04  0.00000e+00
2.221917765e+00 -7.9478265e-06  7.17731e+02  3.09655e+05 -7.94765e-06 -1.66280e+04 -1.66275e+04  0.00000e+00
2.222740698e+00 -7.8432956e-06  7.10187e+02  3.09655e+05 -7.84319e-06 -1.66280e+04 -1.66275e+04  0.00000e+00
2.223563935e+00 -8.1306233e-06  7.20826e+02  3.09655e+05 -8.13042e-06 -1.66280e+04 -1.66275e+04  0.00000e+00
2.224387477e+00 -7.8391750e-06  7.04735e+02  3.09655e+05 -7.83923e-06 -1.66280e+04 -1.66275e+04  0.00000e+00
2.225211325e+00 -7.9571272e-06  7.07550e+02  3.09655e+05 -7.95702e-06 -1.66280e+04 -1.66275e+04  0.00000e+00
2.226035477e+00 -7.7892913e-06  6.97204e+02  3.09655e+05 -7.78918e-06 -1.66280e+04 -1.66275e+04  0.00000e+00
2.226859934e+00 -8.3281001e-06  7.19039e+02  3.09655e+05 -8.32783e-06 -1.66280e+04 -1.66275e+04  0.00000e+00
2.227684697e+00 -8.3887516e-06  7.19061e+02  3.09655e+05 -8.38843e-06 -1.66280e+04 -1.66275e+04  0.00000e+00
2.228509766e+00 -8.3675647e-06  7.15465e+02  3.09655e+05 -8.36740e-06 -1.66280e+04 -1.66275e+04  0.00000e+00
2.229335140e+00 -8.6424786e-06  7.24838e+02  3.09655e+05 -8.64254e-06 -1.66280e+04 -1.66275e+04  0.00000e+00
2.230160819e+00 -8.4513298e-06  7.13839e+02  3.09655e+05 -8.45118e-06 -1.66280e+04 -1.66275e+04  0.00000e+00
2.230986805e+00 -8.3379193e-06  7.06248e+02  3.09655e+05 -8.33778e-06 -1.66280e+04 -1.66275e+04  0.00000e+00
2.231813096e+00 -8.3461332e-06  7.04004e+02  3.09655e+05 -8.34626e-06 -1.66280e+04 -1.66275e+04  0.00000e+00
2.232639694e+00 -8.4785097e-06  7.07132e+02  3.09655e+05 -8.47876e-06 -1.66280e+04 -1.66275e+04  0.00000e+00
2.233466597e+00 -8.8470917e-06  7.20176e+02  3.09655e+05 -8.84713e-06 -1.66280e+04 -1.66275e+04  0.00000e+00
2.234293807e+00 -8.4982567e-06  7.02737e+02  3.09655e+05 -8.49801e-06 -1.66280e+04 -1.66275e+04  0.00000e+00
2.235121323e+00 -8.8455929e-06  7.14809e+02  3.09655e+05 -8.84589e-06 -1.66280e+04 -1.66275e+04  0.00000e+00
2.235949146e+00 -9.0296983e-06  7.19787e+02  3.09655e+05 -9.02984e-06 -1.66280e+04 -1.66275e+04  0.00000e+00
2.236777275e+00 -8.9966772e-06  7.15771e+02  3.09655e+05 -8.99680e-06 -1.66280e+04 -1.66275e+04  0.00000e+00
2.237605712e+00 -8.8707306e-06  7.07936e+02  3.09655e+05 -8.87049e-06 -1.66280e+04 -1.66275e+04  0.00000e+00
2.238434454e+00 -8.9708263e-06  7.09428e+02  3.09655e+05 -8.97062e-06 -1.66280e+04 -1.66275e+04  0.00000e+00
2.239263504e+00 -9.0291889e-06  7.09185e+02  3.09655e+05 -9.02898e-06 -1.66280e+04 -1.66275e+04  0.00000e+00
2.240092861e+00 -8.7395496e-06  6.94792e+02  3.09655e+05 -8.73982e-06 -1.66280e+04 -1.66275e+04  0.00000e+00
2.240922525e+00 -8.8808599e-06  6.97981e+02  3.09655e+05 -8.88086e-06 -1.66280e+04 -1.66275e+04  0.00000e+00
2.241752496e+00 -9.3165958e-06  7.12826e+02  3.09655e+05 -9.31633e-06 -1.66280e+04 -1.66274e+04  0.00000e+00
2.242582775e+00 -9.4386777e-06  7.15012e+02  3.09655e+05 -9.43878e-06 -1.66280e+04 -1.66274e+04  0.00000e+00
2.243413361e+00 -9.4132977e-06  7.11380e+02  3.09655e+05 -9.41313e-06 -1.66280e+04 -1.66274e+04  0.00000e+00
2.244244255e+00 -9.4714678e-06  7.11017e+02  3.09655e+05 -9.47112e-06 -1.66280e+04 -1.66274e+04  0.00000e+00
2.245075457e+00 -9.4326440e-06  7.06915e+02  3.09655e+05 -9.43265e-06 -1.66280e+04 -1.66274e+04  0.00000e+00
2.245906966e+00 -9.1048193e-06  6.91558e+02  3.09655e+05 -9.10457e-06 -1.66280e+04 -1.66274e+04  0.00000e+00
2.246738784e+00 -9.6338225e-06  7.09415e+02  3.09655e+05 -9.63355e-06 -1.66280e+04 -1.66274e+04  0.00000e+00
2.247570909e+00 -9.5775021e-06  7.04690e+02  3.09655e+05 -9.57768e-06 -1.66280e+04 -1.66274e+04  0.00000e+00
2.248403343e+00 -9.6416878e-06  7.04533e+02  3.09655e+05 -9.64189e-06 -1.66280e+04 -1.66274e+04  0.00000e+00
2.249236085e+00 -9.2551089e-06  6.87264e+02  3.09655e+05 -9.25503e-06 -1.66280e+04 -1.66274e+04  0.00000e+00
2.250069135e+00 -1.0138159e-05  7.17751e+02  3.09655e+05 -1.01381e-05 -1.66280e+04 -1.66274e+04  0.00000e+00
2.250902494e+00 -9.9108601e-06  7.06794e+02  3.09655e+05 -9.91094e-06 -1.66280e+04 -1.66274e+04  0.00000e+00
2.251736162e+00 -9.8898158e-06  7.03424e+02  3.09655e+05 -9.88969e-06 -1.66280e+04 -1.66274e+04  0.00000e+00
2.252570138e+00 -9.8126323e-06  6.98019e+02  3.09655e+05 -9.81250e-06 -1.66280e+04 -1.66274e+04  0.00000e+00
2.253404423e+00 -1.0027119e-05  7.03281e+02  3.09655e+05 -1.00271e-05 -1.66280e+04 -1.66274e+04  0.00000e+00
2.254239017e+00 -1.0219049e-05  7.07605e+02  3.09655e+05 -1.02190e-05 -1.66280e+04 -1.66274e+04  0.00000e+00
2.255073921e+00 -1.0483695e-05  7.14401e+02  3.09655e+05 -1.04838e-05 -1.66280e+04 -1.66274e+04  0.00000e+00
2.255909133e+00 -1.0355385e-05  7.07271e+02  3.09655e+05 -1.03554e-05 -1.66280e+04 -1.66274e+04  0.00000e+00
2.256744655e+00 -1.0216844e-05  6.99801e+02  3.09655e+05 -1.02169e-05 -1.66280e+04 -1.66274e+04  0.00000e+00
2.257580487e+00 -1.0302631e-05  7.00272e+02  3.09655e+05 -1.03029e-05 -1.66280e+04 -1.66274e+04  0.00000e+00
2.258416627e+00 -1.0771659e-05  7.13950e+02  3.09655e+05 -1.07718e-05 -1.66280e+04 -1.66274e+04  0.00000e+00
2.259253078e+00 -1.0537172e-05  7.03303e+02  3.09655e+05 -1.05374e-05 -1.66280e+04 -1.66274e+04  0.00000e+00
2.260089838e+00 -1.0349847e-05  6.94258e+02  3.09655e+05 -1.03495e-05 -1.66280e+04 -1.66274e+04  0.00000e+00
2.260926909e+00 -1.0620362e-05  7.01019e+02  3.09655e+05 -1.06204e-05 -1.66280e+04 -1.66274e+04  0.00000e+00
2.261764289e+00 -1.0928666e-05  7.08864e+02  3.09655e+05 -1.09286e-05 -1.66280e+04 -1.66274e+04  0.00000e+00
2.262601980e+00 -1.0882894e-05  7.04744e+02  3.09655e+05 -1.08826e-05 -1.66280e+04 -1.66274e+04  0.00000e+00
2.263439980e+00 -1.1277406e-05  7.15229e+02  3.09655e+05 -1.12773e-05 -1.66280e+04 -1.66274e+04  0.00000e+00
2.264278291e+00 -1.1266344e-05  7.12265e+02  3.09655e+05 -1.12663e-05 -1.66280e+04 -1.66274e+04  0.00000e+00
2.265116913e+00 -1.1362009e-05  7.12787e+02  3.09655e+05 -1.13621e-05 -1.66280e+04 -1.66274e+04  0.00000e+00
2.265955845e+00 -1.0953908e-05  6.96899e+02  3.09655e+05 -1.09540e-05 -1.66280e+04 -1.66274e+04  0.00000e+00
2.266795088e+00 -1.1290728e-05  7.05317e+02  3.09655e+05 -1.12909e-05 -1.66280e+04 -1.66274e+04  0.00000e+00
2.267634642e+00 -1.1065319e-05  6.95465e+02  3.09655e+05 -1.10652e-05 -1.66280e+04 -1.66274e+04  0.00000e+00
2.268474507e+00 -1.1188332e-05  6.96907e+02  3.09655e+05 -1.11882e-05 -1.66280e+04 -1.66274e+04  0.00000e+00
2.269314682e+00 -1.1327924e-05  6.98834e+02  3.09655e+05 -1.13276e-05 -1.66280e+04 -1.66274e+04  0.00000e+00
2.270155169e+00 -1.1549913e-05  7.03332e+02  3.09655e+05 -1.15502e-05 -1.66280e+04 -1.66274e+04  0.00000e+00
2.270995967e+00 -1.1683211e-05  7.04936e+02  3.09655e+05 -1.16831e-05 -1.66280e+04 -1.66274e+04  0.00000e+00
2.271837077e+00 -1.1506777e-05  6.96895e+02  3.09655e+05 -1.15071e-05 -1.66280e+04 -1.66274e+04  0.00000e+00
2.272678498e+00 -1.1851588e-05  7.05035e+02  3.09655e+05 -1.18516e-05 -1.66280e+04 -1.66274e+04  0.00000e+00
2.273520231e+00 -1.1736208e-05  6.98932e+02  3.09655e+05 -1.17360e-05 -1.66280e+04 -1.66274e+04  0.00000e+00
2.274362275e+00 -1.2217612e-05  7.11026e+02  3.09655e+05 -1.22177e-05 -1.66280e+04 -1.66274e+04  0.00000e+00
2.275204632e+00 -1.1943980e-05  7.00215e+02  3.09655e+05 -1.19442e-05 -1.66280e+04 -1.66274e+04  0.00000e+00
2.276047300e+00 -1.1714992e-05  6.90734e+02  3.09655e+05 -1.17149e-05 -1.66280e+04 -1.66274e+04  0.00000e+00
2.276890281e+00 -1.2078665e-05  6.99197e+02  3.09655e+05 -1.20788e-05 -1.66280e+04 -1.66274e+04  0.00000e+00
2.277733573e+00 -1.1973768e-05  6.93528e+02  3.09655e+05 -1.19735e-05 -1.66280e+04 -1.66274e+04  0.00000e+00
2.278577178e+00 -1.2174534e-05  6.96985e+02  3.09655e+05 -1.21743e-05 -1.66280e+04 -1.66274e+04  0.00000e+00
2.279421096e+00 -1.2558910e-05  7.05711e+02  3.09655e+05 -1.25587e-05 -1.66280e+04 -1.66274e+04  0.00000e+00
2.280265326e+00 -1.2684388e-05  7.06788e+02  3.09655e+05 -1.26843e-05 -1.66280e+04 -1.66274e+04  0.00000e+00
2.281109869e+00 -1.3157589e-05  7.17693e+02  3.09655e+05 -1.31574e-05 -1.66280e+04 -1.66273e+04  0.00000e+00
2.281954724e+00 -1.2293750e-05  6.90448e+02  3.09655e+05 -1.22935e-05 -1.66280e+04 -1.66274e+04  0.00000e+00
2.282799893e+00 -1.2592653e-05  6.96551e+02  3.09655e+05 -1.25925e-05 -1.66280e+04 -1.66274e+04  0.00000e+00
2.283645374e+00 -1.2811392e-05  7.00247e+02  3.09655e+05 -1.28114e-05 -1.66280e+04 -1.66273e+04  0.00000e+00
2.284491169e+00 -1.3347251e-05  7.12654e+02  3.09655e+05 -1.33472e-05 -1.66280e+04 -1.66273e+04  0.00000e+00
2.285337276e+00 -1.2607200e-05  6.89463e+02  3.09655e+05 -1.26069e-05 -1.66280e+04 -1.66274e+04  0.00000e+00
2.286183698e+00 -1.2739348e-05  6.90694e+02  3.09655e+05 -1.27391e-05 -1.66280e+04 -1.66273e+04  0.00000e+00
2.287030432e+00 -1.3074392e-05  6.97504e+02  3.09655e+05 -1.30743e-05 -1.66280e+04 -1.66273e+04  0.00000e+00
2.287877481e+00 -1.3250012e-05  6.99807e+02  3.09655e+05 -1.32501e-05 -1.66280e+04 -1.66273e+04  0.00000e+00
2.288724843e+00 -1.2983609e-05  6.90013e+02  3.09655e+05 -1.29835e-05 -1.66280e+04 -1.66273e+04  0.00000e+00
2.289572519e+00 -1.3383659e-05  6.98394e+02  3.09655e+05 -1.33836e-05 -1.66280e+04 -1.66273e+04  0.00000e+00
2.290420508e+00 -1.2797595e-05  6.79994e+02  3.09655e+05 -1.27977e-05 -1.66280e+04 -1.66273e+04  0.00000e+00
2.291268812e+00 -1.3389980e-05  6.93560e+02  3.09655e+05 -1.33899e-05 -1.66280e+04 -1.66273e+04  0.00000e+00
2.292117430e+00 -1.4172703e-05  7.11660e+02  3.09655e+05 -1.41728e-05 -1.66280e+04 -1.66273e+04  0.00000e+00
2.292966363e+00 -1.4087729e-05  7.06900e+02  3.09655e+05 -1.40876e-05 -1.66280e+04 -1.66273e+04  0.00000e+00
2.293815610e+00 -1.5437401e-05  7.38499e+02  3.09655e+05 -1.54374e-05 -1.66280e+04 -1.66273e+04  0.00000e+00
2.294665171e+00 -1.5256855e-05  7.31383e+02  3.09655e+05 -1.52569e-05 -1.66280e+04 -1.66273e+04  0.00000e+00
2.295515047e+00 -1.5272262e-05  7.29140e+02  3.09655e+05 -1.52723e-05 -1.66280e+04 -1.66273e+04  0.00000e+00
2.296365238e+00 -1.5295923e-05  7.27108e+02  3.09655e+05 -1.52960e-05 -1.66280e+04 -1.66273e+04  0.00000e+00
2.297215743e+00 -1.5280306e-05  7.24114e+02  3.09655e+05 -1.52802e-05 -1.66280e+04 -1.66273e+04  0.00000e+00
2.298066564e+00 -1.5103964e-05  7.17203e+02  3.09655e+05 -1.51038e-05 -1.66280e+04 -1.66273e+04  0.00000e+00
2.298917700e+00 -1.5114456e-05  7.14898e+02  3.09655e+05 -1.51145e-05 -1.66280e+04 -1.66273e+04  0.00000e+00
2.299769151e+00 -1.4850828e-05  7.05891e+02  3.09655e+05 -1.48507e-05 -1.66280e+04 -1.66273e+04  0.00000e+00
2.300620917e+00 -1.5531264e-05  7.19844e+02  3.09655e+05 -1.55311e-05 -1.66280e+04 -1.66273e+04  0.00000e+00
2.301472999e+00 -1.6030056e-05  7.29103e+02  3.09655e+05 -1.60302e-05 -1.66280e+04 -1.66273e+04  0.00000e+00
2.302325396e+00 -1.4920271e-05  7.00044e+02  3.09655e+05 -1.49203e-05 -1.66280e+04 -1.66273e+04  0.00000e+00
2.303178109e+00 -1.5885519e-05  7.20518e+02  3.09655e+05 -1.58857e-05 -1.66280e+04 -1.66273e+04  0.00000e+00
2.304031138e+00 -1.5874342e-05  7.17681e+02  3.09655e+05 -1.58743e-05 -1.66280e+04 -1.66273e+04  0.00000e+00
2.304884483e+00 -1.5463220e-05  7.05491e+02  3.09655e+05 -1.54633e-05 -1.66280e+04 -1.66273e+04  0.00000e+00
2.305738144e+00 -1.6469222e-05  7.26255e+02  3.09655e+05 -1.64691e-05 -1.66280e+04 -1.66273e+04  0.00000e+00
2.306592121e+00 -1.5896493e-05  7.10549e+02  3.09655e+05 -1.58967e-05 -1.66280e+04 -1.66273e+04  0.00000e+00
2.307446415e+00 -1.6207727e-05  7.15150e+02  3.09655e+05 -1.62079e-05 -1.66280e+04 -1.66273e+04  0.00000e+00
2.308301024e+00 -1.5648675e-05  6.99792e+02  3.09655e+05 -1.56487e-05 -1.66280e+04 -1.66273e+04  0.00000e+00
2.309155951e+00 -1.6307856e-05  7.12325e+02  3.09655e+05 -1.63077e-05 -1.66280e+04 -1.66273e+04  0.00000e+00
2.310011194e+00 -1.7032691e-05  7.25935e+02  3.09655e+05 -1.70327e-05 -1.66280e+04 -1.66272e+04  0.00000e+00
2.310866753e+00 -1.6554565e-05  7.12780e+02  3.09655e+05 -1.65546e-05 -1.66280e+04 -1.66273e+04  0.00000e+00
2.311722630e+00 -1.7846533e-05  7.38398e+02  3.09655e+05 -1.78465e-05 -1.66280e+04 -1.66272e+04  0.00000e+00
2.312578823e+00 -1.6706863e-05  7.11079e+02  3.09655e+05 -1.67067e-05 -1.66280e+04 -1.66273e+04  0.00000e+00
2.313435334e+00 -1.6794103e-05  7.10471e+02  3.09655e+05 -1.67943e-05 -1.66280e+04 -1.66273e+04  0.00000e+00
2.314292162e+00 -1.7788673e-05  7.29327e+02  3.09655e+05 -1.77888e-05 -1.66280e+04 -1.66272e+04  0.00000e+00
2.315149307e+00 -1.9108544e-05  7.54177e+02  3.09655e+05 -1.91087e-05 -1.66280e+04 -1.66272e+04  0.00000e+00
2.316006770e+00 -1.7058605e-05  7.08636e+02  3.09655e+05 -1.70588e-05 -1.66280e+04 -1.66272e+04  0.00000e+00
2.316864550e+00 -1.8019918e-05  7.26419e+02  3.09655e+05 -1.80197e-05 -1.66280e+04 -1.66272e+04  0.00000e+00
2.317722648e+00 -1.8809595e-05  7.40095e+02  3.09655e+05 -1.88097e-05 -1.66280e+04 -1.66272e+04  0.00000e+00
2.318581064e+00 -1.7444946e-05  7.09292e+02  3.09655e+05 -1.74450e-05 -1.66280e+04 -1.66272e+04  0.00000e+00
2.319439798e+00 -1.7708793e-05  7.12284e+02  3.09655e+05 -1.77088e-05 -1.66280e+04 -1.66272e+04  0.00000e+00
2.320298850e+00 -1.8030734e-05  7.16408e+02  3.09655e+05 -1.80309e-05 -1.66280e+04 -1.66272e+04  0.00000e+00
2.321158219e+00 -1.9447039e-05  7.42349e+02  3.09655e+05 -1.94468e-05 -1.66280e+04 -1.66272e+04  0.00000e+00
2.322017908e+00 -1.8214979e-05  7.15097e+02  3.09655e+05 -1.82152e-05 -1.66280e+04 -1.66272e+04  0.00000e+00
2.322877914e+00 -2.0946579e-05  7.66025e+02  3.09655e+05 -2.09464e-05 -1.66280e+04 -1.66272e+04  0.00000e+00
2.323738240e+00 -1.9926491e-05  7.43820e+02  3.09655e+05 -1.99266e-05 -1.66280e+04 -1.66272e+04  0.00000e+00
2.324598883e+00 -1.9407950e-05  7.31140e+02  3.09655e+05 -1.94081e-05 -1.66280e+04 -1.66272e+04 -2.26405e-12
2.325459846e+00 -1.9687383e-05  7.33961e+02  3.09655e+05 -1.96872e-05 -1.66280e+04 -1.66272e+04  0.00000e+00
2.326321127e+00 -2.0869455e-05  7.53791e+02  3.09655e+05 -2.08694e-05 -1.66280e+04 -1.66272e+04  0.00000e+00
2.327182728e+00 -1.8977569e-05  7.15076e+02  3.09655e+05 -1.89775e-05 -1.66280e+04 -1.66272e+04  0.00000e+00
2.328044647e+00 -2.0022462e-05  7.32584e+02  3.09655e+05 -2.00223e-05 -1.66280e+04 -1.66272e+04  0.00000e+00
2.328906886e+00 -2.0772551e-05  7.44034e+02  3.09655e+05 -2.07726e-05 -1.66280e+04 -1.66272e+04  0.00000e+00
2.329769444e+00 -1.9782901e-05  7.22913e+02  3.09655e+05 -1.97829e-05 -1.66280e+04 -1.66272e+04  0.00000e+00
2.330632322e+00 -2.2229406e-05  7.65205e+02  3.09655e+05 -2.22294e-05 -1.66280e+04 -1.66271e+04  0.00000e+00
2.331495519e+00 -2.1177406e-05  7.43583e+02  3.09655e+05 -2.11773e-05 -1.66280e+04 -1.66272e+04  0.00000e+00
2.332359036e+00 -2.0373156e-05  7.26260e+02  3.09655e+05 -2.03730e-05 -1.66280e+04 -1.66272e+04  0.00000e+00
2.333222872e+00 -2.0519180e-05  7.26386e+02  3.09655e+05 -2.05192e-05 -1.66280e+04 -1.66272e+04  0.00000e+00
2.334087029e+00 -2.1665110e-05  7.44477e+02  3.09655e+05 -2.16649e-05 -1.66280e+04 -1.66272e+04  0.00000e+00
2.334951506e+00 -2.2111116e-05  7.49733e+02  3.09655e+05 -2.21112e-05 -1.66280e+04 -1.66271e+04  0.00000e+00
2.335816303e+00 -2.2242173e-05  7.49385e+02  3.09655e+05 -2.22423e-05 -1.66280e+04 -1.66271e+04  0.00000e+00
2.336681420e+00 -2.1640761e-05  7.36219e+02  3.09655e+05 -2.16406e-05 -1.66280e+04 -1.66272e+04  0.00000e+00
2.337546857e+00 -2.1596748e-05  7.32863e+02  3.09655e+05 -2.15967e-05 -1.66280e+04 -1.66272e+04 -2.26405e-12
2.338412615e+00 -2.2576346e-05  7.47259e+02  3.09655e+05 -2.25765e-05 -1.66280e+04 -1.66271e+04  0.00000e+00
2.339278694e+00 -2.2794172e-05  7.48343e+02  3.09655e+05 -2.27941e-05 -1.66280e+04 -1.66271e+04  0.00000e+00
2.340145094e+00 -2.3196726e-05  7.52509e+02  3.09655e+05 -2.31967e-05 -1.66280e+04 -1.66271e+04  0.00000e+00
2.341011814e+00 -2.3019695e-05  7.46898e+02  3.09655e+05 -2.30197e-05 -1.66280e+04 -1.66271e+04  0.00000e+00
2.341878855e+00 -2.3762741e-05  7.56629e+02  3.09655e+05 -2.37627e-05 -1.66280e+04 -1.66271e+04  0.00000e+00
2.342746218e+00 -2.1442079e-05  7.14920e+02  3.09655e+05 -2.14421e-05 -1.66280e+04 -1.66272e+04  0.00000e+00
2.343613902e+00 -2.3738919e-05  7.50939e+02  3.09655e+05 -2.37388e-05 -1.66280e+04 -1.66271e+04  0.00000e+00
2.344481907e+00 -2.4485527e-05  7.60418e+02  3.09655e+05 -2.44857e-05 -1.66280e+04 -1.66271e+04 -2.26405e-12
2.345350233e+00 -2.5646984e-05  7.76182e+02  3.09655e+05 -2.56468e-05 -1.66280e+04 -1.66271e+04  0.00000e+00
2.346218882e+00 -2.2004774e-05  7.14478e+02  3.09655e+05 -2.20049e-05 -1.66280e+04 -1.66271e+04  0.00000e+00
2.347087852e+00 -2.3697969e-05  7.39817e+02  3.09655e+05 -2.36981e-05 -1.66280e+04 -1.66271e+04  0.00000e+00
2.347957143e+00 -2.3763224e-05  7.38278e+02  3.09655e+05 -2.37631e-05 -1.66280e+04 -1.66271e+04  0.00000e+00
2.348826757e+00 -2.3099840e-05  7.25002e+02  3.09655e+05 -2.31000e-05 -1.66280e+04 -1.66271e+04  0.00000e+00
2.349696693e+00 -2.4847298e-05  7.50266e+02  3.09655e+05 -2.48475e-05 -1.66280e+04 -1.66271e+04  0.00000e+00
2.350566951e+00 -2.4270297e-05  7.38598e+02  3.09655e+05 -2.42702e-05 -1.66280e+04 -1.66271e+04  0.00000e+00
2.351437531e+00 -2.7525168e-05  7.85649e+02  3.09655e+05 -2.75253e-05 -1.66280e+04 -1.66270e+04  0.00000e+00
2.352308434e+00 -2.5911631e-05  7.58739e+02  3.09655e+05 -2.59114e-05 -1.66280e+04 -1.66271e+04  0.00000e+00
2.353179660e+00 -2.7335905e-05  7.77368e+02  3.09655e+05 -2.73357e-05 -1.66280e+04 -1.66270e+04  0.00000e+00
2.354051208e+00 -2.7474734e-05  7.76696e+02  3.09655e+05 -2.74748e-05 -1.66280e+04 -1.66270e+04  0.00000e+00
2.354923078e+00 -2.6652059e-05  7.61874e+02  3.09655e+05 -2.66521e-05 -1.66280e+04 -1.66271e+04  0.00000e+00
2.355795272e+00 -2.6114464e-05  7.51237e+02  3.09655e+05 -2.61143e-05 -1.66280e+04 -1.66271e+04  0.00000e+00
2.356667789e+00 -2.7600477e-05  7.70413e+02  3.09655e+05 -2.76005e-05 -1.66280e+04 -1.66270e+04  0.00000e+00
2.357540629e+00 -2.6859469e-05  7.56972e+02  3.09655e+05 -2.68596e-05 -1.66280e+04 -1.66271e+04  0.00000e+00
2.358413792e+00 -2.7463138e-05  7.63078e+02  3.09655e+05 -2.74633e-05 -1.66280e+04 -1.66270e+04  0.00000e+00
2.359287279e+00 -2.8904135e-05  7.80864e+02  3.09655e+05 -2.89042e-05 -1.66280e+04 -1.66270e+04  0.00000e+00
2.360161089e+00 -2.6592608e-05  7.45233e+02  3.09655e+05 -2.65928e-05 -1.66280e+04 -1.66271e+04  0.00000e+00
2.361035222e+00 -2.8241675e-05  7.66160e+02  3.09655e+05 -2.82416e-05 -1.66280e+04 -1.66270e+04  0.00000e+00
2.361909680e+00 -2.9051820e-05  7.74781e+02  3.09655e+05 -2.90519e-05 -1.66280e+04 -1.66270e+04  0.00000e+00
2.362784461e+00 -2.8646835e-05  7.66481e+02  3.09655e+05 -2.86466e-05 -1.66280e+04 -1.66270e+04  0.00000e+00
2.363659567e+00 -2.7650501e-05  7.49935e+02  3.09655e+05 -2.76507e-05 -1.66280e+04 -1.66270e+04  0.00000e+00
2.364534996e+00 -2.8016190e-05  7.52432e+02  3.09655e+05 -2.80160e-05 -1.66280e+04 -1.66270e+04  0.00000e+00
2.365410750e+00 -2.7262503e-05  7.39308e+02  3.09655e+05 -2.72625e-05 -1.66280e+04 -1.66270e+04  0.00000e+00
2.366286828e+00 -2.8246660e-05  7.50405e+02  3.09655e+05 -2.82468e-05 -1.66280e+04 -1.66270e+04  0.00000e+00
2.367163230e+00 -2.8647580e-05  7.53286e+02  3.09655e+05 -2.86478e-05 -1.66280e+04 -1.66270e+04  0.00000e+00
2.368039958e+00 -3.1938822e-05  7.94246e+02  3.09655e+05 -3.19386e-05 -1.66280e+04 -1.66270e+04  0.00000e+00
2.368917009e+00 -2.9025252e-05  7.53170e+02  3.09655e+05 -2.90254e-05 -1.66280e+04 -1.66270e+04  0.00000e+00
2.369794386e+00 -3.0082323e-05  7.64608e+02  3.09655e+05 -3.00823e-05 -1.66280e+04 -1.66270e+04  0.00000e+00
2.370672088e+00 -2.9192784e-05  7.50199e+02  3.09655e+05 -2.91929e-05 -1.66280e+04 -1.66270e+04  0.00000e+00
2.371550114e+00 -2.9823138e-05  7.55926e+02  3.09655e+05 -2.98232e-05 -1.66280e+04 -1.66270e+04  0.00000e+00
2.372428466e+00 -2.8682183e-05  7.38245e+02  3.09655e+05 -2.86824e-05 -1.66280e+04 -1.66270e+04  0.00000e+00
2.373307144e+00 -2.9139871e-05  7.41748e+02  3.09655e+05 -2.91398e-05 -1.66280e+04 -1.66270e+04  0.00000e+00
2.374186146e+00 -3.1128638e-05  7.64917e+02  3.09655e+05 -3.11288e-05 -1.66280e+04 -1.66270e+04  0.00000e+00
2.375065474e+00 -2.9253490e-05  7.38127e+02  3.09655e+05 -2.92537e-05 -1.66280e+04 -1.66270e+04  0.00000e+00
2.375945128e+00 -3.1749256e-05  7.67455e+02  3.09655e+05 -3.17492e-05 -1.66280e+04 -1.66270e+04  0.00000e+00
2.376825108e+00 -3.3256148e-05  7.83429e+02  3.09655e+05 -3.32560e-05 -1.66280e+04 -1.66269e+04  0.00000e+00
2.377705414e+00 -3.0080114e-05  7.41135e+02  3.09655e+05 -3.00803e-05 -1.66280e+04 -1.66270e+04  0.00000e+00
2.378586045e+00 -3.3228194e-05  7.77687e+02  3.09655e+05 -3.32280e-05 -1.66280e+04 -1.66269e+04  0.00000e+00
2.379467003e+00 -3.1632449e-05  7.55472e+02  3.09655e+05 -3.16322e-05 -1.66280e+04 -1.66270e+04  0.00000e+00
2.380348287e+00 -3.2539804e-05  7.63993e+02  3.09655e+05 -3.25399e-05 -1.66280e+04 -1.66270e+04  0.00000e+00
2.381229897e+00 -3.3649691e-05  7.74721e+02  3.09655e+05 -3.36497e-05 -1.66280e+04 -1.66269e+04  0.00000e+00
2.382111834e+00 -3.4348228e-05  7.80328e+02  3.09655e+05 -3.43482e-05 -1.66280e+04 -1.66269e+04  0.00000e+00
2.382994098e+00 -3.6515193e-05  8.02747e+02  3.09655e+05 -3.65150e-05 -1.66280e+04 -1.66269e+04  0.00000e+00
2.383876689e+00 -3.6257513e-05  7.97040e+02  3.09655e+05 -3.62574e-05 -1.66280e+04 -1.66269e+04  0.00000e+00
2.384759606e+00 -3.4984973e-05  7.79696e+02  3.09655e+05 -3.49852e-05 -1.66280e+04 -1.66269e+04  0.00000e+00
2.385642850e+00 -3.5010826e-05  7.77306e+02  3.09655e+05 -3.50107e-05 -1.66280e+04 -1.66269e+04  0.00000e+00
2.386526422e+00 -3.6205182e-05  7.88241e+02  3.09655e+05 -3.62049e-05 -1.66280e+04 -1.66269e+04  0.00000e+00
2.387410320e+00 -3.9450127e-05  8.21383e+02  3.09655e+05 -3.94504e-05 -1.66280e+04 -1.66269e+04  0.00000e+00
2.388294546e+00 -3.8198051e-05  8.04934e+02  3.09655e+05 -3.81983e-05 -1.66280e+04 -1.66269e+04  0.00000e+00
2.389179100e+00 -3.6494020e-05  7.83365e+02  3.09655e+05 -3.64938e-05 -1.66280e+04 -1.66269e+04  0.00000e+00
2.390063981e+00 -3.5867283e-05  7.73687e+02  3.09655e+05 -3.58670e-05 -1.66280e+04 -1.66269e+04  0.00000e+00
2.390949190e+00 -3.4801739e-05  7.59071e+02  3.09655e+05 -3.48018e-05 -1.66280e+04 -1.66269e+04  0.00000e+00
2.391834727e+00 -3.8465664e-05  7.96805e+02  3.09655e+05 -3.84654e-05 -1.66280e+04 -1.66269e+04  0.00000e+00
2.392720591e+00 -3.9104208e-05  8.00894e+02  3.09655e+05 -3.91041e-05 -1.66280e+04 -1.66269e+04  0.00000e+00
2.393606784e+00 -3.8075854e-05  7.87171e+02  3.09655e+05 -3.80758e-05 -1.66280e+04 -1.66269e+04  0.00000e+00
2.394493305e+00 -3.4532383e-05  7.45726e+02  3.09655e+05 -3.45326e-05 -1.66280e+04 -1.66269e+04  0.00000e+00
2.395380155e+00 -3.9712514e-05  7.99065e+02  3.09655e+05 -3.97124e-05 -1.66280e+04 -1.66269e+04  0.00000e+00
2.396267332e+00 -3.8744345e-05  7.86185e+02  3.09655e+05 -3.87445e-05 -1.66280e+04 -1.66269e+04  0.00000e+00
2.397154839e+00 -4.1738579e-05  8.14397e+02  3.09655e+05 -4.17384e-05 -1.66280e+04 -1.66268e+04  0.00000e+00
2.398042674e+00 -3.9840935e-05  7.92213e+02  3.09655e+05 -3.98412e-05 -1.66280e+04 -1.66268e+04  0.00000e+00
2.398930838e+00 -3.9849770e-05  7.89593e+02  3.09655e+05 -3.98499e-05 -1.66280e+04 -1.66268e+04  0.00000e+00
2.399819331e+00 -4.0354425e-05  7.92055e+02  3.09655e+05 -4.03547e-05 -1.66280e+04 -1.66268e+04  0.00000e+00
2.400708153e+00 -4.0722842e-05  7.93078e+02  3.09655e+05 -4.07227e-05 -1.66280e+04 -1.66268e+04  0.00000e+00
2.401597304e+00 -4.3252795e-05  8.15526e+02  3.09655e+05 -4.32526e-05 -1.66280e+04 -1.66268e+04  0.00000e+00
2.402486784e+00 -4.5315358e-05  8.32685e+02  3.09655e+05 -4.53151e-05 -1.66280e+04 -1.66268e+04  0.00000e+00
2.403376594e+00 -4.1325094e-05  7.90993e+02  3.09655e+05 -4.13252e-05 -1.66280e+04 -1.66268e+04  0.00000e+00
2.404266734e+00 -4.3923826e-05  8.13685e+02  3.09655e+05 -4.39241e-05 -1.66280e+04 -1.66268e+04  0.00000e+00
2.405157203e+00 -4.4409093e-05  8.15551e+02  3.09655e+05 -4.44090e-05 -1.66280e+04 -1.66268e+04  0.00000e+00
2.406048002e+00 -4.5841076e-05  8.26300e+02  3.09655e+05 -4.58408e-05 -1.66280e+04 -1.66268e+04  0.00000e+00
2.406939131e+00 -4.3889390e-05  8.05047e+02  3.09655e+05 -4.38891e-05 -1.66280e+04 -1.66268e+04  0.00000e+00
2.407830590e+00 -4.4988801e-05  8.12693e+02  3.09655e+05 -4.49886e-05 -1.66280e+04 -1.66268e+04  0.00000e+00
2.408722379e+00 -4.9477810e-05  8.51052e+02  3.09655e+05 -4.94777e-05 -1.66280e+04 -1.66267e+04  0.00000e+00
2.409614498e+00 -4.6507496e-05  8.21227e+02  3.09655e+05 -4.65076e-05 -1.66280e+04 -1.66268e+04  0.00000e+00
2.410506948e+00 -4.8179212e-05  8.33612e+02  3.09655e+05 -4.81789e-05 -1.66280e+04 -1.66267e+04  0.00000e+00
2.411399728e+00 -4.4526828e-05  7.97389e+02  3.09655e+05 -4.45270e-05 -1.66280e+04 -1.66268e+04  0.00000e+00
2.412292839e+00 -4.8183698e-05  8.27983e+02  3.09655e+05 -4.81839e-05 -1.66280e+04 -1.66267e+04  0.00000e+00
2.413186281e+00 -5.0212748e-05  8.43086e+02  3.09655e+05 -5.02129e-05 -1.66280e+04 -1.66267e+04  0.00000e+00
2.414080054e+00 -5.1360911e-05  8.50171e+02  3.09655e+05 -5.13607e-05 -1.66280e+04 -1.66267e+04  0.00000e+00
2.414974158e+00 -4.8444821e-05  8.21866e+02  3.09655e+05 -4.84450e-05 -1.66280e+04 -1.66267e+04  0.00000e+00
2.415868592e+00 -4.5769360e-05  7.95227e+02  3.09655e+05 -4.57693e-05 -1.66280e+04 -1.66268e+04  0.00000e+00
2.416763359e+00 -5.1679802e-05  8.44237e+02  3.09655e+05 -5.16800e-05 -1.66280e+04 -1.66267e+04  0.00000e+00
2.417658456e+00 -5.2894888e-05  8.51620e+02  3.09655e+05 -5.28949e-05 -1.66280e+04 -1.66267e+04  0.00000e+00
2.418553885e+00 -4.8048975e-05  8.07300e+02  3.09655e+05 -4.80487e-05 -1.66280e+04 -1.66267e+04  0.00000e+00
2.419449646e+00 -4.9534474e-05  8.17406e+02  3.09655e+05 -4.95342e-05 -1.66280e+04 -1.66267e+04  0.00000e+00
2.420345738e+00 -5.1138967e-05  8.28266e+02  3.09655e+05 -5.11390e-05 -1.66280e+04 -1.66267e+04  0.00000e+00
2.421242163e+00 -5.2084016e-05  8.33367e+02  3.09655e+05 -5.20841e-05 -1.66280e+04 -1.66267e+04  0.00000e+00
2.422138919e+00 -5.6487160e-05  8.66439e+02  3.09655e+05 -5.64871e-05 -1.66280e+04 -1.66266e+04  0.00000e+00
2.423036008e+00 -5.2940966e-05  8.34791e+02  3.09655e+05 -5.29412e-05 -1.66280e+04 -1.66267e+04  0.00000e+00
2.423933428e+00 -5.0316913e-05  8.10234e+02  3.09655e+05 -5.03168e-05 -1.66280e+04 -1.66267e+04  0.00000e+00
2.424831181e+00 -5.3856236e-05  8.36575e+02  3.09655e+05 -5.38560e-05 -1.66280e+04 -1.66267e+04  0.00000e+00
2.425729267e+00 -5.5244265e-05  8.44871e+02  3.09655e+05 -5.52440e-05 -1.66280e+04 -1.66266e+04  0.00000e+00
2.426627685e+00 -5.6931531e-05  8.55326e+02  3.09655e+05 -5.69317e-05 -1.66280e+04 -1.66266e+04  0.00000e+00
2.427526436e+00 -5.5399997e-05  8.40391e+02  3.09655e+05 -5.53998e-05 -1.66280e+04 -1.66266e+04  0.00000e+00
2.428425520e+00 -5.9875302e-05  8.72186e+02  3.09655e+05 -5.98751e-05 -1.66280e+04 -1.66266e+04  0.00000e+00
2.429324937e+00 -5.3471986e-05  8.19461e+02  3.09655e+05 -5.34718e-05 -1.66280e+04 -1.66267e+04  0.00000e+00
2.430224687e+00 -5.8261819e-05  8.54028e+02  3.09655e+05 -5.82620e-05 -1.66280e+04 -1.66266e+04  0.00000e+00
2.431124770e+00 -5.7942525e-05  8.48701e+02  3.09655e+05 -5.79424e-05 -1.66280e+04 -1.66266e+04  0.00000e+00
2.432025187e+00 -6.1748987e-05  8.74391e+02  3.09655e+05 -6.17492e-05 -1.66280e+04 -1.66266e+04  0.00000e+00
2.432925937e+00 -5.3069711e-05  8.05297e+02  3.09655e+05 -5.30700e-05 -1.66280e+04 -1.66267e+04  0.00000e+00
2.433827021e+00 -6.2986127e-05  8.77529e+02  3.09655e+05 -6.29862e-05 -1.66280e+04 -1.66266e+04  0.00000e+00
2.434728438e+00 -6.2742391e-05  8.72793e+02  3.09655e+05 -6.27426e-05 -1.66280e+04 -1.66266e+04  0.00000e+00
2.435630189e+00 -5.8639660e-05  8.39692e+02  3.09655e+05 -5.86397e-05 -1.66280e+04 -1.66266e+04  0.00000e+00
2.436532275e+00 -6.2464405e-05  8.64899e+02  3.09655e+05 -6.24645e-05 -1.66280e+04 -1.66266e+04  0.00000e+00
2.437434694e+00 -7.0806012e-05  9.20373e+02  3.09655e+05 -7.08060e-05 -1.66280e+04 -1.66265e+04  0.00000e+00
2.438337447e+00 -6.1513001e-05  8.52224e+02  3.09655e+05 -6.15133e-05 -1.66280e+04 -1.66266e+04  0.00000e+00
2.439240535e+00 -5.8266027e-05  8.25689e+02  3.09655e+05 -5.82662e-05 -1.66280e+04 -1.66266e+04  0.00000e+00
2.440143958e+00 -6.3633411e-05  8.61587e+02  3.09655e+05 -6.36331e-05 -1.66280e+04 -1.66265e+04  0.00000e+00
2.441047715e+00 -6.0644712e-05  8.37418e+02  3.09655e+05 -6.06450e-05 -1.66280e+04 -1.66266e+04  0.00000e+00
2.441951807e+00 -6.4845766e-05  8.64270e+02  3.09655e+05 -6.48461e-05 -1.66280e+04 -1.66265e+04  0.00000e+00
2.442856233e+00 -6.8112097e-05  8.83752e+02  3.09655e+05 -6.81119e-05 -1.66280e+04 -1.66265e+04  0.00000e+00
2.443760995e+00 -6.6599068e-05  8.70500e+02  3.09655e+05 -6.65990e-05 -1.66280e+04 -1.66265e+04  0.00000e+00
2.444666091e+00 -6.9807106e-05  8.89163e+02  3.09655e+05 -6.98072e-05 -1.66280e+04 -1.66265e+04  0.00000e+00
2.445571523e+00 -6.4929819e-05  8.53277e+02  3.09655e+05 -6.49296e-05 -1.66280e+04 -1.66265e+04  0.00000e+00
2.446477291e+00 -6.6579235e-05  8.61616e+02  3.09655e+05 -6.65790e-05 -1.66280e+04 -1.66265e+04  0.00000e+00
2.447383393e+00 -6.2781632e-05  8.32829e+02  3.09655e+05 -6.27815e-05 -1.66280e+04 -1.66266e+04  0.00000e+00
2.448289832e+00 -7.6093878e-05  9.17742e+02  3.09655e+05 -7.60940e-05 -1.66280e+04 -1.66264e+04  0.00000e+00
2.449196606e+00 -7.1186739e-05  8.83300e+02  3.09655e+05 -7.11868e-05 -1.66280e+04 -1.66265e+04  0.00000e+00
2.450103715e+00 -6.7826155e-05  8.58381e+02  3.09655e+05 -6.78259e-05 -1.66280e+04 -1.66265e+04  0.00000e+00
2.451011161e+00 -6.6387866e-05  8.45998e+02  3.09655e+05 -6.63882e-05 -1.66280e+04 -1.66265e+04  0.00000e+00
2.451918943e+00 -7.5011757e-05  8.98692e+02  3.09655e+05 -7.50117e-05 -1.66280e+04 -1.66264e+04  0.00000e+00
2.452827061e+00 -7.8166228e-05  9.15198e+02  3.09655e+05 -7.81663e-05 -1.66280e+04 -1.66264e+04  0.00000e+00
2.453735516e+00 -7.6394905e-05  9.01243e+02  3.09655e+05 -7.63948e-05 -1.66280e+04 -1.66264e+04  0.00000e+00
2.454644307e+00 -8.7231210e-05  9.62917e+02  3.09655e+05 -8.72311e-05 -1.66280e+04 -1.66263e+04  0.00000e+00
2.455553434e+00 -7.1552583e-05  8.65094e+02  3.09655e+05 -7.15525e-05 -1.66280e+04 -1.66265e+04  0.00000e+00
2.456462898e+00 -7.0876879e-05  8.57944e+02  3.09655e+05 -7.08770e-05 -1.66280e+04 -1.66265e+04  0.00000e+00
2.457372699e+00 -6.7385896e-05  8.32857e+02  3.09655e+05 -6.73858e-05 -1.66280e+04 -1.66265e+04  0.00000e+00
2.458282838e+00 -7.2424870e-05  8.61883e+02  3.09655e+05 -7.24248e-05 -1.66280e+04 -1.66264e+04  0.00000e+00
2.459193313e+00 -7.2524298e-05  8.59620e+02  3.09655e+05 -7.25242e-05 -1.66280e+04 -1.66264e+04  0.00000e+00
2.460104125e+00 -8.3936193e-05  9.24789e+02  3.09655e+05 -8.39364e-05 -1.66280e+04 -1.66263e+04  0.00000e+00
2.461015275e+00 -8.8976612e-05  9.50320e+02  3.09655e+05 -8.89765e-05 -1.66280e+04 -1.66263e+04  0.00000e+00
2.461926762e+00 -8.7080182e-05  9.36485e+02  3.09655e+05 -8.70802e-05 -1.66280e+04 -1.66263e+04  0.00000e+00
2.462838587e+00 -7.4618626e-05  8.60906e+02  3.09655e+05 -7.46187e-05 -1.66280e+04 -1.66264e+04  0.00000e+00
2.463750749e+00 -7.8791553e-05  8.82770e+02  3.09655e+05 -7.87916e-05 -1.66280e+04 -1.66264e+04  0.00000e+00
2.464663249e+00 -7.4064195e-05  8.51860e+02  3.09655e+05 -7.40641e-05 -1.66280e+04 -1.66264e+04  0.00000e+00
2.465576087e+00 -7.8150459e-05  8.73159e+02  3.09655e+05 -7.81503e-05 -1.66280e+04 -1.66264e+04  0.00000e+00
2.466489264e+00 -8.7636945e-05  9.24004e+02  3.09655e+05 -8.76368e-05 -1.66280e+04 -1.66263e+04  0.00000e+00
2.467402778e+00 -8.3165107e-05  8.96010e+02  3.09655e+05 -8.31652e-05 -1.66280e+04 -1.66263e+04  0.00000e+00
2.468316631e+00 -9.1156229e-05  9.36988e+02  3.09655e+05 -9.11563e-05 -1.66280e+04 -1.66263e+04  0.00000e+00
2.469230823e+00 -7.9307796e-05  8.68237e+02  3.09655e+05 -7.93079e-05 -1.66280e+04 -1.66264e+04  0.00000e+00
2.470145353e+00 -8.6605683e-05  9.06101e+02  3.09655e+05 -8.66056e-05 -1.66280e+04 -1.66263e+04 -2.26405e-12
2.471060221e+00 -8.6976749e-05  9.05107e+02  3.09655e+05 -8.69766e-05 -1.66280e+04 -1.66263e+04  0.00000e+00
2.471975429e+00 -8.3798319e-05  8.84700e+02  3.09655e+05 -8.37983e-05 -1.66280e+04 -1.66263e+04  0.00000e+00
2.472890975e+00 -8.3092521e-05  8.77874e+02  3.09655e+05 -8.30927e-05 -1.66280e+04 -1.66263e+04  0.00000e+00
2.473806861e+00 -9.9498914e-05  9.61580e+02  3.09655e+05 -9.94988e-05 -1.66280e+04 -1.66262e+04  0.00000e+00
2.474723085e+00 -9.4428419e-05  9.32419e+02  3.09655e+05 -9.44286e-05 -1.66280e+04 -1.66262e+04  0.00000e+00
2.475639650e+00 -9.7528264e-05  9.45196e+02  3.09655e+05 -9.75283e-05 -1.66280e+04 -1.66262e+04  0.00000e+00
2.476556553e+00 -8.8020315e-05  8.92761e+02  3.09655e+05 -8.80202e-05 -1.66280e+04 -1.66263e+04  0.00000e+00
2.477473796e+00 -8.5092126e-05  8.74205e+02  3.09655e+05 -8.50920e-05 -1.66280e+04 -1.66263e+04  0.00000e+00
2.478391379e+00 -8.9227156e-05  8.93189e+02  3.09655e+05 -8.92272e-05 -1.66280e+04 -1.66263e+04  0.00000e+00
2.479309302e+00 -9.4246413e-05  9.16096e+02  3.09655e+05 -9.42466e-05 -1.66280e+04 -1.66262e+04  0.00000e+00
2.480227565e+00 -9.3821798e-05  9.10901e+02  3.09655e+05 -9.38220e-05 -1.66280e+04 -1.66262e+04  0.00000e+00
2.481146167e+00 -9.8199958e-05  9.29837e+02  3.09655e+05 -9.82001e-05 -1.66280e+04 -1.66262e+04  0.00000e+00
2.482065110e+00 -1.0108612e-04  9.40938e+02  3.09655e+05 -1.01086e-04 -1.66280e+04 -1.66262e+04  0.00000e+00
2.482984394e+00 -1.0313186e-04  9.47728e+02  3.09655e+05 -1.03132e-04 -1.66280e+04 -1.66261e+04  0.00000e+00
2.483904018e+00 -9.0143499e-05  8.80290e+02  3.09655e+05 -9.01436e-05 -1.66280e+04 -1.66263e+04  0.00000e+00
2.484823982e+00 -9.1382882e-05  8.83665e+02  3.09655e+05 -9.13828e-05 -1.66280e+04 -1.66263e+04  0.00000e+00
2.485744287e+00 -8.8173718e-05  8.64455e+02  3.09655e+05 -8.81736e-05 -1.66280e+04 -1.66263e+04  0.00000e+00
2.486664933e+00 -1.0465490e-04  9.42441e+02  3.09655e+05 -1.04655e-04 -1.66280e+04 -1.66261e+04  0.00000e+00
2.487585920e+00 -1.0391519e-04  9.35831e+02  3.09655e+05 -1.03915e-04 -1.66280e+04 -1.66261e+04 -2.26405e-12
2.488507248e+00 -1.0819248e-04  9.52688e+02  3.09655e+05 -1.08192e-04 -1.66280e+04 -1.66261e+04  0.00000e+00
2.489428918e+00 -1.1038333e-04  9.59583e+02  3.09655e+05 -1.10383e-04 -1.66280e+04 -1.66261e+04  0.00000e+00
2.490350928e+00 -1.0226358e-04  9.18828e+02  3.09655e+05 -1.02263e-04 -1.66280e+04 -1.66262e+04  0.00000e+00
2.491273281e+00 -1.1350234e-04  9.67300e+02  3.09655e+05 -1.13502e-04 -1.66280e+04 -1.66261e+04  0.00000e+00
2.492195974e+00 -1.0386768e-04  9.20247e+02  3.09655e+05 -1.03868e-04 -1.66280e+04 -1.66261e+04  0.00000e+00
2.493119010e+00 -1.0367436e-04  9.16317e+02  3.09655e+05 -1.03674e-04 -1.66280e+04 -1.66261e+04  0.00000e+00
2.494042387e+00 -1.0067334e-04  8.99360e+02  3.09655e+05 -1.00673e-04 -1.66280e+04 -1.66262e+04  0.00000e+00
2.494966107e+00 -1.0077239e-04  8.96862e+02  3.09655e+05 -1.00772e-04 -1.66280e+04 -1.66262e+04  0.00000e+00
2.495890168e+00 -1.0022747e-04  8.91381e+02  3.09655e+05 -1.00228e-04 -1.66280e+04 -1.66262e+04  0.00000e+00
2.496814572e+00 -1.0500205e-04  9.10351e+02  3.09655e+05 -1.05002e-04 -1.66280e+04 -1.66261e+04  0.00000e+00
2.497739318e+00 -1.1364935e-04  9.45789e+02  3.09655e+05 -1.13649e-04 -1.66280e+04 -1.66261e+04  0.00000e+00
2.498664407e+00 -1.2424988e-04  9.87910e+02  3.09655e+05 -1.24250e-04 -1.66280e+04 -1.66260e+04  0.00000e+00
2.499589838e+00 -1.0758101e-04  9.12926e+02  3.09655e+05 -1.07581e-04 -1.66280e+04 -1.66261e+04 -2.26405e-12
2.500515612e+00 -1.1039407e-04  9.22313e+02  3.09655e+05 -1.10394e-04 -1.66280e+04 -1.66261e+04  0.00000e+00
2.501441729e+00 -1.1102629e-04  9.22037e+02  3.09655e+05 -1.11026e-04 -1.66280e+04 -1.66261e+04  0.00000e+00
2.502368189e+00 -1.0843816e-04  9.07725e+02  3.09655e+05 -1.08438e-04 -1.66280e+04 -1.66261e+04  0.00000e+00
2.503294992e+00 -1.1452767e-04  9.31021e+02  3.09655e+05 -1.14528e-04 -1.66280e+04 -1.66260e+04  0.00000e+00
2.504222138e+00 -1.1423999e-04  9.26741e+02  3.09655e+05 -1.14240e-04 -1.66280e+04 -1.66261e+04  0.00000e+00
2.505149628e+00 -1.2545923e-04  9.70259e+02  3.09655e+05 -1.25459e-04 -1.66280e+04 -1.66260e+04  0.00000e+00
2.506077461e+00 -1.3602490e-04  1.00912e+03  3.09655e+05 -1.36025e-04 -1.66280e+04 -1.66259e+04  0.00000e+00
2.507005638e+00 -1.2273895e-04  9.52852e+02  3.09655e+05 -1.22739e-04 -1.66280e+04 -1.66260e+04  0.00000e+00
2.507934159e+00 -1.1494182e-04  9.17586e+02  3.09655e+05 -1.14942e-04 -1.66280e+04 -1.66260e+04  0.00000e+00
2.508863023e+00 -1.1486476e-04  9.14262e+02  3.09655e+05 -1.14865e-04 -1.66280e+04 -1.66260e+04  0.00000e+00
2.509792232e+00 -1.1351995e-04  9.05670e+02  3.09655e+05 -1.13520e-04 -1.66280e+04 -1.66261e+04  0.00000e+00
2.510721784e+00 -1.1997866e-04  9.29259e+02  3.09655e+05 -1.19979e-04 -1.66280e+04 -1.66260e+04  0.00000e+00
2.511651681e+00 -1.2458033e-04  9.44685e+02  3.09655e+05 -1.24580e-04 -1.66280e+04 -1.66260e+04 -2.26405e-12
2.512581923e+00 -1.3594686e-04  9.85806e+02  3.09655e+05 -1.35947e-04 -1.66280e+04 -1.66259e+04  0.00000e+00
2.513512509e+00 -1.2626106e-04  9.45135e+02  3.09655e+05 -1.26261e-04 -1.66280e+04 -1.66260e+04  0.00000e+00
2.514443439e+00 -1.1551346e-04  8.99136e+02  3.09655e+05 -1.15514e-04 -1.66280e+04 -1.66260e+04  0.00000e+00
2.515374714e+00 -1.5984338e-04  1.06321e+03  3.09655e+05 -1.59844e-04 -1.66280e+04 -1.66257e+04  0.00000e+00
2.516306335e+00 -1.3187825e-04  9.57527e+02  3.09655e+05 -1.31878e-04 -1.66280e+04 -1.66259e+04  0.00000e+00
2.517238300e+00 -1.1301455e-04  8.80256e+02  3.09655e+05 -1.13015e-04 -1.66280e+04 -1.66261e+04 -2.26405e-12
2.518170611e+00 -1.2417229e-04  9.21700e+02  3.09655e+05 -1.24172e-04 -1.66280e+04 -1.66260e+04  0.00000e+00
2.519103266e+00 -1.3577984e-04  9.62803e+02  3.09655e+05 -1.35780e-04 -1.66280e+04 -1.66259e+04  0.00000e+00
2.520036268e+00 -1.4040130e-04  9.76693e+02  3.09655e+05 -1.40401e-04 -1.66280e+04 -1.66258e+04  0.00000e+00
2.520969614e+00 -1.3430769e-04  9.51064e+02  3.09655e+05 -1.34308e-04 -1.66280e+04 -1.66259e+04  0.00000e+00
2.521903307e+00 -1.2679307e-04  9.19764e+02  3.09655e+05 -1.26793e-04 -1.66280e+04 -1.66259e+04  0.00000e+00
2.522837345e+00 -1.3305025e-04  9.40219e+02  3.09655e+05 -1.33050e-04 -1.66280e+04 -1.66259e+04  0.00000e+00
2.523771729e+00 -1.4210098e-04  9.70117e+02  3.09655e+05 -1.42101e-04 -1.66280e+04 -1.66258e+04  0.00000e+00
2.524706459e+00 -1.4813444e-04  9.88338e+02  3.09655e+05 -1.48134e-04 -1.66280e+04 -1.66258e+04  0.00000e+00
2.525641536e+00 -1.4560328e-04  9.76218e+02  3.09655e+05 -1.45603e-04 -1.66280e+04 -1.66258e+04  0.00000e+00
2.526576959e+00 -1.3653187e-04  9.40703e+02  3.09655e+05 -1.36532e-04 -1.66280e+04 -1.66259e+04  0.00000e+00
2.527512728e+00 -1.4749833e-04  9.76485e+02  3.09655e+05 -1.47499e-04 -1.66280e+04 -1.66258e+04  0.00000e+00
2.528448844e+00 -1.4530513e-04  9.65668e+02  3.09655e+05 -1.45305e-04 -1.66280e+04 -1.66258e+04  0.00000e+00
2.529385306e+00 -1.4966600e-04  9.77608e+02  3.09655e+05 -1.49666e-04 -1.66280e+04 -1.66258e+04  0.00000e+00
2.530322116e+00 -1.3340667e-04  9.17344e+02  3.09655e+05 -1.33407e-04 -1.66280e+04 -1.66259e+04  0.00000e+00
2.531259272e+00 -1.3319274e-04  9.13605e+02  3.09655e+05 -1.33193e-04 -1.66280e+04 -1.66259e+04  0.00000e+00
2.532196775e+00 -1.4018379e-04  9.35391e+02  3.09655e+05 -1.40184e-04 -1.66280e+04 -1.66258e+04  0.00000e+00
2.533134626e+00 -1.5440988e-04  9.80923e+02  3.09655e+05 -1.54410e-04 -1.66280e+04 -1.66257e+04  0.00000e+00
2.534072824e+00 -1.4185906e-04  9.35149e+02  3.09655e+05 -1.41859e-04 -1.66280e+04 -1.66258e+04  0.00000e+00
2.535011370e+00 -1.5214609e-04  9.67021e+02  3.09655e+05 -1.52146e-04 -1.66280e+04 -1.66258e+04  0.00000e+00
2.535950263e+00 -1.5511917e-04  9.73742e+02  3.09655e+05 -1.55119e-04 -1.66280e+04 -1.66257e+04  0.00000e+00
2.536889504e+00 -1.5815610e-04  9.80532e+02  3.09655e+05 -1.58156e-04 -1.66280e+04 -1.66257e+04  0.00000e+00
2.537829092e+00 -1.5920962e-04  9.80771e+02  3.09655e+05 -1.59210e-04 -1.66280e+04 -1.66257e+04  0.00000e+00
2.538769029e+00 -1.4517953e-04  9.31353e+02  3.09655e+05 -1.45179e-04 -1.66280e+04 -1.66258e+04  0.00000e+00
2.539709314e+00 -1.6010888e-04  9.77315e+02  3.09655e+05 -1.60109e-04 -1.66280e+04 -1.66257e+04  0.00000e+00
2.540649947e+00 -1.5588907e-04  9.60566e+02  3.09655e+05 -1.55889e-04 -1.66280e+04 -1.66257e+04  0.00000e+00
2.541590928e+00 -1.5673060e-04  9.60173e+02  3.09655e+05 -1.56731e-04 -1.66280e+04 -1.66257e+04  0.00000e+00
2.542532258e+00 -1.4321078e-04  9.12838e+02  3.09655e+05 -1.43211e-04 -1.66280e+04 -1.66258e+04  0.00000e+00
2.543473937e+00 -1.8061911e-04  1.02797e+03  3.09655e+05 -1.80619e-04 -1.66280e+04 -1.66255e+04  0.00000e+00
2.544415964e+00 -1.6077268e-04  9.63703e+02  3.09655e+05 -1.60773e-04 -1.66280e+04 -1.66257e+04  0.00000e+00
2.545358341e+00 -1.4984526e-04  9.25753e+02  3.09655e+05 -1.49845e-04 -1.66280e+04 -1.66258e+04  0.00000e+00
2.546301066e+00 -1.6144973e-04  9.59607e+02  3.09655e+05 -1.61450e-04 -1.66280e+04 -1.66257e+04  0.00000e+00
2.547244140e+00 -1.6251454e-04  9.59822e+02  3.09655e+05 -1.62515e-04 -1.66280e+04 -1.66257e+04  0.00000e+00
2.548187564e+00 -1.7090166e-04  9.82379e+02  3.09655e+05 -1.70902e-04 -1.66280e+04 -1.66256e+04  0.00000e+00
2.549131337e+00 -1.7768947e-04  9.99497e+02  3.09655e+05 -1.77689e-04 -1.66280e+04 -1.66256e+04  0.00000e+00
2.550075460e+00 -1.6117266e-04  9.46448e+02  3.09655e+05 -1.61173e-04 -1.66280e+04 -1.66257e+04  0.00000e+00
2.551019932e+00 -1.5775144e-04  9.32844e+02  3.09655e+05 -1.57752e-04 -1.66280e+04 -1.66257e+04  0.00000e+00
2.551964755e+00 -1.5571266e-04  9.23528e+02  3.09655e+05 -1.55713e-04 -1.66280e+04 -1.66257e+04  0.00000e+00
2.552909927e+00 -1.7728468e-04  9.85476e+02  3.09655e+05 -1.77285e-04 -1.66280e+04 -1.66256e+04  0.00000e+00
2.553855449e+00 -1.6804235e-04  9.55036e+02  3.09655e+05 -1.68042e-04 -1.66280e+04 -1.66256e+04  0.00000e+00
2.554801321e+00 -1.6118428e-04  9.31379e+02  3.09655e+05 -1.61184e-04 -1.66280e+04 -1.66257e+04  0.00000e+00
2.555747544e+00 -1.7001587e-04  9.54747e+02  3.09655e+05 -1.70016e-04 -1.66280e+04 -1.66256e+04  0.00000e+00
2.556694117e+00 -1.8497227e-04  9.94832e+02  3.09655e+05 -1.84972e-04 -1.66280e+04 -1.66255e+04  0.00000e+00
2.557641041e+00 -1.7419619e-04  9.60810e+02  3.09655e+05 -1.74196e-04 -1.66280e+04 -1.66256e+04  0.00000e+00
2.558588315e+00 -1.6253215e-04  9.23523e+02  3.09655e+05 -1.62532e-04 -1.66280e+04 -1.66257e+04  0.00000e+00
2.559535941e+00 -1.7982820e-04  9.70755e+02  3.09655e+05 -1.79828e-04 -1.66280e+04 -1.66256e+04  0.00000e+00
2.560483917e+00 -1.8079821e-04  9.70382e+02  3.09655e+05 -1.80798e-04 -1.66280e+04 -1.66255e+04  0.00000e+00
2.561432244e+00 -2.0098592e-04  1.02273e+03  3.09655e+05 -2.00986e-04 -1.66280e+04 -1.66254e+04  0.00000e+00
2.562380923e+00 -1.7627656e-04  9.51426e+02  3.09655e+05 -1.76276e-04 -1.66280e+04 -1.66256e+04  0.00000e+00
2.563329953e+00 -1.9010071e-04  9.86782e+02  3.09655e+05 -1.90101e-04 -1.66280e+04 -1.66255e+04  0.00000e+00
2.564279334e+00 -1.8830398e-04  9.78716e+02  3.09655e+05 -1.88304e-04 -1.66280e+04 -1.66255e+04  0.00000e+00
2.565229067e+00 -1.8136922e-04  9.56527e+02  3.09655e+05 -1.81369e-04 -1.66280e+04 -1.66255e+04  0.00000e+00
2.566179152e+00 -1.7806895e-04  9.44321e+02  3.09655e+05 -1.78069e-04 -1.66280e+04 -1.66256e+04  0.00000e+00
2.567129589e+00 -1.9945067e-04  9.99138e+02  3.09655e+05 -1.99451e-04 -1.66280e+04 -1.66254e+04  0.00000e+00
2.568080378e+00 -1.8459095e-04  9.56191e+02  3.09655e+05 -1.84591e-04 -1.66280e+04 -1.66255e+04  0.00000e+00
2.569031519e+00 -1.9282815e-04  9.75262e+02  3.09655e+05 -1.92828e-04 -1.66280e+04 -1.66255e+04  0.00000e+00
2.569983012e+00 -2.1964337e-04  1.04122e+03  3.09655e+05 -2.19643e-04 -1.66280e+04 -1.66253e+04  0.00000e+00
2.570934857e+00 -1.6210720e-04  8.84777e+02  3.09655e+05 -1.62107e-04 -1.66280e+04 -1.66257e+04  0.00000e+00
2.571887055e+00 -1.7477509e-04  9.17386e+02  3.09655e+05 -1.74775e-04 -1.66280e+04 -1.66256e+04  0.00000e+00
2.572839606e+00 -1.7679379e-04  9.19989e+02  3.09655e+05 -1.76794e-04 -1.66280e+04 -1.66256e+04  0.00000e+00
2.573792510e+00 -2.1224561e-04  1.00952e+03  3.09655e+05 -2.12246e-04 -1.66280e+04 -1.66253e+04  0.00000e+00
2.574745766e+00 -2.0211731e-04  9.80707e+02  3.09655e+05 -2.02118e-04 -1.66280e+04 -1.66254e+04  0.00000e+00
2.575699376e+00 -2.0292448e-04  9.79632e+02  3.09655e+05 -2.02924e-04 -1.66280e+04 -1.66254e+04  0.00000e+00
2.576653339e+00 -2.1251563e-04  1.00055e+03  3.09655e+05 -2.12516e-04 -1.66280e+04 -1.66253e+04  0.00000e+00
2.577607655e+00 -2.2566571e-04  1.02944e+03  3.09655e+05 -2.25666e-04 -1.66280e+04 -1.66253e+04  0.00000e+00
2.578562324e+00 -2.1096368e-04  9.90345e+02  3.09655e+05 -2.10964e-04 -1.66280e+04 -1.66254e+04  0.00000e+00
2.579517347e+00 -2.0051343e-04  9.61162e+02  3.09655e+05 -2.00513e-04 -1.66280e+04 -1.66254e+04  0.00000e+00
2.580472724e+00 -1.7974287e-04  9.04714e+02  3.09655e+05 -1.79743e-04 -1.66280e+04 -1.66256e+04  0.00000e+00
2.581428455e+00 -2.0867237e-04  9.75301e+02  3.09655e+05 -2.08672e-04 -1.66280e+04 -1.66254e+04  0.00000e+00
2.582384539e+00 -1.9945756e-04  9.49402e+02  3.09655e+05 -1.99458e-04 -1.66280e+04 -1.66254e+04  0.00000e+00
2.583340978e+00 -2.2282902e-04  1.00319e+03  3.09655e+05 -2.22829e-04 -1.66280e+04 -1.66253e+04  0.00000e+00
2.584297771e+00 -2.0734002e-04  9.62794e+02  3.09655e+05 -2.07340e-04 -1.66280e+04 -1.66254e+04  0.00000e+00
2.585254918e+00 -2.1013710e-04  9.66525e+02  3.09655e+05 -2.10137e-04 -1.66280e+04 -1.66254e+04  0.00000e+00
2.586212420e+00 -1.8249767e-04  8.94797e+02  3.09655e+05 -1.82498e-04 -1.66280e+04 -1.66255e+04  0.00000e+00
2.587170277e+00 -2.2004427e-04  9.83962e+02  3.09655e+05 -2.20044e-04 -1.66280e+04 -1.66253e+04  0.00000e+00
2.588128488e+00 -2.1468677e-04  9.68208e+02  3.09655e+05 -2.14687e-04 -1.66280e+04 -1.66253e+04  0.00000e+00
2.589087054e+00 -2.1196933e-04  9.58705e+02  3.09655e+05 -2.11970e-04 -1.66280e+04 -1.66253e+04  0.00000e+00
2.590045975e+00 -2.1888416e-04  9.71934e+02  3.09655e+05 -2.18884e-04 -1.66280e+04 -1.66253e+04  0.00000e+00
2.591005251e+00 -2.1192997e-04  9.52560e+02  3.09655e+05 -2.11930e-04 -1.66280e+04 -1.66253e+04  0.00000e+00
2.591964883e+00 -2.0327922e-04  9.29014e+02  3.09655e+05 -2.03279e-04 -1.66280e+04 -1.66254e+04  0.00000e+00
2.592924870e+00 -2.2773966e-04  9.83037e+02  3.09655e+05 -2.27740e-04 -1.66280e+04 -1.66252e+04  0.00000e+00
2.593885212e+00 -2.1637395e-04  9.53907e+02  3.09655e+05 -2.16374e-04 -1.66280e+04 -1.66253e+04  0.00000e+00
2.594845911e+00 -2.4261122e-04  1.00992e+03  3.09655e+05 -2.42611e-04 -1.66280e+04 -1.66252e+04  0.00000e+00
2.595806965e+00 -2.1920308e-04  9.54389e+02  3.09655e+05 -2.19203e-04 -1.66280e+04 -1.66253e+04  0.00000e+00
2.596768375e+00 -2.0731382e-04  9.23952e+02  3.09655e+05 -2.07314e-04 -1.66280e+04 -1.66254e+04  0.00000e+00
2.597730141e+00 -2.3873588e-04  9.91921e+02  3.09655e+05 -2.38736e-04 -1.66280e+04 -1.66252e+04  0.00000e+00
2.598692263e+00 -2.3821453e-04  9.87652e+02  3.09655e+05 -2.38214e-04 -1.66280e+04 -1.66252e+04  0.00000e+00
2.599654742e+00 -2.2431860e-04  9.53910e+02  3.09655e+05 -2.24318e-04 -1.66280e+04 -1.66253e+04  0.00000e+00
2.600617577e+00 -2.0691556e-04  9.11482e+02  3.09655e+05 -2.06916e-04 -1.66280e+04 -1.66254e+04  0.00000e+00
2.601580768e+00 -2.4450932e-04  9.91865e+02  3.09655e+05 -2.44509e-04 -1.66280e+04 -1.66251e+04  0.00000e+00
2.602544317e+00 -2.1162068e-04  9.16506e+02  3.09655e+05 -2.11621e-04 -1.66280e+04 -1.66253e+04  0.00000e+00
2.603508222e+00 -2.2696324e-04  9.47788e+02  3.09655e+05 -2.26963e-04 -1.66280e+04 -1.66253e+04  0.00000e+00
2.604472484e+00 -2.3647660e-04  9.65411e+02  3.09655e+05 -2.36476e-04 -1.66280e+04 -1.66252e+04  0.00000e+00
2.605437104e+00 -2.3328746e-04  9.55538e+02  3.09655e+05 -2.33287e-04 -1.66280e+04 -1.66252e+04  0.00000e+00
2.606402081e+00 -2.2365996e-04  9.31704e+02  3.09655e+05 -2.23660e-04 -1.66280e+04 -1.66253e+04  0.00000e+00
2.607367415e+00 -2.3255883e-04  9.47995e+02  3.09655e+05 -2.32559e-04 -1.66280e+04 -1.66252e+04  0.00000e+00
2.608333106e+00 -2.5546252e-04  9.92867e+02  3.09655e+05 -2.55463e-04 -1.66280e+04 -1.66251e+04  0.00000e+00
2.609299156e+00 -2.4593877e-04  9.70158e+02  3.09655e+05 -2.45939e-04 -1.66280e+04 -1.66251e+04  0.00000e+00
2.610265563e+00 -2.4235871e-04  9.59691e+02  3.09655e+05 -2.42359e-04 -1.66280e+04 -1.66252e+04  0.00000e+00
2.611232328e+00 -2.2270490e-04  9.15173e+02  3.09655e+05 -2.22705e-04 -1.66280e+04 -1.66253e+04  0.00000e+00
2.612199451e+00 -2.1467722e-04  8.94954e+02  3.09655e+05 -2.14677e-04 -1.66280e+04 -1.66253e+04  0.00000e+00
2.613166932e+00 -2.5058508e-04  9.67528e+02  3.09655e+05 -2.50585e-04 -1.66280e+04 -1.66251e+04  0.00000e+00
2.614134772e+00 -2.3688834e-04  9.36449e+02  3.09655e+05 -2.36888e-04 -1.66280e+04 -1.66252e+04  0.00000e+00
2.615102970e+00 -2.4731421e-04  9.54870e+02  3.09655e+05 -2.47314e-04 -1.66280e+04 -1.66251e+04  0.00000e+00
2.616071526e+00 -2.3915045e-04  9.35264e+02  3.09655e+05 -2.39150e-04 -1.66280e+04 -1.66252e+04  0.00000e+00
2.617040442e+00 -2.6265451e-04  9.79408e+02  3.09655e+05 -2.62654e-04 -1.66280e+04 -1.66250e+04  0.00000e+00
2.618009716e+00 -2.6219738e-04  9.75452e+02  3.09655e+05 -2.62197e-04 -1.66280e+04 -1.66250e+04  0.00000e+00
2.618979349e+00 -2.5540366e-04  9.59078e+02  3.09655e+05 -2.55404e-04 -1.66280e+04 -1.66251e+04  0.00000e+00
2.619949342e+00 -2.5788145e-04  9.60948e+02  3.09655e+05 -2.57881e-04 -1.66280e+04 -1.66251e+04  0.00000e+00
2.620919693e+00 -2.5153861e-04  9.45505e+02  3.09655e+05 -2.51539e-04 -1.66280e+04 -1.66251e+04  0.00000e+00
2.621890404e+00 -2.6185234e-04  9.62664e+02  3.09655e+05 -2.61853e-04 -1.66280e+04 -1.66250e+04  0.00000e+00
2.622861475e+00 -2.6046121e-04  9.56981e+02  3.09655e+05 -2.60461e-04 -1.66280e+04 -1.66251e+04  0.00000e+00
2.623832905e+00 -2.4640364e-04  9.26630e+02  3.09655e+05 -2.46404e-04 -1.66280e+04 -1.66251e+04  0.00000e+00
2.624804695e+00 -2.5546665e-04  9.41417e+02  3.09655e+05 -2.55467e-04 -1.66280e+04 -1.66251e+04  0.00000e+00
2.625776845e+00 -2.6271083e-04  9.52368e+02  3.09655e+05 -2.62711e-04 -1.66280e+04 -1.66250e+04  0.00000e+00
2.626749355e+00 -2.7707752e-04  9.76349e+02  3.09655e+05 -2.77078e-04 -1.66280e+04 -1.66250e+04  0.00000e+00
2.627722225e+00 -2.5936328e-04  9.40110e+02  3.09655e+05 -2.59364e-04 -1.66280e+04 -1.66251e+04  0.00000e+00
2.628695455e+00 -2.4953908e-04  9.18410e+02  3.09655e+05 -2.49539e-04 -1.66280e+04 -1.66251e+04  0.00000e+00
2.629669046e+00 -2.6043870e-04  9.36316e+02  3.09655e+05 -2.60439e-04 -1.66280e+04 -1.66251e+04  0.00000e+00
2.630642998e+00 -2.7926829e-04  9.68262e+02  3.09655e+05 -2.79268e-04 -1.66280e+04 -1.66250e+04  0.00000e+00
2.631617310e+00 -2.6274670e-04  9.34838e+02  3.09655e+05 -2.62747e-04 -1.66280e+04 -1.66250e+04  0.00000e+00
2.632591983e+00 -2.6850925e-04  9.42611e+02  3.09655e+05 -2.68509e-04 -1.66280e+04 -1.66250e+04  0.00000e+00
2.633567017e+00 -2.6240682e-04  9.28429e+02  3.09655e+05 -2.62407e-04 -1.66280e+04 -1.66250e+04  0.00000e+00
2.634542412e+00 -3.1159517e-04  1.01306e+03  3.09655e+05 -3.11595e-04 -1.66280e+04 -1.66248e+04  0.00000e+00
2.635518169e+00 -2.7325769e-04  9.42515e+02  3.09655e+05 -2.73258e-04 -1.66280e+04 -1.66250e+04  0.00000e+00
2.636494287e+00 -2.7014255e-04  9.33965e+02  3.09655e+05 -2.70143e-04 -1.66280e+04 -1.66250e+04  0.00000e+00
2.637470766e+00 -2.6514162e-04  9.22004e+02  3.09655e+05 -2.65142e-04 -1.66280e+04 -1.66250e+04  0.00000e+00
2.638447607e+00 -2.7799240e-04  9.42256e+02  3.09655e+05 -2.77992e-04 -1.66280e+04 -1.66250e+04  0.00000e+00
2.639424810e+00 -2.6053917e-04  9.07961e+02  3.09655e+05 -2.60539e-04 -1.66280e+04 -1.66251e+04  0.00000e+00
2.640402374e+00 -2.8341016e-04  9.45979e+02  3.09655e+05 -2.83410e-04 -1.66280e+04 -1.66249e+04  0.00000e+00
2.641380301e+00 -3.0772601e-04  9.84754e+02  3.09655e+05 -3.07726e-04 -1.66280e+04 -1.66248e+04  0.00000e+00
2.642358590e+00 -2.9882433e-04  9.66668e+02  3.09655e+05 -2.98824e-04 -1.66280e+04 -1.66248e+04  0.00000e+00
2.643337242e+00 -2.8297460e-04  9.36496e+02  3.09655e+05 -2.82974e-04 -1.66280e+04 -1.66249e+04  0.00000e+00
2.644316255e+00 -2.8840184e-04  9.42963e+02  3.09655e+05 -2.88402e-04 -1.66280e+04 -1.66249e+04  0.00000e+00
2.645295632e+00 -2.9175926e-04  9.45786e+02  3.09655e+05 -2.91759e-04 -1.66280e+04 -1.66249e+04  0.00000e+00
2.646275371e+00 -3.1614979e-04  9.83508e+02  3.09655e+05 -3.16149e-04 -1.66280e+04 -1.66248e+04  0.00000e+00
2.647255473e+00 -2.7978584e-04  9.19544e+02  3.09655e+05 -2.79786e-04 -1.66280e+04 -1.66249e+04  0.00000e+00
2.648235938e+00 -3.0856960e-04  9.65054e+02  3.09655e+05 -3.08570e-04 -1.66280e+04 -1.66248e+04  0.00000e+00
2.649216766e+00 -2.9891095e-04  9.46145e+02  3.09655e+05 -2.98911e-04 -1.66280e+04 -1.66248e+04  0.00000e+00
2.650197957e+00 -2.9577106e-04  9.38024e+02  3.09655e+05 -2.95771e-04 -1.66280e+04 -1.66249e+04  0.00000e+00
2.651179512e+00 -2.9287156e-04  9.30325e+02  3.09655e+05 -2.92872e-04 -1.66280e+04 -1.66249e+04  0.00000e+00
2.652161431e+00 -2.9363564e-04  9.28738e+02  3.09655e+05 -2.93636e-04 -1.66280e+04 -1.66249e+04  0.00000e+00
2.653143713e+00 -3.0241916e-04  9.40313e+02  3.09655e+05 -3.02419e-04 -1.66280e+04 -1.66248e+04  0.00000e+00
2.654126358e+00 -2.8512861e-04  9.08945e+02  3.09655e+05 -2.85128e-04 -1.66280e+04 -1.66249e+04  0.00000e+00
2.655109368e+00 -3.0118721e-04  9.32556e+02  3.09655e+05 -3.01187e-04 -1.66280e+04 -1.66248e+04  0.00000e+00
2.656092742e+00 -3.1043327e-04  9.44563e+02  3.09655e+05 -3.10433e-04 -1.66280e+04 -1.66248e+04  0.00000e+00
2.657076480e+00 -3.0162128e-04  9.27552e+02  3.09655e+05 -3.01621e-04 -1.66280e+04 -1.66248e+04  0.00000e+00
2.658060582e+00 -2.9037825e-04  9.06496e+02  3.09655e+05 -2.90378e-04 -1.66280e+04 -1.66249e+04  0.00000e+00
2.659045049e+00 -2.8163677e-04  8.89391e+02  3.09655e+05 -2.81637e-04 -1.66280e+04 -1.66249e+04  0.00000e+00
2.660029881e+00 -3.2780216e-04  9.60098e+02  3.09655e+05 -3.27802e-04 -1.66280e+04 -1.66247e+04  0.00000e+00
2.661015077e+00 -3.2508654e-04  9.52985e+02  3.09655e+05 -3.25087e-04 -1.66280e+04 -1.66247e+04  0.00000e+00
2.662000638e+00 -3.0298702e-04  9.15631e+02  3.09655e+05 -3.02987e-04 -1.66280e+04 -1.66248e+04  0.00000e+00
2.662986564e+00 -2.8282805e-04  8.80544e+02  3.09655e+05 -2.82828e-04 -1.66280e+04 -1.66249e+04  0.00000e+00
2.663972856e+00 -3.2402412e-04  9.42648e+02  3.09655e+05 -3.24024e-04 -1.66280e+04 -1.66247e+04  0.00000e+00
2.664959512e+00 -3.5220189e-04  9.81863e+02  3.09655e+05 -3.52202e-04 -1.66280e+04 -1.66246e+04  0.00000e+00
2.665946534e+00 -3.2600899e-04  9.39909e+02  3.09655e+05 -3.26009e-04 -1.66280e+04 -1.66247e+04  0.00000e+00
2.666933922e+00 -3.4163494e-04  9.60360e+02  3.09655e+05 -3.41635e-04 -1.66280e+04 -1.66246e+04  0.00000e+00
2.667921675e+00 -3.1487677e-04  9.17326e+02  3.09655e+05 -3.14877e-04 -1.66280e+04 -1.66248e+04  0.00000e+00
2.668909794e+00 -3.2860755e-04  9.35226e+02  3.09655e+05 -3.28608e-04 -1.66280e+04 -1.66247e+04  0.00000e+00
2.669898279e+00 -3.4401096e-04  9.55065e+02  3.09655e+05 -3.44011e-04 -1.66280e+04 -1.66246e+04  0.00000e+00
2.670887131e+00 -4.0564902e-04  1.03851e+03  3.09655e+05 -4.05649e-04 -1.66280e+04 -1.66243e+04  0.00000e+00
2.671876348e+00 -3.1344368e-04  9.04061e+02  3.09655e+05 -3.13444e-04 -1.66280e+04 -1.66248e+04  0.00000e+00
2.672865932e+00 -3.1270297e-04  9.00203e+02  3.09655e+05 -3.12703e-04 -1.66280e+04 -1.66248e+04  0.00000e+00
2.673855882e+00 -3.5301904e-04  9.56378e+02  3.09655e+05 -3.53019e-04 -1.66280e+04 -1.66246e+04  0.00000e+00
2.674846199e+00 -3.4328900e-04  9.39581e+02  3.09655e+05 -3.43289e-04 -1.66280e+04 -1.66246e+04  0.00000e+00
2.675836883e+00 -3.3928058e-04  9.30974e+02  3.09655e+05 -3.39281e-04 -1.66280e+04 -1.66246e+04  0.00000e+00
2.676827934e+00 -4.0052868e-04  1.01278e+03  3.09655e+05 -4.00528e-04 -1.66280e+04 -1.66244e+04  0.00000e+00
2.677819352e+00 -4.0009794e-04  1.00912e+03  3.09655e+05 -4.00098e-04 -1.66280e+04 -1.66244e+04  0.00000e+00
2.678811137e+00 -3.4968448e-04  9.37254e+02  3.09655e+05 -3.49684e-04 -1.66280e+04 -1.66246e+04  0.00000e+00
2.679803289e+00 -3.6083060e-04  9.49926e+02  3.09655e+05 -3.60830e-04 -1.66280e+04 -1.66245e+04  0.00000e+00
2.680795809e+00 -3.6134582e-04  9.47754e+02  3.09655e+05 -3.61346e-04 -1.66280e+04 -1.66245e+04  0.00000e+00
2.681788696e+00 -3.7132088e-04  9.58490e+02  3.09655e+05 -3.71321e-04 -1.66280e+04 -1.66245e+04  0.00000e+00
2.682781951e+00 -3.6450026e-04  9.46325e+02  3.09655e+05 -3.64500e-04 -1.66280e+04 -1.66245e+04  0.00000e+00
2.683775574e+00 -3.6916384e-04  9.49776e+02  3.09655e+05 -3.69164e-04 -1.66280e+04 -1.66245e+04  0.00000e+00
2.684769565e+00 -3.9288988e-04  9.78409e+02  3.09655e+05 -3.92890e-04 -1.66280e+04 -1.66244e+04  0.00000e+00
2.685763924e+00 -3.7978607e-04  9.58202e+02  3.09655e+05 -3.79786e-04 -1.66280e+04 -1.66244e+04  0.00000e+00
2.686758651e+00 -4.3634986e-04  1.02776e+03  3.09655e+05 -4.36350e-04 -1.66280e+04 -1.66242e+04  0.00000e+00
2.687753747e+00 -3.4764060e-04  9.09252e+02  3.09655e+05 -3.47640e-04 -1.66280e+04 -1.66246e+04  0.00000e+00
2.688749211e+00 -4.0059911e-04  9.76533e+02  3.09655e+05 -4.00599e-04 -1.66280e+04 -1.66244e+04  0.00000e+00
2.689745044e+00 -3.4927784e-04  9.06006e+02  3.09655e+05 -3.49278e-04 -1.66280e+04 -1.66246e+04  0.00000e+00
2.690741246e+00 -3.7276370e-04  9.34607e+02  3.09655e+05 -3.72764e-04 -1.66280e+04 -1.66245e+04  0.00000e+00
2.691737817e+00 -4.0353884e-04  9.71424e+02  3.09655e+05 -4.03539e-04 -1.66280e+04 -1.66243e+04  0.00000e+00
2.692734757e+00 -3.8810523e-04  9.48848e+02  3.09655e+05 -3.88105e-04 -1.66280e+04 -1.66244e+04  0.00000e+00
2.693732066e+00 -4.6362939e-04  1.03885e+03  3.09655e+05 -4.63629e-04 -1.66280e+04 -1.66241e+04  0.00000e+00
2.694729745e+00 -4.7718451e-04  1.05159e+03  3.09655e+05 -4.77184e-04 -1.66280e+04 -1.66240e+04  0.00000e+00
2.695727793e+00 -4.1050618e-04  9.68419e+02  3.09655e+05 -4.10506e-04 -1.66280e+04 -1.66243e+04  0.00000e+00
2.696726211e+00 -4.3386555e-04  9.94026e+02  3.09655e+05 -4.33865e-04 -1.66280e+04 -1.66242e+04  0.00000e+00
2.697724998e+00 -4.2577651e-04  9.81255e+02  3.09655e+05 -4.25777e-04 -1.66280e+04 -1.66242e+04  0.00000e+00
2.698724155e+00 -4.1928674e-04  9.70424e+02  3.09655e+05 -4.19287e-04 -1.66280e+04 -1.66243e+04  0.00000e+00
2.699723683e+00 -3.8257208e-04  9.22067e+02  3.09655e+05 -3.82572e-04 -1.66280e+04 -1.66244e+04  0.00000e+00
2.700723581e+00 -3.7451306e-04  9.09105e+02  3.09655e+05 -3.74513e-04 -1.66280e+04 -1.66245e+04  0.00000e+00
2.701723849e+00 -4.5124426e-04  9.99584e+02  3.09655e+05 -4.51245e-04 -1.66280e+04 -1.66241e+04  0.00000e+00
2.702724487e+00 -4.1969463e-04  9.59284e+02  3.09655e+05 -4.19695e-04 -1.66280e+04 -1.66243e+04  0.00000e+00
2.703725496e+00 -4.5515975e-04  9.98100e+02  3.09655e+05 -4.55160e-04 -1.66280e+04 -1.66241e+04  0.00000e+00
2.704726876e+00 -4.5160314e-04  9.90990e+02  3.09655e+05 -4.51603e-04 -1.66280e+04 -1.66241e+04  0.00000e+00
2.705728627e+00 -4.5711877e-04  9.94344e+02  3.09655e+05 -4.57119e-04 -1.66280e+04 -1.66241e+04  0.00000e+00
2.706730748e+00 -4.3672339e-04  9.67828e+02  3.09655e+05 -4.36723e-04 -1.66280e+04 -1.66242e+04  0.00000e+00
2.707733241e+00 -4.0535287e-04  9.27896e+02  3.09655e+05 -4.05353e-04 -1.66280e+04 -1.66243e+04  0.00000e+00
2.708736105e+00 -4.4518844e-04  9.71788e+02  3.09655e+05 -4.45189e-04 -1.66280e+04 -1.66242e+04  0.00000e+00
2.709739341e+00 -4.5693607e-04  9.82238e+02  3.09655e+05 -4.56936e-04 -1.66280e+04 -1.66241e+04  0.00000e+00
2.710742948e+00 -4.5234305e-04  9.74100e+02  3.09655e+05 -4.52343e-04 -1.66280e+04 -1.66241e+04  0.00000e+00
2.711746927e+00 -5.0993495e-04  1.03450e+03  3.09655e+05 -5.09935e-04 -1.66280e+04 -1.66239e+04  0.00000e+00
2.712751278e+00 -5.0196622e-04  1.02284e+03  3.09655e+05 -5.01966e-04 -1.66280e+04 -1.66239e+04  0.00000e+00
2.713756000e+00 -4.3347146e-04  9.44004e+02  3.09655e+05 -4.33471e-04 -1.66280e+04 -1.66242e+04  0.00000e+00
2.714761095e+00 -4.8893436e-04  1.00270e+03  3.09655e+05 -4.88934e-04 -1.66280e+04 -1.66240e+04  0.00000e+00
2.715766562e+00 -4.6041403e-04  9.68568e+02  3.09655e+05 -4.60414e-04 -1.66280e+04 -1.66241e+04  0.00000e+00
2.716772402e+00 -4.9543267e-04  1.00366e+03  3.09655e+05 -4.95433e-04 -1.66280e+04 -1.66239e+04  0.00000e+00
2.717778614e+00 -4.9541879e-04  1.00064e+03  3.09655e+05 -4.95419e-04 -1.66280e+04 -1.66239e+04  0.00000e+00
2.718785198e+00 -4.6937970e-04  9.69692e+02  3.09655e+05 -4.69379e-04 -1.66280e+04 -1.66240e+04  0.00000e+00
2.719792156e+00 -4.5424505e-04  9.50292e+02  3.09655e+05 -4.54245e-04 -1.66280e+04 -1.66241e+04  0.00000e+00
2.720799486e+00 -5.1307852e-04  1.01016e+03  3.09655e+05 -5.13078e-04 -1.66280e+04 -1.66239e+04  0.00000e+00
2.721807190e+00 -4.5651086e-04  9.47107e+02  3.09655e+05 -4.56511e-04 -1.66280e+04 -1.66241e+04  0.00000e+00
2.722815267e+00 -5.2354316e-04  1.01487e+03  3.09655e+05 -5.23543e-04 -1.66280e+04 -1.66238e+04  0.00000e+00
2.723823717e+00 -5.0449400e-04  9.92264e+02  3.09655e+05 -5.04494e-04 -1.66280e+04 -1.66239e+04  0.00000e+00
2.724832540e+00 -5.7199297e-04  1.05709e+03  3.09655e+05 -5.71993e-04 -1.66280e+04 -1.66236e+04  0.00000e+00
2.725841738e+00 -5.3274113e-04  1.01508e+03  3.09655e+05 -5.32741e-04 -1.66280e+04 -1.66238e+04  0.00000e+00
2.726851309e+00 -4.9089757e-04  9.69381e+02  3.09655e+05 -4.90898e-04 -1.66280e+04 -1.66240e+04  0.00000e+00
2.727861253e+00 -5.2079405e-04  9.97038e+02  3.09655e+05 -5.20794e-04 -1.66280e+04 -1.66238e+04  0.00000e+00
2.728871572e+00 -5.5721405e-04  1.03014e+03  3.09655e+05 -5.57214e-04 -1.66280e+04 -1.66237e+04  0.00000e+00
2.729882266e+00 -5.2489874e-04  9.95213e+02  3.09655e+05 -5.24899e-04 -1.66280e+04 -1.66238e+04  0.00000e+00
2.730893333e+00 -5.6187520e-04  1.02852e+03  3.09655e+05 -5.61875e-04 -1.66280e+04 -1.66237e+04  0.00000e+00
2.731904775e+00 -4.5234410e-04  9.14957e+02  3.09655e+05 -4.52344e-04 -1.66280e+04 -1.66241e+04  0.00000e+00
2.732916592e+00 -5.1114193e-04  9.72671e+02  3.09655e+05 -5.11142e-04 -1.66280e+04 -1.66239e+04  0.00000e+00
2.733928783e+00 -5.0688433e-04  9.65528e+02  3.09655e+05 -5.06885e-04 -1.66280e+04 -1.66239e+04  0.00000e+00
2.734941349e+00 -5.0034901e-04  9.56124e+02  3.09655e+05 -5.00349e-04 -1.66280e+04 -1.66239e+04  0.00000e+00
2.735954290e+00 -6.0201631e-04  1.05090e+03  3.09655e+05 -6.02016e-04 -1.66280e+04 -1.66235e+04  0.00000e+00
2.736967607e+00 -6.1797806e-04  1.06237e+03  3.09655e+05 -6.17978e-04 -1.66280e+04 -1.66235e+04  0.00000e+00
2.737981299e+00 -5.4231814e-04  9.88649e+02  3.09655e+05 -5.42318e-04 -1.66280e+04 -1.66238e+04  0.00000e+00
2.738995366e+00 -6.2617400e-04  1.06344e+03  3.09655e+05 -6.26174e-04 -1.66280e+04 -1.66234e+04  0.00000e+00
2.740009808e+00 -5.5804384e-04  9.97702e+02  3.09655e+05 -5.58044e-04 -1.66280e+04 -1.66237e+04  0.00000e+00
2.741024627e+00 -5.7569738e-04  1.01121e+03  3.09655e+05 -5.75697e-04 -1.66280e+04 -1.66236e+04  0.00000e+00
2.742039821e+00 -6.0685308e-04  1.03665e+03  3.09655e+05 -6.06853e-04 -1.66280e+04 -1.66235e+04  0.00000e+00
2.743055392e+00 -5.2204880e-04  9.54790e+02  3.09655e+05 -5.22049e-04 -1.66280e+04 -1.66238e+04  0.00000e+00
2.744071338e+00 -5.4867506e-04  9.77191e+02  3.09655e+05 -5.48675e-04 -1.66280e+04 -1.66237e+04  0.00000e+00
2.745087661e+00 -5.8083799e-04  1.00397e+03  3.09655e+05 -5.80838e-04 -1.66280e+04 -1.66236e+04  0.00000e+00
2.746104360e+00 -5.6018831e-04  9.82097e+02  3.09655e+05 -5.60188e-04 -1.66280e+04 -1.66237e+04  0.00000e+00
2.747121436e+00 -5.4367155e-04  9.63907e+02  3.09655e+05 -5.43672e-04 -1.66280e+04 -1.66237e+04  0.00000e+00
2.748138888e+00 -6.0078108e-04  1.01295e+03  3.09655e+05 -6.00781e-04 -1.66280e+04 -1.66235e+04  0.00000e+00
2.749156717e+00 -5.5636993e-04  9.69933e+02  3.09655e+05 -5.56370e-04 -1.66280e+04 -1.66237e+04  0.00000e+00
2.750174923e+00 -6.4139121e-04  1.04235e+03  3.09655e+05 -6.41391e-04 -1.66280e+04 -1.66234e+04  0.00000e+00
2.751193507e+00 -6.5710391e-04  1.05265e+03  3.09655e+05 -6.57104e-04 -1.66280e+04 -1.66233e+04  0.00000e+00
2.752212467e+00 -5.5997917e-04  9.64662e+02  3.09655e+05 -5.59979e-04 -1.66280e+04 -1.66237e+04  0.00000e+00
2.753231805e+00 -6.1041425e-04  1.00649e+03  3.09655e+05 -6.10414e-04 -1.66280e+04 -1.66235e+04  0.00000e+00
2.754251521e+00 -6.0480543e-04  9.98649e+02  3.09655e+05 -6.04805e-04 -1.66280e+04 -1.66235e+04  0.00000e+00
2.755271614e+00 -6.7203729e-04  1.05268e+03  3.09655e+05 -6.72037e-04 -1.66280e+04 -1.66233e+04  0.00000e+00
2.756292085e+00 -6.2903123e-04  1.01354e+03  3.09655e+05 -6.29031e-04 -1.66280e+04 -1.66234e+04  0.00000e+00
2.757312934e+00 -5.4672976e-04  9.38703e+02  3.09655e+05 -5.46730e-04 -1.66280e+04 -1.66237e+04  0.00000e+00
2.758334161e+00 -6.7867500e-04  1.04881e+03  3.09655e+05 -6.78675e-04 -1.66280e+04 -1.66232e+04  0.00000e+00
2.759355766e+00 -5.8957680e-04  9.70930e+02  3.09655e+05 -5.89577e-04 -1.66280e+04 -1.66236e+04  0.00000e+00
2.760377750e+00 -6.0877536e-04  9.84538e+02  3.09655e+05 -6.08775e-04 -1.66280e+04 -1.66235e+04  0.00000e+00
2.761400112e+00 -6.3186125e-04  1.00108e+03  3.09655e+05 -6.31861e-04 -1.66280e+04 -1.66234e+04  0.00000e+00
2.762422852e+00 -5.6662521e-04  9.42554e+02  3.09655e+05 -5.66625e-04 -1.66280e+04 -1.66237e+04  0.00000e+00
2.763445972e+00 -6.1583272e-04  9.81835e+02  3.09655e+05 -6.15833e-04 -1.66280e+04 -1.66235e+04  0.00000e+00
2.764469471e+00 -6.8671385e-04  1.03683e+03  3.09655e+05 -6.86714e-04 -1.66280e+04 -1.66232e+04  0.00000e+00
2.765493348e+00 -6.7720919e-04  1.02620e+03  3.09655e+05 -6.77209e-04 -1.66280e+04 -1.66233e+04  0.00000e+00
2.766517605e+00 -7.0537959e-04  1.04545e+03  3.09655e+05 -7.05380e-04 -1.66280e+04 -1.66232e+04  0.00000e+00
2.767542241e+00 -6.7308967e-04  1.01690e+03  3.09655e+05 -6.73090e-04 -1.66280e+04 -1.66233e+04  0.00000e+00
2.768567257e+00 -7.1174637e-04  1.04426e+03  3.09655e+05 -7.11746e-04 -1.66280e+04 -1.66231e+04  0.00000e+00
2.769592652e+00 -6.5617738e-04  9.97480e+02  3.09655e+05 -6.56177e-04 -1.66280e+04 -1.66233e+04  0.00000e+00
2.770618427e+00 -7.2591738e-04  1.04901e+03  3.09655e+05 -7.25917e-04 -1.66280e+04 -1.66231e+04  0.00000e+00
2.771644582e+00 -6.7173810e-04  1.00397e+03  3.09655e+05 -6.71738e-04 -1.66280e+04 -1.66233e+04  0.00000e+00
2.772671117e+00 -6.9351837e-04  1.01802e+03  3.09655e+05 -6.93518e-04 -1.66280e+04 -1.66232e+04  0.00000e+00
2.773698032e+00 -7.1134071e-04  1.02873e+03  3.09655e+05 -7.11341e-04 -1.66280e+04 -1.66231e+04  0.00000e+00
2.774725328e+00 -5.8136386e-04  9.22443e+02  3.09655e+05 -5.81364e-04 -1.66280e+04 -1.66236e+04  0.00000e+00
2.775753004e+00 -6.8704631e-04  1.00414e+03  3.09655e+05 -6.87046e-04 -1.66280e+04 -1.66232e+04  0.00000e+00
2.776781061e+00 -7.0403364e-04  1.01418e+03  3.09655e+05 -7.04034e-04 -1.66280e+04 -1.66232e+04  0.00000e+00
2.777809498e+00 -6.7913481e-04  9.92214e+02  3.09655e+05 -6.79135e-04 -1.66280e+04 -1.66232e+04  0.00000e+00
2.778838316e+00 -7.2455695e-04  1.02367e+03  3.09655e+05 -7.24557e-04 -1.66280e+04 -1.66231e+04  0.00000e+00
2.779867516e+00 -7.3842939e-04  1.03095e+03  3.09655e+05 -7.38429e-04 -1.66280e+04 -1.66230e+04  0.00000e+00
2.780897096e+00 -6.7873701e-04  9.83265e+02  3.09655e+05 -6.78737e-04 -1.66280e+04 -1.66232e+04  0.00000e+00
2.781927058e+00 -7.1170193e-04  1.00520e+03  3.09655e+05 -7.11702e-04 -1.66280e+04 -1.66231e+04  0.00000e+00
2.782957401e+00 -7.3453278e-04  1.01910e+03  3.09655e+05 -7.34533e-04 -1.66280e+04 -1.66231e+04 -2.26405e-12
2.783988126e+00 -6.6760943e-04  9.66279e+02  3.09655e+05 -6.67610e-04 -1.66280e+04 -1.66233e+04  0.00000e+00
2.785019233e+00 -7.4596508e-04  1.02146e+03  3.09655e+05 -7.45965e-04 -1.66280e+04 -1.66230e+04  0.00000e+00
2.786050722e+00 -7.7288170e-04  1.03773e+03  3.09655e+05 -7.72882e-04 -1.66280e+04 -1.66229e+04 -2.26405e-12
2.787082592e+00 -8.3758816e-04  1.07967e+03  3.09655e+05 -8.37588e-04 -1.66280e+04 -1.66227e+04  0.00000e+00
2.788114845e+00 -7.8887207e-04  1.04291e+03  3.09655e+05 -7.88872e-04 -1.66280e+04 -1.66229e+04  0.00000e+00
2.789147480e+00 -7.8587562e-04  1.03779e+03  3.09655e+05 -7.85876e-04 -1.66280e+04 -1.66229e+04  0.00000e+00
2.790180498e+00 -7.2785625e-04  9.93743e+02  3.09655e+05 -7.27856e-04 -1.66280e+04 -1.66231e+04 -2.26405e-12
2.791213898e+00 -7.4385421e-04  1.00228e+03  3.09655e+05 -7.43854e-04 -1.66280e+04 -1.66230e+04  0.00000e+00
2.792247681e+00 -8.0162974e-04  1.03960e+03  3.09655e+05 -8.01630e-04 -1.66280e+04 -1.66228e+04  0.00000e+00
2.793281847e+00 -7.4482165e-04  9.97155e+02  3.09655e+05 -7.44822e-04 -1.66280e+04 -1.66230e+04  0.00000e+00
2.794316396e+00 -7.2447712e-04  9.79876e+02  3.09655e+05 -7.24477e-04 -1.66280e+04 -1.66231e+04  0.00000e+00
2.795351328e+00 -7.1789151e-04  9.72360e+02  3.09655e+05 -7.17891e-04 -1.66280e+04 -1.66231e+04  0.00000e+00
2.796386643e+00 -7.6714107e-04  1.00402e+03  3.09655e+05 -7.67141e-04 -1.66280e+04 -1.66229e+04  0.00000e+00
2.797422342e+00 -7.6913344e-04  1.00248e+03  3.09655e+05 -7.69133e-04 -1.66280e+04 -1.66229e+04  0.00000e+00
2.798458424e+00 -8.0263431e-04  1.02231e+03  3.09655e+05 -8.02634e-04 -1.66280e+04 -1.66228e+04  0.00000e+00
2.799494890e+00 -7.4473487e-04  9.79918e+02  3.09655e+05 -7.44735e-04 -1.66280e+04 -1.66230e+04  0.00000e+00
2.800531740e+00 -7.8485652e-04  1.00446e+03  3.09655e+05 -7.84856e-04 -1.66280e+04 -1.66229e+04  0.00000e+00
2.801568974e+00 -8.6460998e-04  1.05407e+03  3.09655e+05 -8.64610e-04 -1.66280e+04 -1.66226e+04  0.00000e+00
2.802606592e+00 -8.5074648e-04  1.04207e+03  3.09655e+05 -8.50747e-04 -1.66280e+04 -1.66227e+04  0.00000e+00
2.803644595e+00 -8.9487096e-04  1.06722e+03  3.09655e+05 -8.94871e-04 -1.66280e+04 -1.66225e+04  0.00000e+00
2.804682982e+00 -8.9931550e-04  1.06692e+03  3.09655e+05 -8.99315e-04 -1.66280e+04 -1.66225e+04  0.00000e+00
2.805721753e+00 -9.6326111e-04  1.10328e+03  3.09655e+05 -9.63261e-04 -1.66280e+04 -1.66223e+04  0.00000e+00
2.806760909e+00 -7.9430796e-04  9.93448e+02  3.09655e+05 -7.94308e-04 -1.66280e+04 -1.66229e+04  0.00000e+00
2.807800450e+00 -7.6851027e-04  9.73525e+02  3.09655e+05 -7.68510e-04 -1.66280e+04 -1.66229e+04 -2.26405e-12
2.808840376e+00 -8.6005176e-04  1.03003e+03  3.09655e+05 -8.60052e-04 -1.66280e+04 -1.66227e+04  0.00000e+00
2.809880688e+00 -8.3759869e-04  1.01282e+03  3.09655e+05 -8.37599e-04 -1.66280e+04 -1.66227e+04  0.00000e+00
2.810921384e+00 -8.6705355e-04  1.02849e+03  3.09655e+05 -8.67053e-04 -1.66280e+04 -1.66226e+04  0.00000e+00
2.811962466e+00 -7.6910924e-04  9.62787e+02  3.09655e+05 -7.69109e-04 -1.66280e+04 -1.66229e+04  0.00000e+00
2.813003934e+00 -8.3571617e-04  1.00292e+03  3.09655e+05 -8.35716e-04 -1.66280e+04 -1.66227e+04  0.00000e+00
2.814045787e+00 -9.7161271e-04  1.08292e+03  3.09655e+05 -9.71613e-04 -1.66280e+04 -1.66223e+04  0.00000e+00
2.815088026e+00 -8.8744553e-04  1.02926e+03  3.09655e+05 -8.87446e-04 -1.66280e+04 -1.66226e+04  0.00000e+00
2.816130651e+00 -8.1023359e-04  9.78225e+02  3.09655e+05 -8.10234e-04 -1.66280e+04 -1.66228e+04  0.00000e+00
2.817173663e+00 -9.3145624e-04  1.04985e+03  3.09655e+05 -9.31456e-04 -1.66280e+04 -1.66224e+04  0.00000e+00
2.818217060e+00 -9.2339393e-04  1.04203e+03  3.09655e+05 -9.23394e-04 -1.66280e+04 -1.66225e+04  0.00000e+00
2.819260845e+00 -9.6407340e-04  1.06300e+03  3.09655e+05 -9.64073e-04 -1.66280e+04 -1.66223e+04  0.00000e+00
2.820305015e+00 -9.9358795e-04  1.07700e+03  3.09655e+05 -9.93588e-04 -1.66280e+04 -1.66223e+04  0.00000e+00
2.821349573e+00 -1.0149566e-03  1.08608e+03  3.09655e+05 -1.01496e-03 -1.66280e+04 -1.66222e+04  0.00000e+00
2.822394517e+00 -9.2555759e-04  1.03138e+03  3.09655e+05 -9.25558e-04 -1.66280e+04 -1.66225e+04  0.00000e+00
2.823439848e+00 -9.0268177e-04  1.01493e+03  3.09655e+05 -9.02682e-04 -1.66280e+04 -1.66225e+04  0.00000e+00
2.824485567e+00 -8.9871174e-04  1.00968e+03  3.09655e+05 -8.98712e-04 -1.66280e+04 -1.66225e+04  0.00000e+00
2.825531673e+00 -9.3860513e-04  1.03013e+03  3.09655e+05 -9.38605e-04 -1.66280e+04 -1.66224e+04  0.00000e+00
2.826578166e+00 -8.9371208e-04  1.00096e+03  3.09655e+05 -8.93712e-04 -1.66280e+04 -1.66225e+04  0.00000e+00
2.827625047e+00 -1.0636077e-03  1.09429e+03  3.09655e+05 -1.06361e-03 -1.66280e+04 -1.66221e+04  0.00000e+00
2.828672315e+00 -8.9019592e-04  9.93190e+02  3.09655e+05 -8.90196e-04 -1.66280e+04 -1.66226e+04  0.00000e+00
2.829719971e+00 -8.4206387e-04  9.61819e+02  3.09655e+05 -8.42064e-04 -1.66280e+04 -1.66227e+04  0.00000e+00
2.830768016e+00 -9.4090047e-04  1.01679e+03  3.09655e+05 -9.40901e-04 -1.66280e+04 -1.66224e+04  0.00000e+00
2.831816449e+00 -9.1401372e-04  9.98509e+02  3.09655e+05 -9.14014e-04 -1.66280e+04 -1.66225e+04  0.00000e+00
2.832865269e+00 -8.8270980e-04  9.77565e+02  3.09655e+05 -8.82710e-04 -1.66280e+04 -1.66226e+04  0.00000e+00
2.833914479e+00 -9.9358850e-04  1.03752e+03  3.09655e+05 -9.93589e-04 -1.66280e+04 -1.66223e+04  0.00000e+00
2.834964077e+00 -1.0176104e-03  1.04771e+03  3.09655e+05 -1.01761e-03 -1.66280e+04 -1.66222e+04  0.00000e+00
2.836014063e+00 -1.1379607e-03  1.10846e+03  3.09655e+05 -1.13796e-03 -1.66280e+04 -1.66218e+04  0.00000e+00
2.837064439e+00 -1.0167620e-03  1.04127e+03  3.09655e+05 -1.01676e-03 -1.66280e+04 -1.66222e+04  0.00000e+00
2.838115204e+00 -1.1303796e-03  1.09821e+03  3.09655e+05 -1.13038e-03 -1.66280e+04 -1.66219e+04  0.00000e+00
2.839166357e+00 -9.9227556e-04  1.02210e+03  3.09655e+05 -9.92276e-04 -1.66280e+04 -1.66223e+04  0.00000e+00
2.840217900e+00 -9.2772835e-04  9.83702e+02  3.09655e+05 -9.27728e-04 -1.66280e+04 -1.66224e+04  0.00000e+00
2.841269833e+00 -1.0167294e-03  1.02944e+03  3.09655e+05 -1.01673e-03 -1.66280e+04 -1.66222e+04  0.00000e+00
2.842322155e+00 -9.5798369e-04  9.94796e+02  3.09655e+05 -9.57984e-04 -1.66280e+04 -1.66224e+04  0.00000e+00
2.843374867e+00 -1.0538496e-03  1.04317e+03  3.09655e+05 -1.05385e-03 -1.66280e+04 -1.66221e+04  0.00000e+00
2.844427969e+00 -1.0302739e-03  1.02784e+03  3.09655e+05 -1.03027e-03 -1.66280e+04 -1.66221e+04  0.00000e+00
2.845481461e+00 -1.0749979e-03  1.04819e+03  3.09655e+05 -1.07500e-03 -1.66280e+04 -1.66220e+04  0.00000e+00
2.846535343e+00 -1.0204810e-03  1.01687e+03  3.09655e+05 -1.02048e-03 -1.66280e+04 -1.66222e+04  0.00000e+00
2.847589615e+00 -9.9058893e-04  9.98224e+02  3.09655e+05 -9.90589e-04 -1.66280e+04 -1.66223e+04  0.00000e+00
2.848644278e+00 -1.0055370e-03  1.00329e+03  3.09655e+05 -1.00554e-03 -1.66280e+04 -1.66222e+04 -2.26405e-12
2.849699331e+00 -1.1023424e-03  1.05018e+03  3.09655e+05 -1.10234e-03 -1.66280e+04 -1.66219e+04  0.00000e+00
2.850754776e+00 -1.0934500e-03  1.04273e+03  3.09655e+05 -1.09345e-03 -1.66280e+04 -1.66220e+04  0.00000e+00
2.851810611e+00 -1.0278359e-03  1.00636e+03  3.09655e+05 -1.02784e-03 -1.66280e+04 -1.66222e+04  0.00000e+00
2.852866837e+00 -1.1525341e-03  1.06609e+03  3.09655e+05 -1.15253e-03 -1.66280e+04 -1.66218e+04  0.00000e+00
2.853923454e+00 -1.1341800e-03  1.05407e+03  3.09655e+05 -1.13418e-03 -1.66280e+04 -1.66219e+04  0.00000e+00
2.854980463e+00 -1.2847474e-03  1.12291e+03  3.09655e+05 -1.28475e-03 -1.66280e+04 -1.66215e+04  0.00000e+00
2.856037863e+00 -1.1871181e-03  1.07372e+03  3.09655e+05 -1.18712e-03 -1.66280e+04 -1.66217e+04  0.00000e+00
2.857095655e+00 -1.1744565e-03  1.06461e+03  3.09655e+05 -1.17446e-03 -1.66280e+04 -1.66218e+04  0.00000e+00
2.858153838e+00 -1.0642617e-03  1.00776e+03  3.09655e+05 -1.06426e-03 -1.66280e+04 -1.66221e+04  0.00000e+00
2.859212414e+00 -9.6625549e-04  9.55112e+02  3.09655e+05 -9.66255e-04 -1.66280e+04 -1.66223e+04 -2.26405e-12
2.860271381e+00 -1.0600043e-03  9.99972e+02  3.09655e+05 -1.06000e-03 -1.66280e+04 -1.66221e+04  0.00000e+00
2.861330741e+00 -1.0791703e-03  1.00662e+03  3.09655e+05 -1.07917e-03 -1.66280e+04 -1.66220e+04  0.00000e+00
2.862390493e+00 -1.1234767e-03  1.02531e+03  3.09655e+05 -1.12348e-03 -1.66280e+04 -1.66219e+04  0.00000e+00
2.863450638e+00 -1.0395038e-03  9.81413e+02  3.09655e+05 -1.03950e-03 -1.66280e+04 -1.66221e+04  0.00000e+00
2.864511175e+00 -1.2236186e-03  1.06661e+03  3.09655e+05 -1.22362e-03 -1.66280e+04 -1.66216e+04  0.00000e+00
2.865572105e+00 -1.1630559e-03  1.03543e+03  3.09655e+05 -1.16306e-03 -1.66280e+04 -1.66218e+04 -2.26405e-12
2.866633428e+00 -1.1733444e-03  1.03733e+03  3.09655e+05 -1.17334e-03 -1.66280e+04 -1.66218e+04  0.00000e+00
2.867695144e+00 -1.1475971e-03  1.02236e+03  3.09655e+05 -1.14760e-03 -1.66280e+04 -1.66218e+04  0.00000e+00
2.868757254e+00 -1.2358258e-03  1.06018e+03  3.09655e+05 -1.23583e-03 -1.66280e+04 -1.66216e+04  0.00000e+00
2.869819756e+00 -1.1851816e-03  1.03406e+03  3.09655e+05 -1.18518e-03 -1.66280e+04 -1.66217e+04  0.00000e+00
2.870882653e+00 -1.1591519e-03  1.01914e+03  3.09655e+05 -1.15915e-03 -1.66280e+04 -1.66218e+04  0.00000e+00
2.871945942e+00 -1.2672159e-03  1.06529e+03  3.09655e+05 -1.26722e-03 -1.66280e+04 -1.66215e+04  0.00000e+00
2.873009626e+00 -1.4675405e-03  1.14839e+03  3.09655e+05 -1.46754e-03 -1.66280e+04 -1.66210e+04  0.00000e+00
2.874073704e+00 -1.2150192e-03  1.03601e+03  3.09655e+05 -1.21502e-03 -1.66280e+04 -1.66216e+04  0.00000e+00
2.875138176e+00 -1.2253181e-03  1.03772e+03  3.09655e+05 -1.22532e-03 -1.66280e+04 -1.66216e+04  0.00000e+00
2.876203042e+00 -1.0672119e-03  9.62162e+02  3.09655e+05 -1.06721e-03 -1.66280e+04 -1.66220e+04  0.00000e+00
2.877268302e+00 -1.1483493e-03  9.97190e+02  3.09655e+05 -1.14835e-03 -1.66280e+04 -1.66218e+04  0.00000e+00
2.878333957e+00 -1.2512889e-03  1.04048e+03  3.09655e+05 -1.25129e-03 -1.66280e+04 -1.66215e+04  0.00000e+00
2.879400006e+00 -1.1524370e-03  9.93482e+02  3.09655e+05 -1.15244e-03 -1.66280e+04 -1.66218e+04  0.00000e+00
2.880466451e+00 -1.2139438e-03  1.01824e+03  3.09655e+05 -1.21394e-03 -1.66280e+04 -1.66216e+04  0.00000e+00
2.881533290e+00 -1.2516030e-03  1.03190e+03  3.09655e+05 -1.25160e-03 -1.66280e+04 -1.66215e+04  0.00000e+00
2.882600525e+00 -1.2532998e-03  1.02975e+03  3.09655e+05 -1.25330e-03 -1.66280e+04 -1.66215e+04  0.00000e+00
2.883668155e+00 -1.2316030e-03  1.01745e+03  3.09655e+05 -1.23160e-03 -1.66280e+04 -1.66216e+04  0.00000e+00
2.884736180e+00 -1.2281201e-03  1.01309e+03  3.09655e+05 -1.22812e-03 -1.66280e+04 -1.66216e+04  0.00000e+00
2.885804601e+00 -1.3551702e-03  1.06420e+03  3.09655e+05 -1.35517e-03 -1.66280e+04 -1.66213e+04  0.00000e+00
2.886873417e+00 -1.2766325e-03  1.02825e+03  3.09655e+05 -1.27663e-03 -1.66280e+04 -1.66215e+04  0.00000e+00
2.887942630e+00 -1.2700228e-03  1.02258e+03  3.09655e+05 -1.27002e-03 -1.66280e+04 -1.66215e+04  0.00000e+00
2.889012238e+00 -1.3875831e-03  1.06858e+03  3.09655e+05 -1.38758e-03 -1.66280e+04 -1.66212e+04  0.00000e+00
2.890082243e+00 -1.4440898e-03  1.08837e+03  3.09655e+05 -1.44409e-03 -1.66280e+04 -1.66211e+04  0.00000e+00
2.891152643e+00 -1.5098735e-03  1.11129e+03  3.09655e+05 -1.50987e-03 -1.66280e+04 -1.66209e+04  0.00000e+00
2.892223441e+00 -1.3188991e-03  1.03159e+03  3.09655e+05 -1.31890e-03 -1.66280e+04 -1.66214e+04  0.00000e+00
2.893294635e+00 -1.3215127e-03  1.02979e+03  3.09655e+05 -1.32151e-03 -1.66280e+04 -1.66214e+04  0.00000e+00
2.894366225e+00 -1.2166684e-03  9.83143e+02  3.09655e+05 -1.21667e-03 -1.66280e+04 -1.66216e+04  0.00000e+00
2.895438213e+00 -1.2175405e-03  9.80787e+02  3.09655e+05 -1.21754e-03 -1.66280e+04 -1.66216e+04 -2.26405e-12
2.896510597e+00 -1.3287223e-03  1.02416e+03  3.09655e+05 -1.32872e-03 -1.66280e+04 -1.66214e+04  0.00000e+00
2.897583379e+00 -1.2345105e-03  9.82491e+02  3.09655e+05 -1.23451e-03 -1.66280e+04 -1.66216e+04  0.00000e+00
2.898656558e+00 -1.3035315e-03  1.00825e+03  3.09655e+05 -1.30353e-03 -1.66280e+04 -1.66214e+04 -2.26405e-12
2.899730134e+00 -1.5854315e-03  1.11522e+03  3.09655e+05 -1.58543e-03 -1.66280e+04 -1.66207e+04  0.00000e+00
2.900804109e+00 -1.3651550e-03  1.02740e+03  3.09655e+05 -1.36516e-03 -1.66280e+04 -1.66213e+04  0.00000e+00
2.901878480e+00 -1.3518367e-03  1.01926e+03  3.09655e+05 -1.35184e-03 -1.66280e+04 -1.66213e+04  0.00000e+00
2.902953250e+00 -1.4107154e-03  1.03958e+03  3.09655e+05 -1.41072e-03 -1.66280e+04 -1.66212e+04  0.00000e+00
2.904028418e+00 -1.4429905e-03  1.04916e+03  3.09655e+05 -1.44299e-03 -1.66280e+04 -1.66211e+04  0.00000e+00
2.905103984e+00 -1.4281093e-03  1.04054e+03  3.09655e+05 -1.42811e-03 -1.66280e+04 -1.66211e+04  0.00000e+00
2.906179949e+00 -1.3101854e-03  9.91538e+02  3.09655e+05 -1.31019e-03 -1.66280e+04 -1.66214e+04  0.00000e+00
2.907256312e+00 -1.5036212e-03  1.06336e+03  3.09655e+05 -1.50362e-03 -1.66280e+04 -1.66209e+04  0.00000e+00
2.908333073e+00 -1.7289132e-03  1.14199e+03  3.09655e+05 -1.72891e-03 -1.66280e+04 -1.66204e+04  0.00000e+00
2.909410234e+00 -1.6492662e-03  1.11060e+03  3.09655e+05 -1.64927e-03 -1.66280e+04 -1.66206e+04  0.00000e+00
2.910487793e+00 -1.7946046e-03  1.15841e+03  3.09655e+05 -1.79460e-03 -1.66280e+04 -1.66203e+04  0.00000e+00
2.911565751e+00 -1.3685894e-03  1.00066e+03  3.09655e+05 -1.36859e-03 -1.66280e+04 -1.66213e+04 -2.26405e-12
2.912644109e+00 -1.3632979e-03  9.95869e+02  3.09655e+05 -1.36330e-03 -1.66280e+04 -1.66213e+04  0.00000e+00
2.913722866e+00 -1.3870814e-03  1.00222e+03  3.09655e+05 -1.38708e-03 -1.66280e+04 -1.66212e+04  0.00000e+00
2.914802023e+00 -1.4019982e-03  1.00511e+03  3.09655e+05 -1.40200e-03 -1.66280e+04 -1.66212e+04  0.00000e+00
2.915881579e+00 -1.4862050e-03  1.03367e+03  3.09655e+05 -1.48621e-03 -1.66280e+04 -1.66210e+04  0.00000e+00
2.916961535e+00 -1.5551472e-03  1.05582e+03  3.09655e+05 -1.55515e-03 -1.66280e+04 -1.66208e+04  0.00000e+00
2.918041891e+00 -1.5001168e-03  1.03304e+03  3.09655e+05 -1.50012e-03 -1.66280e+04 -1.66209e+04  0.00000e+00
2.919122648e+00 -1.4907616e-03  1.02680e+03  3.09655e+05 -1.49076e-03 -1.66280e+04 -1.66210e+04  0.00000e+00
2.920203804e+00 -1.5622675e-03  1.04964e+03  3.09655e+05 -1.56227e-03 -1.66280e+04 -1.66208e+04  0.00000e+00
2.921285361e+00 -1.6164385e-03  1.06579e+03  3.09655e+05 -1.61644e-03 -1.66280e+04 -1.66207e+04  0.00000e+00
2.922367319e+00 -1.6495637e-03  1.07433e+03  3.09655e+05 -1.64956e-03 -1.66280e+04 -1.66206e+04  0.00000e+00
2.923449677e+00 -1.6101689e-03  1.05775e+03  3.09655e+05 -1.61017e-03 -1.66280e+04 -1.66207e+04  0.00000e+00
2.924532436e+00 -1.6450350e-03  1.06686e+03  3.09655e+05 -1.64503e-03 -1.66280e+04 -1.66206e+04  0.00000e+00
2.925615596e+00 -1.5515076e-03  1.03150e+03  3.09655e+05 -1.55151e-03 -1.66280e+04 -1.66208e+04  0.00000e+00
2.926699157e+00 -1.6002154e-03  1.04561e+03  3.09655e+05 -1.60022e-03 -1.66280e+04 -1.66207e+04  0.00000e+00
2.927783120e+00 -1.8139131e-03  1.11435e+03  3.09655e+05 -1.81391e-03 -1.66280e+04 -1.66202e+04  0.00000e+00
2.928867484e+00 -1.7130094e-03  1.07803e+03  3.09655e+05 -1.71301e-03 -1.66280e+04 -1.66205e+04  0.00000e+00
2.929952250e+00 -1.8573187e-03  1.12222e+03  3.09655e+05 -1.85732e-03 -1.66280e+04 -1.66201e+04  0.00000e+00
2.931037417e+00 -1.5081139e-03  1.00233e+03  3.09655e+05 -1.50811e-03 -1.66280e+04 -1.66209e+04  0.00000e+00
2.932122987e+00 -1.5986700e-03  1.03081e+03  3.09655e+05 -1.59867e-03 -1.66280e+04 -1.66207e+04  0.00000e+00
2.933208958e+00 -1.4942291e-03  9.92011e+02  3.09655e+05 -1.49423e-03 -1.66280e+04 -1.66210e+04  0.00000e+00
2.934295332e+00 -1.6505154e-03  1.04260e+03  3.09655e+05 -1.65052e-03 -1.66280e+04 -1.66206e+04  0.00000e+00
2.935382108e+00 -1.5697371e-03  1.01257e+03  3.09655e+05 -1.56974e-03 -1.66280e+04 -1.66208e+04  0.00000e+00
2.936469287e+00 -1.6297204e-03  1.02998e+03  3.09655e+05 -1.62972e-03 -1.66280e+04 -1.66206e+04  0.00000e+00
2.937556868e+00 -1.6207927e-03  1.02419e+03  3.09655e+05 -1.62079e-03 -1.66280e+04 -1.66207e+04  0.00000e+00
2.938644852e+00 -1.6383395e-03  1.02722e+03  3.09655e+05 -1.63834e-03 -1.66280e+04 -1.66206e+04  0.00000e+00
2.939733239e+00 -1.5689003e-03  1.00128e+03  3.09655e+05 -1.56890e-03 -1.66280e+04 -1.66208e+04  0.00000e+00
2.940822029e+00 -1.8171095e-03  1.07913e+03  3.09655e+05 -1.81711e-03 -1.66280e+04 -1.66202e+04  0.00000e+00
2.941911222e+00 -1.9523084e-03  1.11795e+03  3.09655e+05 -1.95231e-03 -1.66280e+04 -1.66199e+04  0.00000e+00
2.943000819e+00 -1.6260021e-03  1.01201e+03  3.09655e+05 -1.62600e-03 -1.66280e+04 -1.66206e+04  0.00000e+00
2.944090819e+00 -1.8565756e-03  1.08255e+03  3.09655e+05 -1.85658e-03 -1.66280e+04 -1.66201e+04  0.00000e+00
2.945181223e+00 -1.8253805e-03  1.06994e+03  3.09655e+05 -1.82538e-03 -1.66280e+04 -1.66202e+04  0.00000e+00
2.946272031e+00 -1.6653089e-03  1.01650e+03  3.09655e+05 -1.66531e-03 -1.66280e+04 -1.66206e+04  0.00000e+00
2.947363243e+00 -2.1721358e-03  1.16714e+03  3.09655e+05 -2.17214e-03 -1.66280e+04 -1.66195e+04  0.00000e+00
2.948454859e+00 -1.9261030e-03  1.09184e+03  3.09655e+05 -1.92610e-03 -1.66280e+04 -1.66200e+04  0.00000e+00
2.949546879e+00 -1.8673216e-03  1.07111e+03  3.09655e+05 -1.86732e-03 -1.66280e+04 -1.66201e+04  0.00000e+00
2.950639304e+00 -1.6905459e-03  1.01350e+03  3.09655e+05 -1.69055e-03 -1.66280e+04 -1.66205e+04  0.00000e+00
2.951732134e+00 -1.7315549e-03  1.02361e+03  3.09655e+05 -1.73155e-03 -1.66280e+04 -1.66204e+04  0.00000e+00
2.952825368e+00 -1.7453391e-03  1.02511e+03  3.09655e+05 -1.74534e-03 -1.66280e+04 -1.66204e+04  0.00000e+00
2.953919007e+00 -1.9035408e-03  1.07032e+03  3.09655e+05 -1.90354e-03 -1.66280e+04 -1.66200e+04  0.00000e+00
2.955013051e+00 -1.8398694e-03  1.04836e+03  3.09655e+05 -1.83987e-03 -1.66280e+04 -1.66202e+04  0.00000e+00
2.956107500e+00 -2.0191507e-03  1.09830e+03  3.09655e+05 -2.01915e-03 -1.66280e+04 -1.66198e+04  0.00000e+00
2.957202355e+00 -1.7896539e-03  1.02755e+03  3.09655e+05 -1.78965e-03 -1.66280e+04 -1.66203e+04  0.00000e+00
2.958297615e+00 -1.7640934e-03  1.01701e+03  3.09655e+05 -1.76409e-03 -1.66280e+04 -1.66203e+04  0.00000e+00
2.959393281e+00 -1.8135418e-03  1.02917e+03  3.09655e+05 -1.81354e-03 -1.66280e+04 -1.66202e+04  0.00000e+00
2.960489352e+00 -1.8349308e-03  1.03275e+03  3.09655e+05 -1.83493e-03 -1.66280e+04 -1.66202e+04  0.00000e+00
2.961585830e+00 -1.9459426e-03  1.06244e+03  3.09655e+05 -1.94594e-03 -1.66280e+04 -1.66200e+04  0.00000e+00
2.962682713e+00 -1.9397134e-03  1.05777e+03  3.09655e+05 -1.93971e-03 -1.66280e+04 -1.66200e+04  0.00000e+00
2.963780003e+00 -2.1147230e-03  1.10432e+03  3.09655e+05 -2.11472e-03 -1.66280e+04 -1.66196e+04  0.00000e+00
2.964877700e+00 -1.8178956e-03  1.01661e+03  3.09655e+05 -1.81790e-03 -1.66280e+04 -1.66202e+04  0.00000e+00
2.965975802e+00 -1.8759597e-03  1.03083e+03  3.09655e+05 -1.87596e-03 -1.66280e+04 -1.66201e+04  0.00000e+00
2.967074312e+00 -2.1427847e-03  1.10304e+03  3.09655e+05 -2.14278e-03 -1.66280e+04 -1.66196e+04  0.00000e+00
2.968173228e+00 -1.9570520e-03  1.04845e+03  3.09655e+05 -1.95705e-03 -1.66280e+04 -1.66199e+04  0.00000e+00
2.969272552e+00 -2.1872836e-03  1.10910e+03  3.09655e+05 -2.18728e-03 -1.66280e+04 -1.66195e+04  0.00000e+00
2.970372282e+00 -1.9473510e-03  1.04006e+03  3.09655e+05 -1.94735e-03 -1.66280e+04 -1.66200e+04  0.00000e+00
2.971472420e+00 -1.9640694e-03  1.04195e+03  3.09655e+05 -1.96407e-03 -1.66280e+04 -1.66199e+04  0.00000e+00
2.972572966e+00 -2.1236338e-03  1.08300e+03  3.09655e+05 -2.12363e-03 -1.66280e+04 -1.66196e+04  0.00000e+00
2.973673919e+00 -1.9092574e-03  1.02097e+03  3.09655e+05 -1.90926e-03 -1.66280e+04 -1.66200e+04  0.00000e+00
2.974775279e+00 -2.0574033e-03  1.05923e+03  3.09655e+05 -2.05740e-03 -1.66280e+04 -1.66197e+04  0.00000e+00
2.975877048e+00 -1.9286133e-03  1.02090e+03  3.09655e+05 -1.92861e-03 -1.66280e+04 -1.66200e+04  0.00000e+00
2.976979225e+00 -2.0176240e-03  1.04271e+03  3.09655e+05 -2.01762e-03 -1.66280e+04 -1.66198e+04  0.00000e+00
2.978081810e+00 -1.9504914e-03  1.02149e+03  3.09655e+05 -1.95049e-03 -1.66280e+04 -1.66199e+04  0.00000e+00
2.979184803e+00 -2.0242654e-03  1.03891e+03  3.09655e+05 -2.02427e-03 -1.66280e+04 -1.66198e+04  0.00000e+00
2.980288205e+00 -2.0936723e-03  1.05475e+03  3.09655e+05 -2.09367e-03 -1.66280e+04 -1.66197e+04  0.00000e+00
2.981392015e+00 -2.1132261e-03  1.05710e+03  3.09655e+05 -2.11323e-03 -1.66280e+04 -1.66196e+04  0.00000e+00
2.982496234e+00 -2.1053520e-03  1.05218e+03  3.09655e+05 -2.10535e-03 -1.66280e+04 -1.66196e+04  0.00000e+00
2.983600862e+00 -2.1626135e-03  1.06436e+03  3.09655e+05 -2.16261e-03 -1.66280e+04 -1.66195e+04  0.00000e+00
2.984705900e+00 -2.0994634e-03  1.04499e+03  3.09655e+05 -2.09946e-03 -1.66280e+04 -1.66196e+04  0.00000e+00
2.985811346e+00 -2.0327292e-03  1.02455e+03  3.09655e+05 -2.03273e-03 -1.66280e+04 -1.66198e+04  0.00000e+00
2.986917203e+00 -2.1806373e-03  1.06045e+03  3.09655e+05 -2.18064e-03 -1.66280e+04 -1.66195e+04  0.00000e+00
2.988023468e+00 -2.3955973e-03  1.11166e+03  3.09655e+05 -2.39560e-03 -1.66280e+04 -1.66191e+04  0.00000e+00
2.989130144e+00 -2.5769195e-03  1.15254e+03  3.09655e+05 -2.57692e-03 -1.66280e+04 -1.66187e+04  0.00000e+00
2.990237229e+00 -2.2314010e-03  1.06483e+03  3.09655e+05 -2.23140e-03 -1.66280e+04 -1.66194e+04  0.00000e+00
2.991344724e+00 -2.2241896e-03  1.06016e+03  3.09655e+05 -2.22419e-03 -1.66280e+04 -1.66194e+04  0.00000e+00
2.992452629e+00 -2.1921176e-03  1.04923e+03  3.09655e+05 -2.19212e-03 -1.66280e+04 -1.66195e+04  0.00000e+00
2.993560945e+00 -2.1648507e-03  1.03952e+03  3.09655e+05 -2.16485e-03 -1.66280e+04 -1.66195e+04  0.00000e+00
2.994669672e+00 -2.0539924e-03  1.00837e+03  3.09655e+05 -2.05399e-03 -1.66280e+04 -1.66197e+04  0.00000e+00
2.995778808e+00 -2.1438001e-03  1.02865e+03  3.09655e+05 -2.14380e-03 -1.66280e+04 -1.66196e+04  0.00000e+00
2.996888356e+00 -2.2957188e-03  1.06372e+03  3.09655e+05 -2.29572e-03 -1.66280e+04 -1.66193e+04  0.00000e+00
2.997998315e+00 -2.1036561e-03  1.01302e+03  3.09655e+05 -2.10366e-03 -1.66280e+04 -1.66196e+04  0.00000e+00
2.999108685e+00 -2.3587547e-03  1.07332e+03  3.09655e+05 -2.35875e-03 -1.66280e+04 -1.66191e+04  0.00000e+00
3.000219466e+00 -2.0717692e-03  9.99553e+02  3.09655e+05 -2.07177e-03 -1.66280e+04 -1.66197e+04  0.00000e+00
3.001330658e+00 -2.3782692e-03  1.07226e+03  3.09655e+05 -2.37827e-03 -1.66280e+04 -1.66191e+04  0.00000e+00
3.002442262e+00 -2.3010796e-03  1.05089e+03  3.09655e+05 -2.30108e-03 -1.66280e+04 -1.66193e+04  0.00000e+00
3.003554278e+00 -2.3377954e-03  1.05690e+03  3.09655e+05 -2.33780e-03 -1.66280e+04 -1.66192e+04  0.00000e+00
3.004666705e+00 -2.3976509e-03  1.06828e+03  3.09655e+05 -2.39765e-03 -1.66280e+04 -1.66191e+04  0.00000e+00
3.005779545e+00 -2.3504552e-03  1.05429e+03  3.09655e+05 -2.35046e-03 -1.66280e+04 -1.66192e+04  0.00000e+00
3.006892796e+00 -2.4308893e-03  1.07037e+03  3.09655e+05 -2.43089e-03 -1.66280e+04 -1.66190e+04  0.00000e+00
3.008006460e+00 -2.8041917e-03  1.15168e+03  3.09655e+05 -2.80419e-03 -1.66280e+04 -1.66183e+04  0.00000e+00
3.009120537e+00 -2.5688458e-03  1.09629e+03  3.09655e+05 -2.56885e-03 -1.66280e+04 -1.66188e+04  0.00000e+00
3.010235026e+00 -2.6398840e-03  1.10931e+03  3.09655e+05 -2.63988e-03 -1.66280e+04 -1.66186e+04  0.00000e+00
3.011349928e+00 -2.4780072e-03  1.06984e+03  3.09655e+05 -2.47801e-03 -1.66280e+04 -1.66189e+04  0.00000e+00
3.012465242e+00 -2.4811987e-03  1.06773e+03  3.09655e+05 -2.48120e-03 -1.66280e+04 -1.66189e+04  0.00000e+00
3.013580970e+00 -2.3399378e-03  1.03239e+03  3.09655e+05 -2.33994e-03 -1.66280e+04 -1.66192e+04  0.00000e+00
3.014697111e+00 -2.2342588e-03  1.00485e+03  3.09655e+05 -2.23426e-03 -1.66280e+04 -1.66194e+04  0.00000e+00
3.015813666e+00 -2.3348002e-03  1.02574e+03  3.09655e+05 -2.33480e-03 -1.66280e+04 -1.66192e+04  0.00000e+00
3.016930634e+00 -2.2847788e-03  1.01140e+03  3.09655e+05 -2.28478e-03 -1.66280e+04 -1.66193e+04  0.00000e+00
3.018048016e+00 -2.3823415e-03  1.03123e+03  3.09655e+05 -2.38234e-03 -1.66280e+04 -1.66191e+04  0.00000e+00
3.019165811e+00 -2.3938591e-03  1.03113e+03  3.09655e+05 -2.39386e-03 -1.66280e+04 -1.66191e+04  0.00000e+00
3.020284021e+00 -2.3800621e-03  1.02527e+03  3.09655e+05 -2.38006e-03 -1.66280e+04 -1.66191e+04  0.00000e+00
3.021402644e+00 -2.4152154e-03  1.03051e+03  3.09655e+05 -2.41522e-03 -1.66280e+04 -1.66190e+04  0.00000e+00
3.022521683e+00 -2.9646132e-03  1.14578e+03  3.09655e+05 -2.96461e-03 -1.66280e+04 -1.66181e+04  0.00000e+00
3.023641135e+00 -2.6175067e-03  1.06961e+03  3.09655e+05 -2.61751e-03 -1.66280e+04 -1.66187e+04  0.00000e+00
3.024761002e+00 -2.5147769e-03  1.04442e+03  3.09655e+05 -2.51478e-03 -1.66280e+04 -1.66189e+04  0.00000e+00
3.025881284e+00 -2.6733775e-03  1.07593e+03  3.09655e+05 -2.67338e-03 -1.66280e+04 -1.66186e+04  0.00000e+00
3.027001981e+00 -2.7546755e-03  1.09026e+03  3.09655e+05 -2.75468e-03 -1.66280e+04 -1.66184e+04  0.00000e+00
3.028123093e+00 -2.5175892e-03  1.03679e+03  3.09655e+05 -2.51759e-03 -1.66280e+04 -1.66188e+04  0.00000e+00
3.029244620e+00 -2.8311846e-03  1.10037e+03  3.09655e+05 -2.83118e-03 -1.66280e+04 -1.66183e+04  0.00000e+00
3.030366562e+00 -2.7813439e-03  1.08717e+03  3.09655e+05 -2.78134e-03 -1.66280e+04 -1.66184e+04  0.00000e+00
3.031488920e+00 -2.7534890e-03  1.07853e+03  3.09655e+05 -2.75349e-03 -1.66280e+04 -1.66184e+04  0.00000e+00
3.032611694e+00 -2.5642126e-03  1.03591e+03  3.09655e+05 -2.56421e-03 -1.66280e+04 -1.66188e+04  0.00000e+00
3.033734883e+00 -2.5753349e-03  1.03555e+03  3.09655e+05 -2.57533e-03 -1.66280e+04 -1.66187e+04  0.00000e+00
3.034858489e+00 -2.5996374e-03  1.03796e+03  3.09655e+05 -2.59964e-03 -1.66280e+04 -1.66187e+04  0.00000e+00
3.035982510e+00 -2.7448146e-03  1.06542e+03  3.09655e+05 -2.74481e-03 -1.66280e+04 -1.66184e+04  0.00000e+00
3.037106948e+00 -2.6653095e-03  1.04622e+03  3.09655e+05 -2.66531e-03 -1.66280e+04 -1.66186e+04  0.00000e+00
3.038231803e+00 -2.5577506e-03  1.02102e+03  3.09655e+05 -2.55775e-03 -1.66280e+04 -1.66188e+04  0.00000e+00
3.039357074e+00 -2.7977495e-03  1.06778e+03  3.09655e+05 -2.79775e-03 -1.66280e+04 -1.66184e+04  0.00000e+00
3.040482762e+00 -2.5163382e-03  1.00697e+03  3.09655e+05 -2.51634e-03 -1.66280e+04 -1.66189e+04  0.00000e+00
3.041608866e+00 -2.6941826e-03  1.04119e+03  3.09655e+05 -2.69418e-03 -1.66280e+04 -1.66185e+04  0.00000e+00
3.042735388e+00 -2.7734121e-03  1.05450e+03  3.09655e+05 -2.77341e-03 -1.66280e+04 -1.66184e+04  0.00000e+00
3.043862327e+00 -2.9459430e-03  1.08589e+03  3.09655e+05 -2.94594e-03 -1.66280e+04 -1.66181e+04  0.00000e+00
3.044989684e+00 -2.8894988e-03  1.07199e+03  3.09655e+05 -2.88950e-03 -1.66280e+04 -1.66182e+04  0.00000e+00
3.046117458e+00 -3.0014362e-03  1.09093e+03  3.09655e+05 -3.00144e-03 -1.66280e+04 -1.66180e+04  0.00000e+00
3.047245649e+00 -2.7259535e-03  1.03402e+03  3.09655e+05 -2.72595e-03 -1.66280e+04 -1.66185e+04  0.00000e+00
3.048374259e+00 -2.9964883e-03  1.08427e+03  3.09655e+05 -2.99649e-03 -1.66280e+04 -1.66180e+04  0.00000e+00
3.049503286e+00 -3.0073108e-03  1.08349e+03  3.09655e+05 -3.00731e-03 -1.66280e+04 -1.66180e+04  0.00000e+00
3.050632732e+00 -3.0550428e-03  1.08971e+03  3.09655e+05 -3.05504e-03 -1.66280e+04 -1.66179e+04  0.00000e+00
3.051762596e+00 -3.0118656e-03  1.07869e+03  3.09655e+05 -3.01187e-03 -1.66280e+04 -1.66180e+04  0.00000e+00
3.052892878e+00 -3.1523728e-03  1.10220e+03  3.09655e+05 -3.15237e-03 -1.66280e+04 -1.66178e+04  0.00000e+00
3.054023579e+00 -2.8540796e-03  1.04293e+03  3.09655e+05 -2.85408e-03 -1.66280e+04 -1.66183e+04  0.00000e+00
3.055154699e+00 -2.7615653e-03  1.02226e+03  3.09655e+05 -2.76157e-03 -1.66280e+04 -1.66184e+04  0.00000e+00
3.056286238e+00 -2.6500880e-03  9.97687e+02  3.09655e+05 -2.65009e-03 -1.66280e+04 -1.66186e+04  0.00000e+00
3.057418196e+00 -2.9497484e-03  1.05298e+03  3.09655e+05 -2.94975e-03 -1.66280e+04 -1.66181e+04  0.00000e+00
3.058550573e+00 -2.9230022e-03  1.04519e+03  3.09655e+05 -2.92300e-03 -1.66280e+04 -1.66181e+04  0.00000e+00
3.059683369e+00 -2.9908766e-03  1.05520e+03  3.09655e+05 -2.99088e-03 -1.66280e+04 -1.66180e+04  0.00000e+00
3.060816586e+00 -2.9608140e-03  1.04685e+03  3.09655e+05 -2.96081e-03 -1.66280e+04 -1.66181e+04  0.00000e+00
3.061950221e+00 -3.0076183e-03  1.05282e+03  3.09655e+05 -3.00762e-03 -1.66280e+04 -1.66180e+04  0.00000e+00
3.063084277e+00 -2.7268580e-03  9.97145e+02  3.09655e+05 -2.72686e-03 -1.66280e+04 -1.66185e+04  0.00000e+00
3.064218753e+00 -3.1187076e-03  1.06764e+03  3.09655e+05 -3.11871e-03 -1.66280e+04 -1.66178e+04  0.00000e+00
3.065353648e+00 -3.3026572e-03  1.09771e+03  3.09655e+05 -3.30266e-03 -1.66280e+04 -1.66175e+04  0.00000e+00
3.066488965e+00 -3.1164201e-03  1.06168e+03  3.09655e+05 -3.11642e-03 -1.66280e+04 -1.66178e+04  0.00000e+00
3.067624701e+00 -2.9451154e-03  1.02775e+03  3.09655e+05 -2.94512e-03 -1.66280e+04 -1.66181e+04  0.00000e+00
3.068760859e+00 -3.0023838e-03  1.03556e+03  3.09655e+05 -3.00238e-03 -1.66280e+04 -1.66180e+04  0.00000e+00
3.069897437e+00 -3.3169744e-03  1.08881e+03  3.09655e+05 -3.31697e-03 -1.66280e+04 -1.66175e+04  0.00000e+00
3.071034436e+00 -3.4170969e-03  1.10325e+03  3.09655e+05 -3.41710e-03 -1.66280e+04 -1.66173e+04  0.00000e+00
3.072171856e+00 -3.3191328e-03  1.08353e+03  3.09655e+05 -3.31913e-03 -1.66280e+04 -1.66175e+04  0.00000e+00
3.073309697e+00 -3.4472892e-03  1.10266e+03  3.09655e+05 -3.44729e-03 -1.66280e+04 -1.66173e+04  0.00000e+00
3.074447960e+00 -3.2606076e-03  1.06780e+03  3.09655e+05 -3.26061e-03 -1.66280e+04 -1.66176e+04  0.00000e+00
3.075586645e+00 -3.2372790e-03  1.06099e+03  3.09655e+05 -3.23728e-03 -1.66280e+04 -1.66176e+04  0.00000e+00
3.076725751e+00 -3.0315109e-03  1.02215e+03  3.09655e+05 -3.03151e-03 -1.66280e+04 -1.66180e+04  0.00000e+00
3.077865279e+00 -3.1661714e-03  1.04318e+03  3.09655e+05 -3.16617e-03 -1.66280e+04 -1.66177e+04  0.00000e+00
3.079005229e+00 -2.8413458e-03  9.82757e+02  3.09655e+05 -2.84135e-03 -1.66280e+04 -1.66183e+04  0.00000e+00
3.080145601e+00 -3.2187163e-03  1.04687e+03  3.09655e+05 -3.21872e-03 -1.66280e+04 -1.66177e+04  0.00000e+00
3.081286396e+00 -3.1016768e-03  1.02394e+03  3.09655e+05 -3.10168e-03 -1.66280e+04 -1.66178e+04  0.00000e+00
3.082427613e+00 -3.3113525e-03  1.05722e+03  3.09655e+05 -3.31135e-03 -1.66280e+04 -1.66175e+04  0.00000e+00
3.083569253e+00 -3.3948491e-03  1.06848e+03  3.09655e+05 -3.39485e-03 -1.66280e+04 -1.66174e+04  0.00000e+00
3.084711316e+00 -3.3812693e-03  1.06346e+03  3.09655e+05 -3.38127e-03 -1.66280e+04 -1.66174e+04  0.00000e+00
3.085853801e+00 -3.2678436e-03  1.04175e+03  3.09655e+05 -3.26784e-03 -1.66280e+04 -1.66176e+04  0.00000e+00
3.086996710e+00 -3.2910516e-03  1.04296e+03  3.09655e+05 -3.29105e-03 -1.66280e+04 -1.66175e+04  0.00000e+00
3.088140042e+00 -3.3896170e-03  1.05663e+03  3.09655e+05 -3.38962e-03 -1.66280e+04 -1.66174e+04  0.00000e+00
3.089283798e+00 -3.6527211e-03  1.09649e+03  3.09655e+05 -3.65272e-03 -1.66280e+04 -1.66170e+04  0.00000e+00
3.090427977e+00 -3.5263435e-03  1.07343e+03  3.09655e+05 -3.52634e-03 -1.66280e+04 -1.66172e+04  0.00000e+00
3.091572580e+00 -3.6776549e-03  1.09478e+03  3.09655e+05 -3.67765e-03 -1.66280e+04 -1.66169e+04  0.00000e+00
3.092717607e+00 -3.4659495e-03  1.05819e+03  3.09655e+05 -3.46595e-03 -1.66280e+04 -1.66173e+04  0.00000e+00
3.093863058e+00 -3.3613619e-03  1.03851e+03  3.09655e+05 -3.36136e-03 -1.66280e+04 -1.66174e+04  0.00000e+00
3.095008933e+00 -3.5401940e-03  1.06463e+03  3.09655e+05 -3.54019e-03 -1.66280e+04 -1.66171e+04  0.00000e+00
3.096155233e+00 -3.7948721e-03  1.10172e+03  3.09655e+05 -3.79487e-03 -1.66280e+04 -1.66168e+04  0.00000e+00
3.097301957e+00 -3.6256124e-03  1.07262e+03  3.09655e+05 -3.62561e-03 -1.66280e+04 -1.66170e+04  0.00000e+00
3.098449106e+00 -3.7650462e-03  1.09148e+03  3.09655e+05 -3.76505e-03 -1.66280e+04 -1.66168e+04  0.00000e+00
3.099596679e+00 -3.3624228e-03  1.02544e+03  3.09655e+05 -3.36242e-03 -1.66280e+04 -1.66174e+04  0.00000e+00
3.100744678e+00 -3.4994184e-03  1.04462e+03  3.09655e+05 -3.49942e-03 -1.66280e+04 -1.66172e+04  0.00000e+00
3.101893102e+00 -3.1677743e-03  9.88631e+02  3.09655e+05 -3.16777e-03 -1.66280e+04 -1.66177e+04  0.00000e+00
3.103041951e+00 -3.6273063e-03  1.05919e+03  3.09655e+05 -3.62731e-03 -1.66280e+04 -1.66170e+04  0.00000e+00
3.104191226e+00 -3.4662069e-03  1.03141e+03  3.09655e+05 -3.46621e-03 -1.66280e+04 -1.66173e+04  0.00000e+00
3.105340927e+00 -3.5665619e-03  1.04441e+03  3.09655e+05 -3.56656e-03 -1.66280e+04 -1.66171e+04  0.00000e+00
3.106491053e+00 -3.8511393e-03  1.08494e+03  3.09655e+05 -3.85114e-03 -1.66280e+04 -1.66167e+04  0.00000e+00
3.107641605e+00 -3.6713786e-03  1.05511e+03  3.09655e+05 -3.67138e-03 -1.66280e+04 -1.66170e+04  0.00000e+00
3.108792584e+00 -3.7862726e-03  1.06972e+03  3.09655e+05 -3.78627e-03 -1.66280e+04 -1.66168e+04  0.00000e+00
3.109943988e+00 -3.6392922e-03  1.04487e+03  3.09655e+05 -3.63929e-03 -1.66280e+04 -1.66170e+04  0.00000e+00
3.111095819e+00 -3.7456777e-03  1.05820e+03  3.09655e+05 -3.74568e-03 -1.66280e+04 -1.66168e+04  0.00000e+00
3.112248077e+00 -3.8080588e-03  1.06477e+03  3.09655e+05 -3.80806e-03 -1.66280e+04 -1.66167e+04  0.00000e+00
3.113400761e+00 -3.9264937e-03  1.07942e+03  3.09655e+05 -3.92649e-03 -1.66280e+04 -1.66166e+04  0.00000e+00
3.114553873e+00 -3.9906084e-03  1.08594e+03  3.09655e+05 -3.99061e-03 -1.66280e+04 -1.66165e+04  0.00000e+00
3.115707411e+00 -3.6926229e-03  1.03958e+03  3.09655e+05 -3.69262e-03 -1.66280e+04 -1.66169e+04  0.00000e+00
3.116861377e+00 -3.7222846e-03  1.04133e+03  3.09655e+05 -3.72228e-03 -1.66280e+04 -1.66169e+04  0.00000e+00
3.118015770e+00 -3.8053374e-03  1.05087e+03  3.09655e+05 -3.80534e-03 -1.66280e+04 -1.66168e+04  0.00000e+00
3.119170591e+00 -4.1388060e-03  1.09589e+03  3.09655e+05 -4.13881e-03 -1.66280e+04 -1.66163e+04  0.00000e+00
3.120325839e+00 -3.7095792e-03  1.03154e+03  3.09655e+05 -3.70958e-03 -1.66280e+04 -1.66169e+04  0.00000e+00
3.121481515e+00 -4.1518007e-03  1.09212e+03  3.09655e+05 -4.15180e-03 -1.66280e+04 -1.66162e+04  0.00000e+00
3.122637620e+00 -3.6457667e-03  1.01696e+03  3.09655e+05 -3.64577e-03 -1.66280e+04 -1.66170e+04  0.00000e+00
3.123794152e+00 -3.7885446e-03  1.03516e+03  3.09655e+05 -3.78854e-03 -1.66280e+04 -1.66168e+04  0.00000e+00
3.124951113e+00 -3.9038406e-03  1.04903e+03  3.09655e+05 -3.90384e-03 -1.66280e+04 -1.66166e+04  0.00000e+00
3.126108502e+00 -3.7991468e-03  1.03144e+03  3.09655e+05 -3.79915e-03 -1.66280e+04 -1.66168e+04  0.00000e+00
3.127266320e+00 -3.9018807e-03  1.04343e+03  3.09655e+05 -3.90188e-03 -1.66280e+04 -1.66166e+04  0.00000e+00
3.128424567e+00 -3.9317691e-03  1.04500e+03  3.09655e+05 -3.93177e-03 -1.66280e+04 -1.66166e+04  0.00000e+00
3.129583243e+00 -4.2650062e-03  1.08823e+03  3.09655e+05 -4.26501e-03 -1.66280e+04 -1.66161e+04  0.00000e+00
3.130742348e+00 -4.1163603e-03  1.06525e+03  3.09655e+05 -4.11636e-03 -1.66280e+04 -1.66163e+04  0.00000e+00
3.131901882e+00 -4.1682870e-03  1.06963e+03  3.09655e+05 -4.16829e-03 -1.66280e+04 -1.66162e+04  0.00000e+00
3.133061846e+00 -4.4125355e-03  1.09962e+03  3.09655e+05 -4.41254e-03 -1.66280e+04 -1.66159e+04  0.00000e+00
3.134222239e+00 -4.1349300e-03  1.05970e+03  3.09655e+05 -4.13493e-03 -1.66280e+04 -1.66163e+04  0.00000e+00
3.135383062e+00 -4.2272794e-03  1.06945e+03  3.09655e+05 -4.22728e-03 -1.66280e+04 -1.66161e+04  0.00000e+00
3.136544315e+00 -3.8434393e-03  1.01441e+03  3.09655e+05 -3.84344e-03 -1.66280e+04 -1.66167e+04  0.00000e+00
3.137705998e+00 -4.1548140e-03  1.05435e+03  3.09655e+05 -4.15481e-03 -1.66280e+04 -1.66162e+04  0.00000e+00
3.138868111e+00 -4.0868588e-03  1.04256e+03  3.09655e+05 -4.08686e-03 -1.66280e+04 -1.66163e+04  0.00000e+00
3.140030655e+00 -3.9115905e-03  1.01614e+03  3.09655e+05 -3.91159e-03 -1.66280e+04 -1.66166e+04  0.00000e+00
3.141193629e+00 -4.1711456e-03  1.04856e+03  3.09655e+05 -4.17115e-03 -1.66280e+04 -1.66162e+04  0.00000e+00
3.142357034e+00 -4.2540050e-03  1.05686e+03  3.09655e+05 -4.25400e-03 -1.66280e+04 -1.66161e+04  0.00000e+00
3.143520870e+00 -4.4347171e-03  1.07767e+03  3.09655e+05 -4.43472e-03 -1.66280e+04 -1.66159e+04  0.00000e+00
3.144685137e+00 -4.3421661e-03  1.06301e+03  3.09655e+05 -4.34217e-03 -1.66280e+04 -1.66160e+04  0.00000e+00
3.145849835e+00 -4.0797487e-03  1.02597e+03  3.09655e+05 -4.07975e-03 -1.66280e+04 -1.66164e+04  0.00000e+00
3.147014965e+00 -4.2153684e-03  1.04122e+03  3.09655e+05 -4.21537e-03 -1.66280e+04 -1.66162e+04  0.00000e+00
3.148180526e+00 -4.2682384e-03  1.04546e+03  3.09655e+05 -4.26824e-03 -1.66280e+04 -1.66161e+04  0.00000e+00
3.149346519e+00 -4.5494909e-03  1.07866e+03  3.09655e+05 -4.54949e-03 -1.66280e+04 -1.66157e+04  0.00000e+00
3.150512944e+00 -4.1671906e-03  1.02714e+03  3.09655e+05 -4.16719e-03 -1.66280e+04 -1.66162e+04  0.00000e+00
3.151679800e+00 -4.3094037e-03  1.04290e+03  3.09655e+05 -4.30940e-03 -1.66280e+04 -1.66160e+04  0.00000e+00
3.152847089e+00 -4.3969097e-03  1.05141e+03  3.09655e+05 -4.39691e-03 -1.66280e+04 -1.66159e+04  0.00000e+00
3.154014810e+00 -4.4826332e-03  1.05955e+03  3.09655e+05 -4.48263e-03 -1.66280e+04 -1.66158e+04  0.00000e+00
3.155182964e+00 -4.6176866e-03  1.07364e+03  3.09655e+05 -4.61769e-03 -1.66280e+04 -1.66156e+04  0.00000e+00
3.156351550e+00 -4.7468338e-03  1.08672e+03  3.09655e+05 -4.74683e-03 -1.66280e+04 -1.66154e+04  0.00000e+00
3.157520569e+00 -4.6294968e-03  1.06972e+03  3.09655e+05 -4.62950e-03 -1.66280e+04 -1.66156e+04  0.00000e+00
3.158690021e+00 -4.6275905e-03  1.06681e+03  3.09655e+05 -4.62759e-03 -1.66280e+04 -1.66156e+04  0.00000e+00
3.159859906e+00 -4.2754316e-03  1.02054e+03  3.09655e+05 -4.27543e-03 -1.66280e+04 -1.66161e+04  0.00000e+00
3.161030225e+00 -4.4468680e-03  1.03936e+03  3.09655e+05 -4.44687e-03 -1.66280e+04 -1.66158e+04  0.00000e+00
3.162200977e+00 -4.5129220e-03  1.04488e+03  3.09655e+05 -4.51292e-03 -1.66280e+04 -1.66157e+04  0.00000e+00
3.163372162e+00 -4.2745296e-03  1.01283e+03  3.09655e+05 -4.27453e-03 -1.66280e+04 -1.66161e+04  0.00000e+00
3.164543782e+00 -4.3771302e-03  1.02304e+03  3.09655e+05 -4.37713e-03 -1.66280e+04 -1.66159e+04  0.00000e+00
3.165715835e+00 -4.7855744e-03  1.06979e+03  3.09655e+05 -4.78557e-03 -1.66280e+04 -1.66154e+04  0.00000e+00
3.166888322e+00 -4.6151122e-03  1.04683e+03  3.09655e+05 -4.61511e-03 -1.66280e+04 -1.66156e+04  0.00000e+00
3.168061244e+00 -4.8241770e-03  1.06900e+03  3.09655e+05 -4.82418e-03 -1.66280e+04 -1.66153e+04  0.00000e+00
3.169234600e+00 -4.8162595e-03  1.06541e+03  3.09655e+05 -4.81626e-03 -1.66280e+04 -1.66153e+04  0.00000e+00
3.170408391e+00 -4.5577903e-03  1.03221e+03  3.09655e+05 -4.55779e-03 -1.66280e+04 -1.66157e+04  0.00000e+00
3.171582616e+00 -4.7762636e-03  1.05545e+03  3.09655e+05 -4.77626e-03 -1.66280e+04 -1.66154e+04  0.00000e+00
3.172757276e+00 -4.9271927e-03  1.07032e+03  3.09655e+05 -4.92719e-03 -1.66280e+04 -1.66152e+04  0.00000e+00
3.173932371e+00 -4.6092298e-03  1.03064e+03  3.09655e+05 -4.60923e-03 -1.66280e+04 -1.66156e+04  0.00000e+00
3.175107902e+00 -4.9221176e-03  1.06442e+03  3.09655e+05 -4.92212e-03 -1.66280e+04 -1.66152e+04  0.00000e+00
3.176283868e+00 -4.6873757e-03  1.03469e+03  3.09655e+05 -4.68738e-03 -1.66280e+04 -1.66155e+04  0.00000e+00
3.177460269e+00 -5.0702035e-03  1.07591e+03  3.09655e+05 -5.07020e-03 -1.66280e+04 -1.66150e+04  0.00000e+00
3.178637106e+00 -5.0174505e-03  1.06731e+03  3.09655e+05 -5.01745e-03 -1.66280e+04 -1.66151e+04  0.00000e+00
3.179814379e+00 -5.1509164e-03  1.07958e+03  3.09655e+05 -5.15092e-03 -1.66280e+04 -1.66149e+04  0.00000e+00
3.180992088e+00 -4.9885964e-03  1.05878e+03  3.09655e+05 -4.98860e-03 -1.66280e+04 -1.66151e+04  0.00000e+00
3.182170234e+00 -4.6164466e-03  1.01376e+03  3.09655e+05 -4.61645e-03 -1.66280e+04 -1.66156e+04  0.00000e+00
3.183348815e+00 -4.7629807e-03  1.02808e+03  3.09655e+05 -4.76298e-03 -1.66280e+04 -1.66154e+04  0.00000e+00
3.184527833e+00 -4.6507896e-03  1.01272e+03  3.09655e+05 -4.65079e-03 -1.66280e+04 -1.66156e+04  0.00000e+00
3.185707288e+00 -5.1348365e-03  1.06451e+03  3.09655e+05 -5.13484e-03 -1.66280e+04 -1.66149e+04  0.00000e+00
3.186887180e+00 -5.1074147e-03  1.05887e+03  3.09655e+05 -5.10741e-03 -1.66280e+04 -1.66150e+04  0.00000e+00
3.188067508e+00 -4.6367056e-03  1.00365e+03  3.09655e+05 -4.63671e-03 -1.66280e+04 -1.66156e+04  0.00000e+00
3.189248274e+00 -5.2270669e-03  1.06664e+03  3.09655e+05 -5.22707e-03 -1.66280e+04 -1.66148e+04  0.00000e+00
3.190429477e+00 -5.2372136e-03  1.06510e+03  3.09655e+05 -5.23721e-03 -1.66280e+04 -1.66148e+04  0.00000e+00
3.191611118e+00 -4.8304523e-03  1.01801e+03  3.09655e+05 -4.83045e-03 -1.66280e+04 -1.66153e+04  0.00000e+00
3.192793196e+00 -5.0762547e-03  1.04249e+03  3.09655e+05 -5.07625e-03 -1.66280e+04 -1.66150e+04  0.00000e+00
3.193975712e+00 -5.4340613e-03  1.07811e+03  3.09655e+05 -5.43406e-03 -1.66280e+04 -1.66146e+04  0.00000e+00
3.195158666e+00 -5.3496316e-03  1.06656e+03  3.09655e+05 -5.34963e-03 -1.66280e+04 -1.66147e+04  0.00000e+00
3.196342058e+00 -5.0972681e-03  1.03707e+03  3.09655e+05 -5.09727e-03 -1.66280e+04 -1.66150e+04  0.00000e+00
3.197525888e+00 -5.3278149e-03  1.05902e+03  3.09655e+05 -5.32781e-03 -1.66280e+04 -1.66147e+04  0.00000e+00
3.198710157e+00 -5.2189749e-03  1.04494e+03  3.09655e+05 -5.21898e-03 -1.66280e+04 -1.66148e+04  0.00000e+00
3.199894864e+00 -5.5773284e-03  1.07969e+03  3.09655e+05 -5.57733e-03 -1.66280e+04 -1.66144e+04  0.00000e+00
3.201080011e+00 -5.6091353e-03  1.08028e+03  3.09655e+05 -5.60914e-03 -1.66280e+04 -1.66143e+04  0.00000e+00
3.202265596e+00 -5.6834876e-03  1.08518e+03  3.09655e+05 -5.68349e-03 -1.66280e+04 -1.66143e+04  0.00000e+00
3.203451620e+00 -5.4218236e-03  1.05580e+03  3.09655e+05 -5.42182e-03 -1.66280e+04 -1.66146e+04  0.00000e+00
3.204638084e+00 -5.6721688e-03  1.07871e+03  3.09655e+05 -5.67217e-03 -1.66280e+04 -1.66143e+04 -2.26405e-12
3.205824987e+00 -5.0994720e-03  1.01713e+03  3.09655e+05 -5.09947e-03 -1.66280e+04 -1.66150e+04  0.00000e+00
3.207012329e+00 -5.1356476e-03  1.01844e+03  3.09655e+05 -5.13565e-03 -1.66280e+04 -1.66149e+04  0.00000e+00
3.208200112e+00 -5.1743524e-03  1.01998e+03  3.09655e+05 -5.17435e-03 -1.66280e+04 -1.66149e+04  0.00000e+00
3.209388334e+00 -5.2528561e-03  1.02561e+03  3.09655e+05 -5.25286e-03 -1.66280e+04 -1.66148e+04  0.00000e+00
3.210576996e+00 -5.3754851e-03  1.03566e+03  3.09655e+05 -5.37549e-03 -1.66280e+04 -1.66146e+04  0.00000e+00
3.211766099e+00 -5.4872035e-03  1.04443e+03  3.09655e+05 -5.48720e-03 -1.66280e+04 -1.66145e+04  0.00000e+00
3.212955642e+00 -5.3589584e-03  1.02893e+03  3.09655e+05 -5.35896e-03 -1.66280e+04 -1.66147e+04  0.00000e+00
3.214145625e+00 -5.5069321e-03  1.04131e+03  3.09655e+05 -5.50693e-03 -1.66280e+04 -1.66145e+04  0.00000e+00
3.215336050e+00 -5.7605997e-03  1.06382e+03  3.09655e+05 -5.76060e-03 -1.66280e+04 -1.66142e+04  0.00000e+00
3.216526915e+00 -5.2774121e-03  1.01318e+03  3.09655e+05 -5.27741e-03 -1.66280e+04 -1.66148e+04  0.00000e+00
3.217718221e+00 -5.6757614e-03  1.05035e+03  3.09655e+05 -5.67576e-03 -1.66280e+04 -1.66143e+04  0.00000e+00
3.218909969e+00 -5.9262789e-03  1.07203e+03  3.09655e+05 -5.92628e-03 -1.66280e+04 -1.66140e+04  0.00000e+00
3.220102158e+00 -5.6643688e-03  1.04412e+03  3.09655e+05 -5.66437e-03 -1.66280e+04 -1.66143e+04  0.00000e+00
3.221294788e+00 -5.7850300e-03  1.05326e+03  3.09655e+05 -5.78503e-03 -1.66280e+04 -1.66141e+04  0.00000e+00
3.222487860e+00 -5.6249962e-03  1.03521e+03  3.09655e+05 -5.62500e-03 -1.66280e+04 -1.66143e+04  0.00000e+00
3.223681374e+00 -5.8067079e-03  1.05021e+03  3.09655e+05 -5.80671e-03 -1.66280e+04 -1.66141e+04  0.00000e+00
3.224875330e+00 -6.0752319e-03  1.07304e+03  3.09655e+05 -6.07523e-03 -1.66280e+04 -1.66138e+04  0.00000e+00
3.226069729e+00 -5.6584729e-03  1.03090e+03  3.09655e+05 -5.65847e-03 -1.66280e+04 -1.66143e+04 -2.26405e-12
3.227264569e+00 -5.9367134e-03  1.05485e+03  3.09655e+05 -5.93671e-03 -1.66280e+04 -1.66139e+04  0.00000e+00
3.228459852e+00 -5.9689616e-03  1.05531e+03  3.09655e+05 -5.96896e-03 -1.66280e+04 -1.66139e+04  0.00000e+00
3.229655578e+00 -6.0827865e-03  1.06333e+03  3.09655e+05 -6.08279e-03 -1.66280e+04 -1.66138e+04  0.00000e+00
3.230851747e+00 -5.5653085e-03  1.01202e+03  3.09655e+05 -5.56531e-03 -1.66280e+04 -1.66144e+04  0.00000e+00
3.232048359e+00 -5.7105138e-03  1.02339e+03  3.09655e+05 -5.71051e-03 -1.66280e+04 -1.66142e+04  0.00000e+00
3.233245414e+00 -6.2200260e-03  1.06815e+03  3.09655e+05 -6.22003e-03 -1.66280e+04 -1.66136e+04  0.00000e+00
3.234442912e+00 -5.7578100e-03  1.02289e+03  3.09655e+05 -5.75781e-03 -1.66280e+04 -1.66142e+04  0.00000e+00
3.235640854e+00 -5.9089843e-03  1.03449e+03  3.09655e+05 -5.90898e-03 -1.66280e+04 -1.66140e+04  0.00000e+00
3.236839239e+00 -5.8623375e-03  1.02767e+03  3.09655e+05 -5.86234e-03 -1.66280e+04 -1.66140e+04  0.00000e+00
3.238038069e+00 -6.1134799e-03  1.04818e+03  3.09655e+05 -6.11348e-03 -1.66280e+04 -1.66137e+04  0.00000e+00
3.239237342e+00 -6.0849468e-03  1.04306e+03  3.09655e+05 -6.08495e-03 -1.66280e+04 -1.66138e+04  0.00000e+00
3.240437060e+00 -6.2387506e-03  1.05437e+03  3.09655e+05 -6.23875e-03 -1.66280e+04 -1.66136e+04  0.00000e+00
3.241637221e+00 -6.1392013e-03  1.04290e+03  3.09655e+05 -6.13920e-03 -1.66280e+04 -1.66137e+04  0.00000e+00
3.242837828e+00 -6.4508003e-03  1.06803e+03  3.09655e+05 -6.45080e-03 -1.66280e+04 -1.66134e+04  0.00000e+00
3.244038879e+00 -5.9532848e-03  1.02113e+03  3.09655e+05 -5.95328e-03 -1.66280e+04 -1.66139e+04  0.00000e+00
3.245240375e+00 -6.5038478e-03  1.06749e+03  3.09655e+05 -6.50385e-03 -1.66280e+04 -1.66133e+04  0.00000e+00
3.246442316e+00 -6.2976142e-03  1.04688e+03  3.09655e+05 -6.29761e-03 -1.66280e+04 -1.66135e+04 -2.26405e-12
3.247644702e+00 -6.2283764e-03  1.03826e+03  3.09655e+05 -6.22838e-03 -1.66280e+04 -1.66136e+04  0.00000e+00
3.248847533e+00 -6.4335202e-03  1.05368e+03  3.09655e+05 -6.43352e-03 -1.66280e+04 -1.66134e+04 -2.26405e-12
3.250050810e+00 -6.2674508e-03  1.03669e+03  3.09655e+05 -6.26745e-03 -1.66280e+04 -1.66136e+04  0.00000e+00
3.251254532e+00 -6.5825611e-03  1.06140e+03  3.09655e+05 -6.58256e-03 -1.66280e+04 -1.66132e+04  0.00000e+00
3.252458701e+00 -6.2314773e-03  1.02856e+03  3.09655e+05 -6.23148e-03 -1.66280e+04 -1.66136e+04  0.00000e+00
3.253663315e+00 -6.3035621e-03  1.03235e+03  3.09655e+05 -6.30356e-03 -1.66280e+04 -1.66135e+04  0.00000e+00
3.254868376e+00 -6.3742418e-03  1.03596e+03  3.09655e+05 -6.37424e-03 -1.66280e+04 -1.66134e+04  0.00000e+00
3.256073882e+00 -6.1344439e-03  1.01273e+03  3.09655e+05 -6.13444e-03 -1.66280e+04 -1.66137e+04  0.00000e+00
3.257279836e+00 -6.1736310e-03  1.01371e+03  3.09655e+05 -6.17363e-03 -1.66280e+04 -1.66137e+04  0.00000e+00
3.258486236e+00 -6.4877837e-03  1.03816e+03  3.09655e+05 -6.48778e-03 -1.66280e+04 -1.66133e+04  0.00000e+00
3.259693082e+00 -6.5418800e-03  1.04023e+03  3.09655e+05 -6.54188e-03 -1.66280e+04 -1.66133e+04  0.00000e+00
3.260900376e+00 -6.2685805e-03  1.01458e+03  3.09655e+05 -6.26858e-03 -1.66280e+04 -1.66136e+04  0.00000e+00
3.262108117e+00 -6.4483115e-03  1.02738e+03  3.09655e+05 -6.44831e-03 -1.66280e+04 -1.66134e+04  0.00000e+00
3.263316305e+00 -6.6564283e-03  1.04229e+03  3.09655e+05 -6.65643e-03 -1.66280e+04 -1.66131e+04  0.00000e+00
3.264524941e+00 -6.6352569e-03  1.03804e+03  3.09655e+05 -6.63526e-03 -1.66280e+04 -1.66131e+04  0.00000e+00
3.265734024e+00 -6.9547310e-03  1.06166e+03  3.09655e+05 -6.95473e-03 -1.66280e+04 -1.66128e+04  0.00000e+00
3.266943555e+00 -6.5417842e-03  1.02535e+03  3.09655e+05 -6.54178e-03 -1.66280e+04 -1.66133e+04  0.00000e+00
3.268153534e+00 -6.5556535e-03  1.02404e+03  3.09655e+05 -6.55565e-03 -1.66280e+04 -1.66132e+04  0.00000e+00
3.269363962e+00 -7.0672512e-03  1.06305e+03  3.09655e+05 -7.06725e-03 -1.66280e+04 -1.66127e+04  0.00000e+00
3.270574837e+00 -6.7162197e-03  1.03227e+03  3.09655e+05 -6.71622e-03 -1.66280e+04 -1.66131e+04  0.00000e+00
3.271786161e+00 -6.8660770e-03  1.04190e+03  3.09655e+05 -6.86608e-03 -1.66280e+04 -1.66129e+04  0.00000e+00
3.272997934e+00 -6.5950804e-03  1.01751e+03  3.09655e+05 -6.59508e-03 -1.66280e+04 -1.66132e+04  0.00000e+00
3.274210155e+00 -7.0483234e-03  1.05141e+03  3.09655e+05 -7.04832e-03 -1.66280e+04 -1.66127e+04  0.00000e+00
3.275422826e+00 -6.8739033e-03  1.03508e+03  3.09655e+05 -6.87390e-03 -1.66280e+04 -1.66129e+04 -2.26405e-12
3.276635945e+00 -6.9064832e-03  1.03519e+03  3.09655e+05 -6.90648e-03 -1.66280e+04 -1.66128e+04  0.00000e+00
3.277849514e+00 -7.1236114e-03  1.04979e+03  3.09655e+05 -7.12361e-03 -1.66280e+04 -1.66126e+04  0.00000e+00
3.279063532e+00 -7.1430882e-03  1.04880e+03  3.09655e+05 -7.14309e-03 -1.66280e+04 -1.66126e+04  0.00000e+00
3.280278000e+00 -7.0507145e-03  1.03911e+03  3.09655e+05 -7.05071e-03 -1.66280e+04 -1.66127e+04  0.00000e+00
3.281492918e+00 -7.6051629e-03  1.07908e+03  3.09655e+05 -7.60516e-03 -1.66280e+04 -1.66121e+04  0.00000e+00
3.282708286e+00 -6.7315730e-03  1.00915e+03  3.09655e+05 -6.73157e-03 -1.66280e+04 -1.66130e+04  0.00000e+00
3.283924104e+00 -6.9977538e-03  1.02760e+03  3.09655e+05 -6.99775e-03 -1.66280e+04 -1.66127e+04  0.00000e+00
3.285140372e+00 -7.0102961e-03  1.02613e+03  3.09655e+05 -7.01030e-03 -1.66280e+04 -1.66127e+04  0.00000e+00
3.286357091e+00 -7.0038384e-03  1.02319e+03  3.09655e+05 -7.00384e-03 -1.66280e+04 -1.66127e+04  0.00000e+00
3.287574260e+00 -7.4922499e-03  1.05785e+03  3.09655e+05 -7.49225e-03 -1.66280e+04 -1.66122e+04 -2.26405e-12
3.288791880e+00 -7.4409924e-03  1.05150e+03  3.09655e+05 -7.44099e-03 -1.66280e+04 -1.66123e+04  0.00000e+00
3.290009951e+00 -7.0643442e-03  1.02055e+03  3.09655e+05 -7.06434e-03 -1.66280e+04 -1.66127e+04  0.00000e+00
3.291228473e+00 -7.3452885e-03  1.03936e+03  3.09655e+05 -7.34529e-03 -1.66280e+04 -1.66124e+04  0.00000e+00
3.292447447e+00 -7.0714886e-03  1.01626e+03  3.09655e+05 -7.07149e-03 -1.66280e+04 -1.66127e+04  0.00000e+00
3.293666872e+00 -7.7169654e-03  1.06184e+03  3.09655e+05 -7.71697e-03 -1.66280e+04 -1.66120e+04  0.00000e+00
3.294886748e+00 -7.4622607e-03  1.04065e+03  3.09655e+05 -7.46226e-03 -1.66280e+04 -1.66122e+04  0.00000e+00
3.296107077e+00 -7.5903521e-03  1.04758e+03  3.09655e+05 -7.59035e-03 -1.66280e+04 -1.66121e+04  0.00000e+00
3.297327857e+00 -7.3274537e-03  1.02578e+03  3.09655e+05 -7.32745e-03 -1.66280e+04 -1.66124e+04  0.00000e+00
3.298549090e+00 -7.5768151e-03  1.04164e+03  3.09655e+05 -7.57682e-03 -1.66280e+04 -1.66121e+04  0.00000e+00
3.299770775e+00 -7.3711300e-03  1.02415e+03  3.09655e+05 -7.37113e-03 -1.66280e+04 -1.66123e+04  0.00000e+00
3.300992912e+00 -7.5884030e-03  1.03755e+03  3.09655e+05 -7.58840e-03 -1.66280e+04 -1.66121e+04  0.00000e+00
3.302215502e+00 -7.3748814e-03  1.01959e+03  3.09655e+05 -7.37488e-03 -1.66280e+04 -1.66123e+04  0.00000e+00
3.303438545e+00 -7.5394410e-03  1.02912e+03  3.09655e+05 -7.53944e-03 -1.66280e+04 -1.66122e+04  0.00000e+00
3.304662040e+00 -7.5702713e-03  1.02891e+03  3.09655e+05 -7.57027e-03 -1.66280e+04 -1.66121e+04  0.00000e+00
3.305885989e+00 -7.5738501e-03  1.02674e+03  3.09655e+05 -7.57385e-03 -1.66280e+04 -1.66121e+04  0.00000e+00
3.307110392e+00 -7.5785569e-03  1.02466e+03  3.09655e+05 -7.57856e-03 -1.66280e+04 -1.66121e+04  0.00000e+00
3.308335247e+00 -7.8929685e-03  1.04448e+03  3.09655e+05 -7.89297e-03 -1.66280e+04 -1.66118e+04  0.00000e+00
3.309560557e+00 -7.8197237e-03  1.03688e+03  3.09655e+05 -7.81972e-03 -1.66280e+04 -1.66119e+04  0.00000e+00
3.310786320e+00 -7.6445607e-03  1.02211e+03  3.09655e+05 -7.64456e-03 -1.66280e+04 -1.66121e+04  0.00000e+00
3.312012537e+00 -8.3809266e-03  1.07062e+03  3.09655e+05 -8.38093e-03 -1.66280e+04 -1.66113e+04  0.00000e+00
3.313239208e+00 -7.4986514e-03  1.00700e+03  3.09655e+05 -7.49865e-03 -1.66280e+04 -1.66122e+04  0.00000e+00
3.314466334e+00 -7.9196722e-03  1.03408e+03  3.09655e+05 -7.91967e-03 -1.66280e+04 -1.66118e+04  0.00000e+00
3.315693914e+00 -8.3961702e-03  1.06409e+03  3.09655e+05 -8.39617e-03 -1.66280e+04 -1.66113e+04  0.00000e+00
3.316921949e+00 -7.7456302e-03  1.01719e+03  3.09655e+05 -7.74563e-03 -1.66280e+04 -1.66120e+04 -2.26405e-12
3.318150438e+00 -8.0568931e-03  1.03618e+03  3.09655e+05 -8.05689e-03 -1.66280e+04 -1.66116e+04 -2.26405e-12
3.319379383e+00 -7.8001655e-03  1.01619e+03  3.09655e+05 -7.80017e-03 -1.66280e+04 -1.66119e+04  0.00000e+00
3.320608783e+00 -8.5411078e-03  1.06372e+03  3.09655e+05 -8.54111e-03 -1.66280e+04 -1.66111e+04  0.00000e+00
3.321838638e+00 -8.3506452e-03  1.04860e+03  3.09655e+05 -8.35065e-03 -1.66280e+04 -1.66113e+04  0.00000e+00
3.323068949e+00 -7.9759716e-03  1.02102e+03  3.09655e+05 -7.97597e-03 -1.66280e+04 -1.66117e+04  0.00000e+00
3.324299715e+00 -7.8722297e-03  1.01160e+03  3.09655e+05 -7.87223e-03 -1.66280e+04 -1.66118e+04 -2.26405e-12
3.325530937e+00 -8.1750025e-03  1.02958e+03  3.09655e+05 -8.17500e-03 -1.66280e+04 -1.66115e+04  0.00000e+00
3.326762615e+00 -8.3676065e-03  1.03992e+03  3.09655e+05 -8.36761e-03 -1.66280e+04 -1.66113e+04  0.00000e+00
3.327994749e+00 -8.0801371e-03  1.01846e+03  3.09655e+05 -8.08014e-03 -1.66280e+04 -1.66116e+04  0.00000e+00
3.329227340e+00 -8.1338709e-03  1.01965e+03  3.09655e+05 -8.13387e-03 -1.66280e+04 -1.66116e+04  0.00000e+00
3.330460387e+00 -8.0114720e-03  1.00914e+03  3.09655e+05 -8.01147e-03 -1.66280e+04 -1.66117e+04  0.00000e+00
3.331693891e+00 -8.4010612e-03  1.03239e+03  3.09655e+05 -8.40106e-03 -1.66280e+04 -1.66113e+04  0.00000e+00
3.332927852e+00 -8.0626451e-03  1.00782e+03  3.09655e+05 -8.06265e-03 -1.66280e+04 -1.66116e+04  0.00000e+00
3.334162269e+00 -8.3293561e-03  1.02292e+03  3.09655e+05 -8.32936e-03 -1.66280e+04 -1.66114e+04  0.00000e+00
3.335397144e+00 -8.3049565e-03  1.01896e+03  3.09655e+05 -8.30496e-03 -1.66280e+04 -1.66114e+04  0.00000e+00
3.336632477e+00 -8.5798814e-03  1.03425e+03  3.09655e+05 -8.57988e-03 -1.66280e+04 -1.66111e+04 -2.26405e-12
3.337868266e+00 -8.7633117e-03  1.04347e+03  3.09655e+05 -8.76331e-03 -1.66280e+04 -1.66109e+04  0.00000e+00
3.339104514e+00 -9.1739762e-03  1.06663e+03  3.09655e+05 -9.17398e-03 -1.66280e+04 -1.66105e+04 -2.26405e-12
3.340341219e+00 -8.9474295e-03  1.05011e+03  3.09655e+05 -8.94743e-03 -1.66280e+04 -1.66108e+04  0.00000e+00
3.341578383e+00 -8.7173395e-03  1.03330e+03  3.09655e+05 -8.71734e-03 -1.66280e+04 -1.66110e+04  0.00000e+00
3.342816004e+00 -8.6315921e-03  1.02552e+03  3.09655e+05 -8.63159e-03 -1.66280e+04 -1.66111e+04  0.00000e+00
3.344054084e+00 -9.0064440e-03  1.04643e+03  3.09655e+05 -9.00644e-03 -1.66280e+04 -1.66107e+04 -2.26405e-12
3.345292623e+00 -8.8193137e-03  1.03244e+03  3.09655e+05 -8.81931e-03 -1.66280e+04 -1.66109e+04  0.00000e+00
3.346531620e+00 -8.8102682e-03  1.02948e+03  3.09655e+05 -8.81027e-03 -1.66280e+04 -1.66109e+04  0.00000e+00
3.347771076e+00 -8.9908816e-03  1.03819e+03  3.09655e+05 -8.99088e-03 -1.66280e+04 -1.66107e+04  0.00000e+00
3.349010992e+00 -9.0387988e-03  1.03870e+03  3.09655e+05 -9.03880e-03 -1.66280e+04 -1.66107e+04  0.00000e+00
3.350251366e+00 -8.7135120e-03  1.01637e+03  3.09655e+05 -8.71351e-03 -1.66280e+04 -1.66110e+04  0.00000e+00
3.351492200e+00 -8.8816187e-03  1.02432e+03  3.09655e+05 -8.88162e-03 -1.66280e+04 -1.66108e+04  0.00000e+00
3.352733493e+00 -8.7413156e-03  1.01337e+03  3.09655e+05 -8.74132e-03 -1.66280e+04 -1.66110e+04  0.00000e+00
3.353975246e+00 -9.0310927e-03  1.02862e+03  3.09655e+05 -9.03109e-03 -1.66280e+04 -1.66107e+04  0.00000e+00
3.355217459e+00 -9.3677406e-03  1.04633e+03  3.09655e+05 -9.36774e-03 -1.66280e+04 -1.66103e+04  0.00000e+00
3.356460133e+00 -9.2718104e-03  1.03822e+03  3.09655e+05 -9.27181e-03 -1.66280e+04 -1.66104e+04  0.00000e+00
3.357703266e+00 -9.3273276e-03  1.03910e+03  3.09655e+05 -9.32733e-03 -1.66280e+04 -1.66104e+04  0.00000e+00
3.358946860e+00 -9.1637142e-03  1.02702e+03  3.09655e+05 -9.16371e-03 -1.66280e+04 -1.66105e+04  0.00000e+00
3.360190914e+00 -9.0628081e-03  1.01866e+03  3.09655e+05 -9.06281e-03 -1.66280e+04 -1.66106e+04  0.00000e+00
3.361435429e+00 -9.3513420e-03  1.03331e+03  3.09655e+05 -9.35134e-03 -1.66280e+04 -1.66104e+04  0.00000e+00
3.362680405e+00 -9.2438056e-03  1.02462e+03  3.09655e+05 -9.24381e-03 -1.66280e+04 -1.66105e+04  0.00000e+00
3.363925843e+00 -9.4087147e-03  1.03187e+03  3.09655e+05 -9.40871e-03 -1.66280e+04 -1.66103e+04  0.00000e+00
3.365171741e+00 -9.4200241e-03  1.03015e+03  3.09655e+05 -9.42002e-03 -1.66280e+04 -1.66103e+04  0.00000e+00
3.366418101e+00 -9.3690422e-03  1.02482e+03  3.09655e+05 -9.36904e-03 -1.66280e+04 -1.66103e+04  0.00000e+00
3.367664922e+00 -9.2784932e-03  1.01721e+03  3.09655e+05 -9.27849e-03 -1.66280e+04 -1.66104e+04  0.00000e+00
3.368912206e+00 -9.5725276e-03  1.03177e+03  3.09655e+05 -9.57253e-03 -1.66280e+04 -1.66102e+04  0.00000e+00
3.370159951e+00 -9.5632679e-03  1.02886e+03  3.09655e+05 -9.56327e-03 -1.66280e+04 -1.66102e+04  0.00000e+00
3.371408158e+00 -9.6868127e-03  1.03350e+03  3.09655e+05 -9.68681e-03 -1.66280e+04 -1.66101e+04  0.00000e+00
3.372656828e+00 -9.6824490e-03  1.03087e+03  3.09655e+05 -9.68245e-03 -1.66280e+04 -1.66101e+04 -2.26405e-12
3.373905960e+00 -9.5229809e-03  1.01949e+03  3.09655e+05 -9.52298e-03 -1.66280e+04 -1.66102e+04  0.00000e+00
3.375155555e+00 -9.4167621e-03  1.01113e+03  3.09655e+05 -9.41676e-03 -1.66280e+04 -1.66103e+04  0.00000e+00
3.376405613e+00 -9.6076049e-03  1.01957e+03  3.09655e+05 -9.60760e-03 -1.66280e+04 -1.66101e+04  0.00000e+00
3.377656133e+00 -1.0105659e-02  1.04483e+03  3.09655e+05 -1.01057e-02 -1.66280e+04 -1.66097e+04  0.00000e+00
3.378907117e+00 -1.0224624e-02  1.04892e+03  3.09655e+05 -1.02246e-02 -1.66280e+04 -1.66096e+04  0.00000e+00
3.380158564e+00 -1.0127369e-02  1.04122e+03  3.09655e+05 -1.01274e-02 -1.66280e+04 -1.66096e+04  0.00000e+00
3.381410475e+00 -9.8858524e-03  1.02563e+03  3.09655e+05 -9.88585e-03 -1.66280e+04 -1.66099e+04  0.00000e+00
3.382662849e+00 -9.8365718e-03  1.02057e+03  3.09655e+05 -9.83657e-03 -1.66280e+04 -1.66099e+04  0.00000e+00
3.383915687e+00 -9.8461507e-03  1.01875e+03  3.09655e+05 -9.84615e-03 -1.66280e+04 -1.66099e+04  0.00000e+00
3.385168989e+00 -1.0302405e-02  1.04110e+03  3.09655e+05 -1.03024e-02 -1.66280e+04 -1.66095e+04  0.00000e+00
3.386422755e+00 -1.0173319e-02  1.03180e+03  3.09655e+05 -1.01733e-02 -1.66280e+04 -1.66096e+04  0.00000e+00
3.387676986e+00 -9.8265850e-03  1.01071e+03  3.09655e+05 -9.82659e-03 -1.66280e+04 -1.66099e+04  0.00000e+00
3.388931681e+00 -1.0201465e-02  1.02858e+03  3.09655e+05 -1.02015e-02 -1.66280e+04 -1.66096e+04  0.00000e+00
3.390186841e+00 -9.9045527e-03  1.01031e+03  3.09655e+05 -9.90455e-03 -1.66280e+04 -1.66099e+04  0.00000e+00
3.391442466e+00 -9.7373226e-03  9.98965e+02  3.09655e+05 -9.73732e-03 -1.66280e+04 -1.66100e+04  0.00000e+00
3.392698556e+00 -1.0146155e-02  1.01860e+03  3.09655e+05 -1.01462e-02 -1.66280e+04 -1.66096e+04  0.00000e+00
3.393955111e+00 -1.1090495e-02  1.06539e+03  3.09655e+05 -1.10905e-02 -1.66280e+04 -1.66088e+04  0.00000e+00
3.395212131e+00 -1.0169274e-02  1.01518e+03  3.09655e+05 -1.01693e-02 -1.66280e+04 -1.66096e+04  0.00000e+00
3.396469617e+00 -1.0677848e-02  1.03939e+03  3.09655e+05 -1.06778e-02 -1.66280e+04 -1.66092e+04  0.00000e+00
3.397727569e+00 -1.0535755e-02  1.02968e+03  3.09655e+05 -1.05358e-02 -1.66280e+04 -1.66093e+04  0.00000e+00
3.398985986e+00 -1.0359901e-02  1.01821e+03  3.09655e+05 -1.03599e-02 -1.66280e+04 -1.66094e+04  0.00000e+00
3.400244870e+00 -1.0586724e-02  1.02761e+03  3.09655e+05 -1.05867e-02 -1.66280e+04 -1.66092e+04  0.00000e+00
3.401504220e+00 -1.0969773e-02  1.04477e+03  3.09655e+05 -1.09698e-02 -1.66280e+04 -1.66089e+04  0.00000e+00
3.402764036e+00 -1.0389752e-02  1.01281e+03  3.09655e+05 -1.03898e-02 -1.66280e+04 -1.66094e+04  0.00000e+00
3.404024319e+00 -1.0897604e-02  1.03638e+03  3.09655e+05 -1.08976e-02 -1.66280e+04 -1.66090e+04 -2.26405e-12
3.405285069e+00 -1.0834217e-02  1.03082e+03  3.09655e+05 -1.08342e-02 -1.66280e+04 -1.66090e+04  0.00000e+00
3.406546286e+00 -1.0785183e-02  1.02601e+03  3.09655e+05 -1.07852e-02 -1.66280e+04 -1.66091e+04  0.00000e+00
3.407807970e+00 -1.0561812e-02  1.01240e+03  3.09655e+05 -1.05618e-02 -1.66280e+04 -1.66093e+04  0.00000e+00
3.409070121e+00 -1.0953676e-02  1.02977e+03  3.09655e+05 -1.09537e-02 -1.66280e+04 -1.66089e+04 -2.26405e-12
3.410332739e+00 -1.0947407e-02  1.02712e+03  3.09655e+05 -1.09474e-02 -1.66280e+04 -1.66089e+04  0.00000e+00
3.411595826e+00 -1.0780782e-02  1.01650e+03  3.09655e+05 -1.07808e-02 -1.66280e+04 -1.66091e+04  0.00000e+00
3.412859380e+00 -1.1099266e-02  1.02996e+03  3.09655e+05 -1.10993e-02 -1.66280e+04 -1.66088e+04  0.00000e+00
3.414123402e+00 -1.1349823e-02  1.03985e+03  3.09655e+05 -1.13498e-02 -1.66280e+04 -1.66086e+04  0.00000e+00
3.415387892e+00 -1.1534127e-02  1.04640e+03  3.09655e+05 -1.15341e-02 -1.66280e+04 -1.66084e+04  0.00000e+00
3.416652850e+00 -1.1063047e-02  1.02120e+03  3.09655e+05 -1.10630e-02 -1.66280e+04 -1.66088e+04  0.00000e+00
3.417918277e+00 -1.0986817e-02  1.01516e+03  3.09655e+05 -1.09868e-02 -1.66280e+04 -1.66089e+04  0.00000e+00
3.419184173e+00 -1.1730532e-02  1.04864e+03  3.09655e+05 -1.17305e-02 -1.66280e+04 -1.66082e+04  0.00000e+00
3.420450537e+00 -1.1137691e-02  1.01789e+03  3.09655e+05 -1.11377e-02 -1.66280e+04 -1.66088e+04  0.00000e+00
3.421717371e+00 -1.1295204e-02  1.02318e+03  3.09655e+05 -1.12952e-02 -1.66280e+04 -1.66086e+04  0.00000e+00
3.422984674e+00 -1.0869346e-02  1.00031e+03  3.09655e+05 -1.08693e-02 -1.66280e+04 -1.66090e+04  0.00000e+00
3.424252446e+00 -1.1353543e-02  1.02134e+03  3.09655e+05 -1.13535e-02 -1.66280e+04 -1.66086e+04  0.00000e+00
3.425520687e+00 -1.1380212e-02  1.02030e+03  3.09655e+05 -1.13802e-02 -1.66280e+04 -1.66085e+04  0.00000e+00
3.426789399e+00 -1.1133917e-02  1.00627e+03  3.09655e+05 -1.11339e-02 -1.66280e+04 -1.66088e+04  0.00000e+00
3.428058580e+00 -1.1821902e-02  1.03640e+03  3.09655e+05 -1.18219e-02 -1.66280e+04 -1.66082e+04  0.00000e+00
3.429328231e+00 -1.1899885e-02  1.03768e+03  3.09655e+05 -1.18999e-02 -1.66280e+04 -1.66081e+04  0.00000e+00
3.430598353e+00 -1.1792534e-02  1.03037e+03  3.09655e+05 -1.17925e-02 -1.66280e+04 -1.66082e+04  0.00000e+00
3.431868945e+00 -1.1535342e-02  1.01611e+03  3.09655e+05 -1.15353e-02 -1.66280e+04 -1.66084e+04 -2.26405e-12
3.433140007e+00 -1.1659514e-02  1.01958e+03  3.09655e+05 -1.16595e-02 -1.66280e+04 -1.66083e+04  0.00000e+00
3.434411541e+00 -1.2061174e-02  1.03571e+03  3.09655e+05 -1.20612e-02 -1.66280e+04 -1.66080e+04  0.00000e+00
3.435683545e+00 -1.1590849e-02  1.01183e+03  3.09655e+05 -1.15908e-02 -1.66280e+04 -1.66084e+04  0.00000e+00
3.436956020e+00 -1.1947531e-02  1.02589e+03  3.09655e+05 -1.19475e-02 -1.66280e+04 -1.66081e+04  0.00000e+00
3.438228967e+00 -1.2050901e-02  1.02827e+03  3.09655e+05 -1.20509e-02 -1.66280e+04 -1.66080e+04  0.00000e+00
3.439502385e+00 -1.1525991e-02  1.00205e+03  3.09655e+05 -1.15260e-02 -1.66280e+04 -1.66084e+04 -2.26405e-12
3.440776275e+00 -1.1979865e-02  1.02045e+03  3.09655e+05 -1.19799e-02 -1.66280e+04 -1.66080e+04  0.00000e+00
3.442050637e+00 -1.2222469e-02  1.02904e+03  3.09655e+05 -1.22225e-02 -1.66280e+04 -1.66078e+04  0.00000e+00
3.443325470e+00 -1.2566416e-02  1.04195e+03  3.09655e+05 -1.25664e-02 -1.66280e+04 -1.66076e+04  0.00000e+00
3.444600776e+00 -1.2479420e-02  1.03579e+03  3.09655e+05 -1.24794e-02 -1.66280e+04 -1.66076e+04  0.00000e+00
3.445876554e+00 -1.2573659e-02  1.03759e+03  3.09655e+05 -1.25737e-02 -1.66280e+04 -1.66076e+04  0.00000e+00
3.447152804e+00 -1.2595322e-02  1.03621e+03  3.09655e+05 -1.25953e-02 -1.66280e+04 -1.66075e+04  0.00000e+00
3.448429528e+00 -1.2085785e-02  1.01151e+03  3.09655e+05 -1.20858e-02 -1.66280e+04 -1.66080e+04  0.00000e+00
3.449706724e+00 -1.2295248e-02  1.01847e+03  3.09655e+05 -1.22952e-02 -1.66280e+04 -1.66078e+04  0.00000e+00
3.450984393e+00 -1.1942020e-02  1.00063e+03  3.09655e+05 -1.19420e-02 -1.66280e+04 -1.66081e+04  0.00000e+00
3.452262535e+00 -1.2788861e-02  1.03529e+03  3.09655e+05 -1.27889e-02 -1.66280e+04 -1.66074e+04  0.00000e+00
3.453541151e+00 -1.2374755e-02  1.01511e+03  3.09655e+05 -1.23748e-02 -1.66280e+04 -1.66077e+04  0.00000e+00
3.454820240e+00 -1.2455541e-02  1.01634e+03  3.09655e+05 -1.24555e-02 -1.66280e+04 -1.66076e+04  0.00000e+00
3.456099804e+00 -1.2718881e-02  1.02538e+03  3.09655e+05 -1.27189e-02 -1.66280e+04 -1.66074e+04  0.00000e+00
3.457379840e+00 -1.2998262e-02  1.03494e+03  3.09655e+05 -1.29983e-02 -1.66280e+04 -1.66072e+04  0.00000e+00
3.458660352e+00 -1.3255861e-02  1.04344e+03  3.09655e+05 -1.32559e-02 -1.66280e+04 -1.66070e+04  0.00000e+00
3.459941337e+00 -1.3097780e-02  1.03450e+03  3.09655e+05 -1.30978e-02 -1.66280e+04 -1.66071e+04  0.00000e+00
3.461222797e+00 -1.2458203e-02  1.00517e+03  3.09655e+05 -1.24582e-02 -1.66280e+04 -1.66076e+04  0.00000e+00
3.462504731e+00 -1.3268538e-02  1.03699e+03  3.09655e+05 -1.32685e-02 -1.66280e+04 -1.66070e+04  0.00000e+00
3.463787140e+00 -1.2670241e-02  1.00968e+03  3.09655e+05 -1.26702e-02 -1.66280e+04 -1.66075e+04  0.00000e+00
3.465070024e+00 -1.3267747e-02  1.03234e+03  3.09655e+05 -1.32677e-02 -1.66280e+04 -1.66070e+04  0.00000e+00
3.466353384e+00 -1.2933678e-02  1.01621e+03  3.09655e+05 -1.29337e-02 -1.66280e+04 -1.66073e+04  0.00000e+00
3.467637218e+00 -1.2641510e-02  1.00176e+03  3.09655e+05 -1.26415e-02 -1.66280e+04 -1.66075e+04  0.00000e+00
3.468921528e+00 -1.3041082e-02  1.01614e+03  3.09655e+05 -1.30411e-02 -1.66280e+04 -1.66072e+04  0.00000e+00
3.470206314e+00 -1.3037898e-02  1.01375e+03  3.09655e+05 -1.30379e-02 -1.66280e+04 -1.66072e+04  0.00000e+00
3.471491576e+00 -1.3651044e-02  1.03644e+03  3.09655e+05 -1.36510e-02 -1.66280e+04 -1.66067e+04  0.00000e+00
3.472777313e+00 -1.2740458e-02  9.96998e+02  3.09655e+05 -1.27405e-02 -1.66280e+04 -1.66074e+04  0.00000e+00
3.474063527e+00 -1.2960177e-02  1.00383e+03  3.09655e+05 -1.29602e-02 -1.66280e+04 -1.66072e+04  0.00000e+00
3.475350217e+00 -1.4061560e-02  1.04587e+03  3.09655e+05 -1.40616e-02 -1.66280e+04 -1.66064e+04  0.00000e+00
3.476637384e+00 -1.2917616e-02  9.97650e+02  3.09655e+05 -1.29176e-02 -1.66280e+04 -1.66073e+04  0.00000e+00
3.477925027e+00 -1.3478624e-02  1.01810e+03  3.09655e+05 -1.34786e-02 -1.66280e+04 -1.66068e+04  0.00000e+00
3.479213148e+00 -1.3541836e-02  1.01837e+03  3.09655e+05 -1.35418e-02 -1.66280e+04 -1.66068e+04  0.00000e+00
3.480501745e+00 -1.3704073e-02  1.02255e+03  3.09655e+05 -1.37041e-02 -1.66280e+04 -1.66067e+04  0.00000e+00
3.481790820e+00 -1.4198967e-02  1.03967e+03  3.09655e+05 -1.41990e-02 -1.66280e+04 -1.66063e+04  0.00000e+00
3.483080372e+00 -1.4257134e-02  1.03962e+03  3.09655e+05 -1.42571e-02 -1.66280e+04 -1.66062e+04  0.00000e+00
3.484370402e+00 -1.3386988e-02  1.00326e+03  3.09655e+05 -1.33870e-02 -1.66280e+04 -1.66069e+04  0.00000e+00
3.485660909e+00 -1.3938894e-02  1.02270e+03  3.09655e+05 -1.39389e-02 -1.66280e+04 -1.66065e+04  0.00000e+00
3.486951895e+00 -1.4345492e-02  1.03612e+03  3.09655e+05 -1.43455e-02 -1.66280e+04 -1.66062e+04  0.00000e+00
3.488243359e+00 -1.3836345e-02  1.01421e+03  3.09655e+05 -1.38363e-02 -1.66280e+04 -1.66065e+04  0.00000e+00
3.489535301e+00 -1.3847004e-02  1.01239e+03  3.09655e+05 -1.38470e-02 -1.66280e+04 -1.66065e+04  0.00000e+00
3.490827721e+00 -1.4428993e-02  1.03245e+03  3.09655e+05 -1.44290e-02 -1.66280e+04 -1.66061e+04  0.00000e+00
3.492120620e+00 -1.4507836e-02  1.03315e+03  3.09655e+05 -1.45078e-02 -1.66280e+04 -1.66060e+04  0.00000e+00
3.493413998e+00 -1.4853410e-02  1.04383e+03  3.09655e+05 -1.48534e-02 -1.66280e+04 -1.66058e+04  0.00000e+00
3.494707855e+00 -1.4208212e-02  1.01728e+03  3.09655e+05 -1.42082e-02 -1.66280e+04 -1.66063e+04  0.00000e+00
3.496002192e+00 -1.4065653e-02  1.00963e+03  3.09655e+05 -1.40657e-02 -1.66280e+04 -1.66064e+04  0.00000e+00
3.497297007e+00 -1.4426606e-02  1.02102e+03  3.09655e+05 -1.44266e-02 -1.66280e+04 -1.66061e+04  0.00000e+00
3.498592302e+00 -1.4798649e-02  1.03263e+03  3.09655e+05 -1.47986e-02 -1.66280e+04 -1.66058e+04  0.00000e+00
3.499888077e+00 -1.5031044e-02  1.03891e+03  3.09655e+05 -1.50310e-02 -1.66280e+04 -1.66056e+04  0.00000e+00
3.501184332e+00 -1.4699916e-02  1.02445e+03  3.09655e+05 -1.46999e-02 -1.66280e+04 -1.66059e+04  0.00000e+00
3.502481067e+00 -1.4185610e-02  1.00308e+03  3.09655e+05 -1.41856e-02 -1.66280e+04 -1.66063e+04  0.00000e+00
3.503778282e+00 -1.4175418e-02  1.00050e+03  3.09655e+05 -1.41754e-02 -1.66280e+04 -1.66063e+04  0.00000e+00
3.505075978e+00 -1.4885942e-02  1.02452e+03  3.09655e+05 -1.48859e-02 -1.66280e+04 -1.66058e+04  0.00000e+00
3.506374154e+00 -1.4242591e-02  9.98617e+02  3.09655e+05 -1.42426e-02 -1.66280e+04 -1.66062e+04  0.00000e+00
3.507672811e+00 -1.4109627e-02  9.91496e+02  3.09655e+05 -1.41096e-02 -1.66280e+04 -1.66063e+04  0.00000e+00
3.508971949e+00 -1.5143849e-02  1.02711e+03  3.09655e+05 -1.51438e-02 -1.66280e+04 -1.66056e+04  0.00000e+00
3.510271569e+00 -1.5115710e-02  1.02384e+03  3.09655e+05 -1.51157e-02 -1.66280e+04 -1.66056e+04  0.00000e+00
3.511571669e+00 -1.5061524e-02  1.01966e+03  3.09655e+05 -1.50615e-02 -1.66280e+04 -1.66056e+04  0.00000e+00
3.512872251e+00 -1.5073142e-02  1.01784e+03  3.09655e+05 -1.50731e-02 -1.66280e+04 -1.66056e+04  0.00000e+00
3.514173315e+00 -1.5136660e-02  1.01788e+03  3.09655e+05 -1.51367e-02 -1.66280e+04 -1.66056e+04  0.00000e+00
3.515474861e+00 -1.5147166e-02  1.01603e+03  3.09655e+05 -1.51472e-02 -1.66280e+04 -1.66056e+04  0.00000e+00
3.516776888e+00 -1.5118454e-02  1.01279e+03  3.09655e+05 -1.51185e-02 -1.66280e+04 -1.66056e+04  0.00000e+00
3.518079398e+00 -1.5371673e-02  1.01951e+03  3.09655e+05 -1.53717e-02 -1.66280e+04 -1.66054e+04  0.00000e+00
3.519382391e+00 -1.6275228e-02  1.04861e+03  3.09655e+05 -1.62752e-02 -1.66280e+04 -1.66047e+04  0.00000e+00
3.520685866e+00 -1.6260313e-02  1.04580e+03  3.09655e+05 -1.62603e-02 -1.66280e+04 -1.66047e+04  0.00000e+00
3.521989824e+00 -1.5567981e-02  1.01969e+03  3.09655e+05 -1.55680e-02 -1.66280e+04 -1.66052e+04  0.00000e+00
3.523294264e+00 -1.6341594e-02  1.04400e+03  3.09655e+05 -1.63416e-02 -1.66280e+04 -1.66047e+04  0.00000e+00
3.524599188e+00 -1.5679613e-02  1.01910e+03  3.09655e+05 -1.56796e-02 -1.66280e+04 -1.66052e+04  0.00000e+00
3.525904595e+00 -1.5707601e-02  1.01784e+03  3.09655e+05 -1.57076e-02 -1.66280e+04 -1.66051e+04  0.00000e+00
3.527210486e+00 -1.6240428e-02  1.03376e+03  3.09655e+05 -1.62404e-02 -1.66280e+04 -1.66048e+04  0.00000e+00
3.528516860e+00 -1.6398272e-02  1.03682e+03  3.09655e+05 -1.63983e-02 -1.66280e+04 -1.66046e+04  0.00000e+00
3.529823718e+00 -1.5837066e-02  1.01562e+03  3.09655e+05 -1.58371e-02 -1.66280e+04 -1.66051e+04  0.00000e+00
3.531131060e+00 -1.4972246e-02  9.83718e+02  3.09655e+05 -1.49722e-02 -1.66280e+04 -1.66057e+04  0.00000e+00
3.532438886e+00 -1.5690694e-02  1.00624e+03  3.09655e+05 -1.56907e-02 -1.66280e+04 -1.66052e+04  0.00000e+00
3.533747197e+00 -1.6141834e-02  1.01926e+03  3.09655e+05 -1.61418e-02 -1.66280e+04 -1.66048e+04  0.00000e+00
3.535055992e+00 -1.5880587e-02  1.00828e+03  3.09655e+05 -1.58806e-02 -1.66280e+04 -1.66050e+04  0.00000e+00
3.536365272e+00 -1.6299047e-02  1.02007e+03  3.09655e+05 -1.62990e-02 -1.66280e+04 -1.66047e+04  0.00000e+00
3.537675037e+00 -1.6749920e-02  1.03270e+03  3.09655e+05 -1.67499e-02 -1.66280e+04 -1.66044e+04  0.00000e+00
3.538985287e+00 -1.7153876e-02  1.04359e+03  3.09655e+05 -1.71539e-02 -1.66280e+04 -1.66041e+04  0.00000e+00
3.540296023e+00 -1.6308565e-02  1.01376e+03  3.09655e+05 -1.63086e-02 -1.66280e+04 -1.66047e+04  0.00000e+00
3.541607243e+00 -1.6424482e-02  1.01537e+03  3.09655e+05 -1.64245e-02 -1.66280e+04 -1.66046e+04  0.00000e+00
3.542918950e+00 -1.6253285e-02  1.00755e+03  3.09655e+05 -1.62533e-02 -1.66280e+04 -1.66048e+04  0.00000e+00
3.544231142e+00 -1.7194854e-02  1.03587e+03  3.09655e+05 -1.71949e-02 -1.66280e+04 -1.66041e+04  0.00000e+00
3.545543820e+00 -1.7268736e-02  1.03598e+03  3.09655e+05 -1.72687e-02 -1.66280e+04 -1.66040e+04  0.00000e+00
3.546856985e+00 -1.6065086e-02  9.94877e+02  3.09655e+05 -1.60651e-02 -1.66280e+04 -1.66049e+04  0.00000e+00
3.548170635e+00 -1.6749140e-02  1.01491e+03  3.09655e+05 -1.67491e-02 -1.66280e+04 -1.66044e+04  0.00000e+00
3.549484773e+00 -1.6561669e-02  1.00669e+03  3.09655e+05 -1.65617e-02 -1.66280e+04 -1.66045e+04  0.00000e+00
3.550799397e+00 -1.7082381e-02  1.02114e+03  3.09655e+05 -1.70824e-02 -1.66280e+04 -1.66042e+04  0.00000e+00
3.552114507e+00 -1.7377898e-02  1.02826e+03  3.09655e+05 -1.73779e-02 -1.66280e+04 -1.66040e+04  0.00000e+00
3.553430105e+00 -1.7374273e-02  1.02592e+03  3.09655e+05 -1.73743e-02 -1.66280e+04 -1.66040e+04  0.00000e+00
3.554746191e+00 -1.7343681e-02  1.02275e+03  3.09655e+05 -1.73437e-02 -1.66280e+04 -1.66040e+04  0.00000e+00
3.556062763e+00 -1.7065123e-02  1.01181e+03  3.09655e+05 -1.70651e-02 -1.66280e+04 -1.66042e+04  0.00000e+00
3.557379824e+00 -1.7579863e-02  1.02568e+03  3.09655e+05 -1.75799e-02 -1.66280e+04 -1.66038e+04  0.00000e+00
3.558697372e+00 -1.7679703e-02  1.02655e+03  3.09655e+05 -1.76797e-02 -1.66280e+04 -1.66038e+04  0.00000e+00
3.560015408e+00 -1.7751786e-02  1.02655e+03  3.09655e+05 -1.77518e-02 -1.66280e+04 -1.66037e+04  0.00000e+00
3.561333932e+00 -1.7423736e-02  1.01425e+03  3.09655e+05 -1.74237e-02 -1.66280e+04 -1.66039e+04  0.00000e+00
3.562652945e+00 -1.7823651e-02  1.02433e+03  3.09655e+05 -1.78237e-02 -1.66280e+04 -1.66037e+04  0.00000e+00
3.563972446e+00 -1.7437770e-02  1.01033e+03  3.09655e+05 -1.74378e-02 -1.66280e+04 -1.66039e+04  0.00000e+00
3.565292435e+00 -1.7533746e-02  1.01110e+03  3.09655e+05 -1.75337e-02 -1.66280e+04 -1.66039e+04  0.00000e+00
3.566612914e+00 -1.7323696e-02  1.00250e+03  3.09655e+05 -1.73237e-02 -1.66280e+04 -1.66040e+04  0.00000e+00
3.567933882e+00 -1.8134444e-02  1.02491e+03  3.09655e+05 -1.81344e-02 -1.66280e+04 -1.66034e+04  0.00000e+00
3.569255339e+00 -1.8209038e-02  1.02494e+03  3.09655e+05 -1.82090e-02 -1.66280e+04 -1.66034e+04  0.00000e+00
3.570577285e+00 -1.8413095e-02  1.02881e+03  3.09655e+05 -1.84131e-02 -1.66280e+04 -1.66033e+04  0.00000e+00
3.571899721e+00 -1.8200219e-02  1.02029e+03  3.09655e+05 -1.82002e-02 -1.66280e+04 -1.66034e+04  0.00000e+00
3.573222647e+00 -1.8061653e-02  1.01398e+03  3.09655e+05 -1.80617e-02 -1.66280e+04 -1.66035e+04  0.00000e+00
3.574546063e+00 -1.8085661e-02  1.01252e+03  3.09655e+05 -1.80857e-02 -1.66280e+04 -1.66035e+04  0.00000e+00
3.575869969e+00 -1.8932502e-02  1.03520e+03  3.09655e+05 -1.89325e-02 -1.66280e+04 -1.66029e+04  0.00000e+00
3.577194365e+00 -1.9248947e-02  1.04212e+03  3.09655e+05 -1.92489e-02 -1.66280e+04 -1.66027e+04  0.00000e+00
3.578519252e+00 -1.8098111e-02  1.00640e+03  3.09655e+05 -1.80981e-02 -1.66280e+04 -1.66035e+04  0.00000e+00
3.579844629e+00 -1.8276749e-02  1.00950e+03  3.09655e+05 -1.82767e-02 -1.66280e+04 -1.66033e+04  0.00000e+00
3.581170498e+00 -1.8646540e-02  1.01810e+03  3.09655e+05 -1.86465e-02 -1.66280e+04 -1.66031e+04  0.00000e+00
3.582496857e+00 -1.8624189e-02  1.01528e+03  3.09655e+05 -1.86242e-02 -1.66280e+04 -1.66031e+04  0.00000e+00
3.583823708e+00 -1.8571558e-02  1.01159e+03  3.09655e+05 -1.85716e-02 -1.66280e+04 -1.66031e+04  0.00000e+00
3.585151050e+00 -1.9001221e-02  1.02176e+03  3.09655e+05 -1.90012e-02 -1.66280e+04 -1.66029e+04  0.00000e+00
3.586478884e+00 -1.9157049e-02  1.02401e+03  3.09655e+05 -1.91570e-02 -1.66280e+04 -1.66028e+04  0.00000e+00
3.587807209e+00 -1.8659923e-02  1.00767e+03  3.09655e+05 -1.86599e-02 -1.66280e+04 -1.66031e+04  0.00000e+00
3.589136027e+00 -1.8901837e-02  1.01241e+03  3.09655e+05 -1.89018e-02 -1.66280e+04 -1.66029e+04  0.00000e+00
3.590465336e+00 -1.8723867e-02  1.00520e+03  3.09655e+05 -1.87239e-02 -1.66280e+04 -1.66030e+04  0.00000e+00
3.591795138e+00 -1.9526052e-02  1.02564e+03  3.09655e+05 -1.95261e-02 -1.66280e+04 -1.66025e+04  0.00000e+00
3.593125433e+00 -1.9619107e-02  1.02604e+03  3.09655e+05 -1.96191e-02 -1.66280e+04 -1.66025e+04  0.00000e+00
3.594456220e+00 -1.8902938e-02  1.00385e+03  3.09655e+05 -1.89029e-02 -1.66280e+04 -1.66029e+04  0.00000e+00
3.595787500e+00 -1.9432712e-02  1.01652e+03  3.09655e+05 -1.94327e-02 -1.66280e+04 -1.66026e+04  0.00000e+00
3.597119273e+00 -2.0216318e-02  1.03588e+03  3.09655e+05 -2.02163e-02 -1.66280e+04 -1.66021e+04  0.00000e+00
3.598451540e+00 -1.9844472e-02  1.02353e+03  3.09655e+05 -1.98445e-02 -1.66280e+04 -1.66023e+04  0.00000e+00
3.599784300e+00 -1.9203667e-02  1.00372e+03  3.09655e+05 -1.92037e-02 -1.66280e+04 -1.66027e+04  0.00000e+00
3.601117553e+00 -2.0761229e-02  1.04395e+03  3.09655e+05 -2.07612e-02 -1.66280e+04 -1.66017e+04  0.00000e+00
3.602451300e+00 -2.1126749e-02  1.05145e+03  3.09655e+05 -2.11267e-02 -1.66280e+04 -1.66015e+04  0.00000e+00
3.603785541e+00 -1.9448540e-02  1.00407e+03  3.09655e+05 -1.94485e-02 -1.66280e+04 -1.66026e+04  0.00000e+00
3.605120277e+00 -1.9325070e-02  9.98568e+02  3.09655e+05 -1.93251e-02 -1.66280e+04 -1.66026e+04  0.00000e+00
3.606455507e+00 -2.0010354e-02  1.01504e+03  3.09655e+05 -2.00104e-02 -1.66280e+04 -1.66022e+04  0.00000e+00
3.607791231e+00 -1.9263900e-02  9.92679e+02  3.09655e+05 -1.92639e-02 -1.66280e+04 -1.66027e+04  0.00000e+00
3.609127450e+00 -2.0495651e-02  1.02369e+03  3.09655e+05 -2.04957e-02 -1.66280e+04 -1.66019e+04  0.00000e+00
3.610464164e+00 -1.9141204e-02  9.85149e+02  3.09655e+05 -1.91412e-02 -1.66280e+04 -1.66028e+04  0.00000e+00
3.611801373e+00 -2.0299127e-02  1.01416e+03  3.09655e+05 -2.02991e-02 -1.66280e+04 -1.66020e+04  0.00000e+00
3.613139077e+00 -2.0911636e-02  1.02812e+03  3.09655e+05 -2.09116e-02 -1.66280e+04 -1.66016e+04  0.00000e+00
3.614477277e+00 -2.1432658e-02  1.03946e+03  3.09655e+05 -2.14327e-02 -1.66280e+04 -1.66013e+04  0.00000e+00
3.615815972e+00 -2.0505919e-02  1.01318e+03  3.09655e+05 -2.05059e-02 -1.66280e+04 -1.66019e+04  0.00000e+00
3.617155163e+00 -2.1336157e-02  1.03259e+03  3.09655e+05 -2.13362e-02 -1.66280e+04 -1.66014e+04  0.00000e+00
3.618494850e+00 -2.0446356e-02  1.00736e+03  3.09655e+05 -2.04464e-02 -1.66280e+04 -1.66019e+04  0.00000e+00
3.619835033e+00 -2.0863832e-02  1.01607e+03  3.09655e+05 -2.08638e-02 -1.66280e+04 -1.66017e+04  0.00000e+00
3.621175713e+00 -2.0517856e-02  1.00497e+03  3.09655e+05 -2.05179e-02 -1.66280e+04 -1.66019e+04  0.00000e+00
3.622516889e+00 -2.1581689e-02  1.03014e+03  3.09655e+05 -2.15817e-02 -1.66280e+04 -1.66012e+04  0.00000e+00
3.623858562e+00 -2.1154740e-02  1.01711e+03  3.09655e+05 -2.11547e-02 -1.66280e+04 -1.66015e+04  0.00000e+00
3.625200732e+00 -2.0876145e-02  1.00786e+03  3.09655e+05 -2.08761e-02 -1.66280e+04 -1.66017e+04  0.00000e+00
3.626543399e+00 -2.2045718e-02  1.03528e+03  3.09655e+05 -2.20457e-02 -1.66280e+04 -1.66009e+04  0.00000e+00
3.627886563e+00 -2.0620583e-02  9.97087e+02  3.09655e+05 -2.06206e-02 -1.66280e+04 -1.66018e+04  0.00000e+00
3.629230225e+00 -2.0890803e-02  1.00189e+03  3.09655e+05 -2.08908e-02 -1.66280e+04 -1.66016e+04  0.00000e+00
3.630574384e+00 -2.1108424e-02  1.00529e+03  3.09655e+05 -2.11084e-02 -1.66280e+04 -1.66015e+04  0.00000e+00
3.631919041e+00 -2.1588415e-02  1.01523e+03  3.09655e+05 -2.15884e-02 -1.66280e+04 -1.66012e+04  0.00000e+00
3.633264196e+00 -2.1712212e-02  1.01618e+03  3.09655e+05 -2.17122e-02 -1.66280e+04 -1.66011e+04  0.00000e+00
3.634609850e+00 -2.1638841e-02  1.01222e+03  3.09655e+05 -2.16388e-02 -1.66280e+04 -1.66012e+04  0.00000e+00
3.635956002e+00 -2.2499802e-02  1.03126e+03  3.09655e+05 -2.24998e-02 -1.66280e+04 -1.66006e+04  0.00000e+00
3.637302652e+00 -2.3986839e-02  1.06477e+03  3.09655e+05 -2.39868e-02 -1.66280e+04 -1.65998e+04  0.00000e+00
3.638649801e+00 -2.1784428e-02  1.00946e+03  3.09655e+05 -2.17844e-02 -1.66280e+04 -1.66011e+04  0.00000e+00
3.639997449e+00 -2.1920332e-02  1.01068e+03  3.09655e+05 -2.19203e-02 -1.66280e+04 -1.66010e+04  0.00000e+00
3.641345596e+00 -2.2937103e-02  1.03315e+03  3.09655e+05 -2.29371e-02 -1.66280e+04 -1.66004e+04  0.00000e+00
3.642694243e+00 -2.1739324e-02  1.00203e+03  3.09655e+05 -2.17393e-02 -1.66280e+04 -1.66011e+04  0.00000e+00
3.644043389e+00 -2.1558833e-02  9.95528e+02  3.09655e+05 -2.15588e-02 -1.66280e+04 -1.66012e+04  0.00000e+00
3.645393035e+00 -2.1643325e-02  9.95512e+02  3.09655e+05 -2.16433e-02 -1.66280e+04 -1.66012e+04  0.00000e+00
3.646743180e+00 -2.2673291e-02  1.01825e+03  3.09655e+05 -2.26733e-02 -1.66280e+04 -1.66005e+04  0.00000e+00
3.648093826e+00 -2.2306120e-02  1.00735e+03  3.09655e+05 -2.23061e-02 -1.66280e+04 -1.66008e+04  0.00000e+00
3.649444972e+00 -2.3185060e-02  1.02610e+03  3.09655e+05 -2.31851e-02 -1.66280e+04 -1.66002e+04  0.00000e+00
3.650796618e+00 -2.2773536e-02  1.01426e+03  3.09655e+05 -2.27735e-02 -1.66280e+04 -1.66005e+04  0.00000e+00
3.652148765e+00 -2.3788132e-02  1.03587e+03  3.09655e+05 -2.37881e-02 -1.66280e+04 -1.65999e+04  0.00000e+00
3.653501413e+00 -2.2976168e-02  1.01480e+03  3.09655e+05 -2.29762e-02 -1.66280e+04 -1.66004e+04  0.00000e+00
3.654854561e+00 -2.3885811e-02  1.03380e+03  3.09655e+05 -2.38858e-02 -1.66280e+04 -1.65998e+04  0.00000e+00
3.656208211e+00 -2.2903312e-02  1.00887e+03  3.09655e+05 -2.29033e-02 -1.66280e+04 -1.66004e+04  0.00000e+00
3.657562362e+00 -2.3997553e-02  1.03205e+03  3.09655e+05 -2.39976e-02 -1.66280e+04 -1.65998e+04  0.00000e+00
3.658917015e+00 -2.3771847e-02  1.02474e+03  3.09655e+05 -2.37718e-02 -1.66280e+04 -1.65999e+04  0.00000e+00
3.660272169e+00 -2.3565674e-02  1.01788e+03  3.09655e+05 -2.35657e-02 -1.66280e+04 -1.66000e+04  0.00000e+00
3.661627826e+00 -2.4276360e-02  1.03194e+03  3.09655e+05 -2.42764e-02 -1.66280e+04 -1.65996e+04  0.00000e+00
3.662983984e+00 -2.4084399e-02  1.02545e+03  3.09655e+05 -2.40844e-02 -1.66280e+04 -1.65997e+04  0.00000e+00
3.664340645e+00 -2.3856039e-02  1.01815e+03  3.09655e+05 -2.38560e-02 -1.66280e+04 -1.65998e+04  0.00000e+00
3.665697808e+00 -2.4089334e-02  1.02130e+03  3.09655e+05 -2.40893e-02 -1.66280e+04 -1.65997e+04  0.00000e+00
3.667055474e+00 -2.3726602e-02  1.01100e+03  3.09655e+05 -2.37266e-02 -1.66280e+04 -1.65999e+04  0.00000e+00
3.668413643e+00 -2.2738200e-02  9.86385e+02  3.09655e+05 -2.27382e-02 -1.66280e+04 -1.66005e+04  0.00000e+00
3.669772314e+00 -2.3805342e-02  1.00859e+03  3.09655e+05 -2.38053e-02 -1.66280e+04 -1.65999e+04  0.00000e+00
3.671131489e+00 -2.3911439e-02  1.00888e+03  3.09655e+05 -2.39114e-02 -1.66280e+04 -1.65998e+04  0.00000e+00
3.672491168e+00 -2.4158767e-02  1.01230e+03  3.09655e+05 -2.41588e-02 -1.66280e+04 -1.65997e+04  0.00000e+00
3.673851350e+00 -2.5464170e-02  1.03888e+03  3.09655e+05 -2.54642e-02 -1.66280e+04 -1.65989e+04  0.00000e+00
3.675212035e+00 -2.4684013e-02  1.01970e+03  3.09655e+05 -2.46840e-02 -1.66280e+04 -1.65993e+04  0.00000e+00
3.676573225e+00 -2.4555680e-02  1.01478e+03  3.09655e+05 -2.45557e-02 -1.66280e+04 -1.65994e+04  0.00000e+00
3.677934919e+00 -2.5658095e-02  1.03661e+03  3.09655e+05 -2.56581e-02 -1.66280e+04 -1.65988e+04  0.00000e+00
3.679297117e+00 -2.5129346e-02  1.02307e+03  3.09655e+05 -2.51293e-02 -1.66280e+04 -1.65991e+04  0.00000e+00
3.680659820e+00 -2.4677423e-02  1.01115e+03  3.09655e+05 -2.46774e-02 -1.66280e+04 -1.65994e+04  0.00000e+00
3.682023027e+00 -2.4940469e-02  1.01477e+03  3.09655e+05 -2.49405e-02 -1.66280e+04 -1.65992e+04  0.00000e+00
3.683386739e+00 -2.4648676e-02  1.00636e+03  3.09655e+05 -2.46487e-02 -1.66280e+04 -1.65994e+04  0.00000e+00
3.684750956e+00 -2.5727571e-02  1.02741e+03  3.09655e+05 -2.57276e-02 -1.66280e+04 -1.65987e+04  0.00000e+00
3.686115679e+00 -2.4652135e-02  1.00229e+03  3.09655e+05 -2.46521e-02 -1.66280e+04 -1.65994e+04  0.00000e+00
3.687480907e+00 -2.4885518e-02  1.00524e+03  3.09655e+05 -2.48855e-02 -1.66280e+04 -1.65992e+04  0.00000e+00
3.688846641e+00 -2.4812571e-02  1.00161e+03  3.09655e+05 -2.48126e-02 -1.66280e+04 -1.65993e+04  0.00000e+00
3.690212880e+00 -2.6423133e-02  1.03353e+03  3.09655e+05 -2.64231e-02 -1.66280e+04 -1.65984e+04  0.00000e+00
3.691579626e+00 -2.5555651e-02  1.01325e+03  3.09655e+05 -2.55557e-02 -1.66280e+04 -1.65988e+04  0.00000e+00
3.692946877e+00 -2.5493090e-02  1.00985e+03  3.09655e+05 -2.54931e-02 -1.66280e+04 -1.65989e+04  0.00000e+00
3.694314635e+00 -2.7147678e-02  1.04205e+03  3.09655e+05 -2.71477e-02 -1.66280e+04 -1.65980e+04  0.00000e+00
3.695682900e+00 -2.5105072e-02  9.97549e+02  3.09655e+05 -2.51051e-02 -1.66280e+04 -1.65991e+04  0.00000e+00
3.697051672e+00 -2.6733773e-02  1.02932e+03  3.09655e+05 -2.67338e-02 -1.66280e+04 -1.65982e+04  0.00000e+00
3.698420950e+00 -2.6370082e-02  1.01974e+03  3.09655e+05 -2.63701e-02 -1.66280e+04 -1.65984e+04  0.00000e+00
3.699790736e+00 -2.6427982e-02  1.01884e+03  3.09655e+05 -2.64280e-02 -1.66280e+04 -1.65984e+04  0.00000e+00
3.701161028e+00 -2.6536033e-02  1.01895e+03  3.09655e+05 -2.65360e-02 -1.66280e+04 -1.65983e+04  0.00000e+00
3.702531829e+00 -2.4994771e-02  9.85067e+02  3.09655e+05 -2.49948e-02 -1.66280e+04 -1.65992e+04  0.00000e+00
3.703903137e+00 -2.6775047e-02  1.01963e+03  3.09655e+05 -2.67750e-02 -1.66280e+04 -1.65982e+04  0.00000e+00
3.705274953e+00 -2.6360519e-02  1.00914e+03  3.09655e+05 -2.63605e-02 -1.66280e+04 -1.65984e+04  0.00000e+00
3.706647277e+00 -2.5936837e-02  9.98442e+02  3.09655e+05 -2.59368e-02 -1.66280e+04 -1.65986e+04  0.00000e+00
3.708020109e+00 -2.8934606e-02  1.05611e+03  3.09655e+05 -2.89346e-02 -1.66280e+04 -1.65970e+04  0.00000e+00
3.709393450e+00 -2.7750997e-02  1.03074e+03  3.09655e+05 -2.77510e-02 -1.66280e+04 -1.65976e+04  0.00000e+00
3.710767299e+00 -2.6448152e-02  1.00267e+03  3.09655e+05 -2.64482e-02 -1.66280e+04 -1.65983e+04  0.00000e+00
3.712141658e+00 -2.6284153e-02  9.97325e+02  3.09655e+05 -2.62842e-02 -1.66280e+04 -1.65984e+04  0.00000e+00
3.713516525e+00 -2.6653483e-02  1.00269e+03  3.09655e+05 -2.66535e-02 -1.66280e+04 -1.65982e+04  0.00000e+00
3.714891901e+00 -2.7058007e-02  1.00868e+03  3.09655e+05 -2.70580e-02 -1.66280e+04 -1.65980e+04  0.00000e+00
3.716267787e+00 -2.7839663e-02  1.02198e+03  3.09655e+05 -2.78397e-02 -1.66280e+04 -1.65976e+04  0.00000e+00
3.717644183e+00 -2.8181423e-02  1.02654e+03  3.09655e+05 -2.81814e-02 -1.66280e+04 -1.65974e+04  0.00000e+00
3.719021088e+00 -2.7561256e-02  1.01239e+03  3.09655e+05 -2.75613e-02 -1.66280e+04 -1.65977e+04  0.00000e+00
3.720398503e+00 -2.8125866e-02  1.02128e+03  3.09655e+05 -2.81259e-02 -1.66280e+04 -1.65974e+04  0.00000e+00
3.721776429e+00 -2.8427191e-02  1.02499e+03  3.09655e+05 -2.84272e-02 -1.66280e+04 -1.65973e+04  0.00000e+00
3.723154864e+00 -2.8292469e-02  1.02032e+03  3.09655e+05 -2.82925e-02 -1.66280e+04 -1.65973e+04  0.00000e+00
3.724533811e+00 -2.6958211e-02  9.92444e+02  3.09655e+05 -2.69582e-02 -1.66280e+04 -1.65981e+04  0.00000e+00
3.725913268e+00 -2.7892820e-02  1.00852e+03  3.09655e+05 -2.78928e-02 -1.66280e+04 -1.65975e+04  0.00000e+00
3.727293235e+00 -2.7896931e-02  1.00655e+03  3.09655e+05 -2.78969e-02 -1.66280e+04 -1.65975e+04  0.00000e+00
3.728673714e+00 -2.7871430e-02  1.00401e+03  3.09655e+05 -2.78714e-02 -1.66280e+04 -1.65976e+04  0.00000e+00
3.730054705e+00 -2.7830528e-02  1.00119e+03  3.09655e+05 -2.78305e-02 -1.66280e+04 -1.65976e+04  0.00000e+00
3.731436206e+00 -2.7894649e-02  1.00038e+03  3.09655e+05 -2.78946e-02 -1.66280e+04 -1.65975e+04  0.00000e+00
3.732818220e+00 -2.9284490e-02  1.02450e+03  3.09655e+05 -2.92845e-02 -1.66280e+04 -1.65968e+04  0.00000e+00
3.734200745e+00 -2.9646127e-02  1.02912e+03  3.09655e+05 -2.96461e-02 -1.66280e+04 -1.65966e+04  0.00000e+00
3.735583782e+00 -2.9677018e-02  1.02760e+03  3.09655e+05 -2.96770e-02 -1.66280e+04 -1.65966e+04  0.00000e+00
3.736967332e+00 -2.9288718e-02  1.01835e+03  3.09655e+05 -2.92887e-02 -1.66280e+04 -1.65968e+04  0.00000e+00
3.738351394e+00 -2.9785269e-02  1.02542e+03  3.09655e+05 -2.97853e-02 -1.66280e+04 -1.65965e+04  0.00000e+00
3.739735969e+00 -2.8658707e-02  1.00258e+03  3.09655e+05 -2.86587e-02 -1.66280e+04 -1.65971e+04  0.00000e+00
3.741121056e+00 -2.8165725e-02  9.91372e+02  3.09655e+05 -2.81657e-02 -1.66280e+04 -1.65974e+04  0.00000e+00
3.742506656e+00 -2.9969998e-02  1.02256e+03  3.09655e+05 -2.99700e-02 -1.66280e+04 -1.65964e+04  0.00000e+00
3.743892770e+00 -2.9232802e-02  1.00706e+03  3.09655e+05 -2.92328e-02 -1.66280e+04 -1.65968e+04  0.00000e+00
3.745279397e+00 -3.1324589e-02  1.04269e+03  3.09655e+05 -3.13246e-02 -1.66280e+04 -1.65957e+04  0.00000e+00
3.746666537e+00 -2.9985694e-02  1.01665e+03  3.09655e+05 -2.99857e-02 -1.66280e+04 -1.65964e+04  0.00000e+00
3.748054192e+00 -2.9231821e-02  1.00096e+03  3.09655e+05 -2.92318e-02 -1.66280e+04 -1.65968e+04  0.00000e+00
3.749442360e+00 -2.9543376e-02  1.00458e+03  3.09655e+05 -2.95434e-02 -1.66280e+04 -1.65967e+04  0.00000e+00
3.750831042e+00 -2.9579135e-02  1.00320e+03  3.09655e+05 -2.95791e-02 -1.66280e+04 -1.65966e+04  0.00000e+00
3.752220239e+00 -2.9755291e-02  1.00435e+03  3.09655e+05 -2.97553e-02 -1.66280e+04 -1.65965e+04  0.00000e+00
3.753609950e+00 -3.0320452e-02  1.01240e+03  3.09655e+05 -3.03205e-02 -1.66280e+04 -1.65962e+04  0.00000e+00
3.755000176e+00 -3.0089117e-02  1.00625e+03  3.09655e+05 -3.00891e-02 -1.66280e+04 -1.65964e+04  0.00000e+00
3.756390917e+00 -3.1979616e-02  1.03733e+03  3.09655e+05 -3.19796e-02 -1.66280e+04 -1.65954e+04  0.00000e+00
3.757782173e+00 -2.9917116e-02  9.99160e+02  3.09655e+05 -2.99171e-02 -1.66280e+04 -1.65965e+04  0.00000e+00
3.759173944e+00 -3.0006550e-02  9.98734e+02  3.09655e+05 -3.00066e-02 -1.66280e+04 -1.65964e+04  0.00000e+00
3.760566231e+00 -3.0323820e-02  1.00231e+03  3.09655e+05 -3.03238e-02 -1.66280e+04 -1.65962e+04  0.00000e+00
3.761959033e+00 -3.0775234e-02  1.00819e+03  3.09655e+05 -3.07752e-02 -1.66280e+04 -1.65960e+04  0.00000e+00
3.763352351e+00 -3.1842724e-02  1.02458e+03  3.09655e+05 -3.18427e-02 -1.66280e+04 -1.65955e+04  0.00000e+00
3.764746185e+00 -3.1650441e-02  1.01923e+03  3.09655e+05 -3.16504e-02 -1.66280e+04 -1.65956e+04  0.00000e+00
3.766140536e+00 -3.1945398e-02  1.02222e+03  3.09655e+05 -3.19454e-02 -1.66280e+04 -1.65954e+04  0.00000e+00
3.767535403e+00 -3.1181175e-02  1.00711e+03  3.09655e+05 -3.11812e-02 -1.66280e+04 -1.65958e+04  0.00000e+00
3.768930786e+00 -3.0951327e-02  1.00115e+03  3.09655e+05 -3.09513e-02 -1.66280e+04 -1.65959e+04  0.00000e+00
3.770326686e+00 -3.2217108e-02  1.02067e+03  3.09655e+05 -3.22171e-02 -1.66280e+04 -1.65953e+04  0.00000e+00
3.771723104e+00 -3.1343174e-02  1.00383e+03  3.09655e+05 -3.13432e-02 -1.66280e+04 -1.65957e+04  0.00000e+00
3.773120038e+00 -3.2349614e-02  1.01881e+03  3.09655e+05 -3.23496e-02 -1.66280e+04 -1.65952e+04  0.00000e+00
3.774517490e+00 -3.3487384e-02  1.03566e+03  3.09655e+05 -3.34874e-02 -1.66280e+04 -1.65946e+04  0.00000e+00
3.775915459e+00 -3.0996211e-02  9.91940e+02  3.09655e+05 -3.09962e-02 -1.66280e+04 -1.65959e+04  0.00000e+00
3.777313947e+00 -3.1432401e-02  9.97335e+02  3.09655e+05 -3.14324e-02 -1.66280e+04 -1.65957e+04  0.00000e+00
3.778712952e+00 -3.2932933e-02  1.02034e+03  3.09655e+05 -3.29329e-02 -1.66280e+04 -1.65949e+04  0.00000e+00
3.780112475e+00 -3.2384571e-02  1.00924e+03  3.09655e+05 -3.23846e-02 -1.66280e+04 -1.65952e+04  0.00000e+00
3.781512517e+00 -3.2344858e-02  1.00657e+03  3.09655e+05 -3.23449e-02 -1.66280e+04 -1.65952e+04  0.00000e+00
3.782913077e+00 -3.2767477e-02  1.01152e+03  3.09655e+05 -3.27675e-02 -1.66280e+04 -1.65950e+04  0.00000e+00
3.784314156e+00 -3.2421371e-02  1.00382e+03  3.09655e+05 -3.24214e-02 -1.66280e+04 -1.65952e+04  0.00000e+00
3.785715754e+00 -3.3071712e-02  1.01246e+03  3.09655e+05 -3.30717e-02 -1.66280e+04 -1.65948e+04  0.00000e+00
3.787117871e+00 -3.2107535e-02  9.94668e+02  3.09655e+05 -3.21075e-02 -1.66280e+04 -1.65953e+04  0.00000e+00
3.788520507e+00 -3.3503198e-02  1.01540e+03  3.09655e+05 -3.35032e-02 -1.66280e+04 -1.65946e+04  0.00000e+00
3.789923663e+00 -3.2200967e-02  9.92245e+02  3.09655e+05 -3.22010e-02 -1.66280e+04 -1.65953e+04  0.00000e+00
3.791327338e+00 -3.3625265e-02  1.01332e+03  3.09655e+05 -3.36253e-02 -1.66280e+04 -1.65946e+04  0.00000e+00
3.792731533e+00 -3.3204725e-02  1.00456e+03  3.09655e+05 -3.32047e-02 -1.66280e+04 -1.65948e+04  0.00000e+00
3.794136249e+00 -3.3415695e-02  1.00595e+03  3.09655e+05 -3.34157e-02 -1.66280e+04 -1.65947e+04  0.00000e+00
3.795541484e+00 -3.3922118e-02  1.01201e+03  3.09655e+05 -3.39221e-02 -1.66280e+04 -1.65944e+04  0.00000e+00
3.796947240e+00 -3.3946600e-02  1.01039e+03  3.09655e+05 -3.39466e-02 -1.66280e+04 -1.65944e+04  0.00000e+00
3.798353517e+00 -3.3125721e-02  9.95345e+02  3.09655e+05 -3.31257e-02 -1.66280e+04 -1.65948e+04  0.00000e+00
3.799760315e+00 -3.5346956e-02  1.02828e+03  3.09655e+05 -3.53470e-02 -1.66280e+04 -1.65937e+04  0.00000e+00
3.801167633e+00 -3.2928634e-02  9.88267e+02  3.09655e+05 -3.29286e-02 -1.66280e+04 -1.65949e+04  0.00000e+00
3.802575473e+00 -3.4405255e-02  1.00958e+03  3.09655e+05 -3.44053e-02 -1.66280e+04 -1.65942e+04  0.00000e+00
3.803983835e+00 -3.3926075e-02  1.00009e+03  3.09655e+05 -3.39261e-02 -1.66280e+04 -1.65944e+04  0.00000e+00
3.805392718e+00 -3.5241302e-02  1.01851e+03  3.09655e+05 -3.52413e-02 -1.66280e+04 -1.65938e+04  0.00000e+00
3.806802122e+00 -3.5592137e-02  1.02187e+03  3.09655e+05 -3.55921e-02 -1.66280e+04 -1.65936e+04  0.00000e+00
3.808212049e+00 -3.5307207e-02  1.01549e+03  3.09655e+05 -3.53072e-02 -1.66280e+04 -1.65937e+04  0.00000e+00
3.809622498e+00 -3.4134761e-02  9.95443e+02  3.09655e+05 -3.41348e-02 -1.66280e+04 -1.65943e+04  0.00000e+00
3.811033469e+00 -3.5975896e-02  1.02164e+03  3.09655e+05 -3.59759e-02 -1.66280e+04 -1.65934e+04  0.00000e+00
3.812444963e+00 -3.5814910e-02  1.01718e+03  3.09655e+05 -3.58149e-02 -1.66280e+04 -1.65935e+04  0.00000e+00
3.813856980e+00 -3.3751216e-02  9.83640e+02  3.09655e+05 -3.37512e-02 -1.66280e+04 -1.65945e+04  0.00000e+00
3.815269519e+00 -3.6845094e-02  1.02859e+03  3.09655e+05 -3.68451e-02 -1.66280e+04 -1.65930e+04  0.00000e+00
3.816682582e+00 -3.5953892e-02  1.01326e+03  3.09655e+05 -3.59539e-02 -1.66280e+04 -1.65934e+04  0.00000e+00
3.818096168e+00 -3.4882244e-02  9.95110e+02  3.09655e+05 -3.48822e-02 -1.66280e+04 -1.65939e+04  0.00000e+00
3.819510278e+00 -3.6577901e-02  1.01855e+03  3.09655e+05 -3.65779e-02 -1.66280e+04 -1.65931e+04  0.00000e+00
3.820924911e+00 -3.5950544e-02  1.00722e+03  3.09655e+05 -3.59505e-02 -1.66280e+04 -1.65934e+04  0.00000e+00
3.822340069e+00 -3.5836487e-02  1.00354e+03  3.09655e+05 -3.58365e-02 -1.66280e+04 -1.65935e+04  0.00000e+00
3.823755750e+00 -3.7287345e-02  1.02295e+03  3.09655e+05 -3.72873e-02 -1.66280e+04 -1.65928e+04  0.00000e+00
3.825171956e+00 -3.6055916e-02  1.00285e+03  3.09655e+05 -3.60559e-02 -1.66280e+04 -1.65934e+04  0.00000e+00
3.826588686e+00 -3.8220328e-02  1.03244e+03  3.09655e+05 -3.82203e-02 -1.66280e+04 -1.65923e+04  0.00000e+00
3.828005942e+00 -3.7218770e-02  1.01593e+03  3.09655e+05 -3.72188e-02 -1.66280e+04 -1.65928e+04  0.00000e+00
3.829423721e+00 -3.7531650e-02  1.01846e+03  3.09655e+05 -3.75317e-02 -1.66280e+04 -1.65927e+04  0.00000e+00
3.830842027e+00 -3.8994275e-02  1.03739e+03  3.09655e+05 -3.89943e-02 -1.66280e+04 -1.65920e+04  0.00000e+00
3.832260857e+00 -3.7988514e-02  1.02102e+03  3.09655e+05 -3.79885e-02 -1.66280e+04 -1.65925e+04  0.00000e+00
3.833680213e+00 -3.6886843e-02  1.00318e+03  3.09655e+05 -3.68868e-02 -1.66280e+04 -1.65930e+04  0.00000e+00
3.835100094e+00 -3.8277237e-02  1.02113e+03  3.09655e+05 -3.82772e-02 -1.66280e+04 -1.65923e+04  0.00000e+00
3.836520502e+00 -3.8997971e-02  1.02931e+03  3.09655e+05 -3.89980e-02 -1.66280e+04 -1.65920e+04  0.00000e+00
3.837941435e+00 -3.7815632e-02  1.01058e+03  3.09655e+05 -3.78156e-02 -1.66280e+04 -1.65925e+04  0.00000e+00
3.839362895e+00 -3.7361148e-02  1.00213e+03  3.09655e+05 -3.73611e-02 -1.66280e+04 -1.65928e+04  0.00000e+00
3.840784881e+00 -3.8980713e-02  1.02302e+03  3.09655e+05 -3.89807e-02 -1.66280e+04 -1.65920e+04  0.00000e+00
3.842207394e+00 -3.7889642e-02  1.00570e+03  3.09655e+05 -3.78896e-02 -1.66280e+04 -1.65925e+04  0.00000e+00
3.843630434e+00 -3.7369038e-02  9.96372e+02  3.09655e+05 -3.73690e-02 -1.66280e+04 -1.65927e+04  0.00000e+00
3.845054001e+00 -3.7097903e-02  9.90584e+02  3.09655e+05 -3.70979e-02 -1.66280e+04 -1.65929e+04  0.00000e+00
3.846478095e+00 -3.9759749e-02  1.02580e+03  3.09655e+05 -3.97597e-02 -1.66280e+04 -1.65916e+04  0.00000e+00
3.847902717e+00 -3.8344900e-02  1.00422e+03  3.09655e+05 -3.83449e-02 -1.66280e+04 -1.65923e+04  0.00000e+00
3.849327866e+00 -4.0410090e-02  1.03067e+03  3.09655e+05 -4.04101e-02 -1.66280e+04 -1.65913e+04  0.00000e+00
3.850753543e+00 -4.0604703e-02  1.03130e+03  3.09655e+05 -4.06047e-02 -1.66280e+04 -1.65913e+04  0.00000e+00
3.852179748e+00 -3.9088867e-02  1.00862e+03  3.09655e+05 -3.90889e-02 -1.66280e+04 -1.65919e+04  0.00000e+00
3.853606481e+00 -4.0593999e-02  1.02713e+03  3.09655e+05 -4.05940e-02 -1.66280e+04 -1.65913e+04  0.00000e+00
3.855033743e+00 -3.8844594e-02  1.00135e+03  3.09655e+05 -3.88446e-02 -1.66280e+04 -1.65921e+04  0.00000e+00
3.856461533e+00 -3.9377997e-02  1.00668e+03  3.09655e+05 -3.93780e-02 -1.66280e+04 -1.65918e+04  0.00000e+00
3.857889852e+00 -4.0255423e-02  1.01658e+03  3.09655e+05 -4.02554e-02 -1.66280e+04 -1.65914e+04  0.00000e+00
3.859318700e+00 -3.8156117e-02  9.86098e+02  3.09655e+05 -3.81561e-02 -1.66280e+04 -1.65924e+04  0.00000e+00
3.860748077e+00 -3.7794420e-02  9.79216e+02  3.09655e+05 -3.77944e-02 -1.66280e+04 -1.65925e+04  0.00000e+00
3.862177984e+00 -3.9371927e-02  9.98792e+02  3.09655e+05 -3.93719e-02 -1.66280e+04 -1.65918e+04  0.00000e+00
3.863608420e+00 -4.1709453e-02  1.02795e+03  3.09655e+05 -4.17095e-02 -1.66280e+04 -1.65908e+04  0.00000e+00
3.865039386e+00 -4.0632542e-02  1.01175e+03  3.09655e+05 -4.06325e-02 -1.66280e+04 -1.65912e+04  0.00000e+00
3.866470882e+00 -4.1719476e-02  1.02409e+03  3.09655e+05 -4.17195e-02 -1.66280e+04 -1.65908e+04  0.00000e+00
3.867902909e+00 -4.0777990e-02  1.00975e+03  3.09655e+05 -4.07780e-02 -1.66280e+04 -1.65912e+04  0.00000e+00
3.869335465e+00 -4.1689137e-02  1.01972e+03  3.09655e+05 -4.16891e-02 -1.66280e+04 -1.65908e+04  0.00000e+00
3.870768553e+00 -4.1303218e-02  1.01271e+03  3.09655e+05 -4.13032e-02 -1.66280e+04 -1.65909e+04  0.00000e+00
3.872202171e+00 -4.2944302e-02  1.03197e+03  3.09655e+05 -4.29443e-02 -1.66280e+04 -1.65902e+04  0.00000e+00
3.873636319e+00 -4.2408035e-02  1.02309e+03  3.09655e+05 -4.24080e-02 -1.66280e+04 -1.65904e+04  0.00000e+00
3.875071000e+00 -4.1219441e-02  1.00575e+03  3.09655e+05 -4.12194e-02 -1.66280e+04 -1.65910e+04  0.00000e+00
3.876506211e+00 -4.0641594e-02  9.96292e+02  3.09655e+05 -4.06416e-02 -1.66280e+04 -1.65912e+04  0.00000e+00
3.877941954e+00 -4.1830246e-02  1.00974e+03  3.09655e+05 -4.18302e-02 -1.66280e+04 -1.65907e+04  0.00000e+00
3.879378229e+00 -4.2545284e-02  1.01693e+03  3.09655e+05 -4.25453e-02 -1.66280e+04 -1.65904e+04  0.00000e+00
3.880815036e+00 -4.1709017e-02  1.00429e+03  3.09655e+05 -4.17090e-02 -1.66280e+04 -1.65908e+04  0.00000e+00
3.882252375e+00 -4.2843419e-02  1.01678e+03  3.09655e+05 -4.28434e-02 -1.66280e+04 -1.65903e+04  0.00000e+00
3.883690246e+00 -4.0973191e-02  9.90990e+02  3.09655e+05 -4.09732e-02 -1.66280e+04 -1.65911e+04  0.00000e+00
3.885128650e+00 -4.1915834e-02  1.00112e+03  3.09655e+05 -4.19158e-02 -1.66280e+04 -1.65907e+04  0.00000e+00
3.886567586e+00 -4.2560466e-02  1.00735e+03  3.09655e+05 -4.25605e-02 -1.66280e+04 -1.65904e+04  0.00000e+00
3.888007056e+00 -4.4147339e-02  1.02522e+03  3.09655e+05 -4.41473e-02 -1.66280e+04 -1.65897e+04  0.00000e+00
3.889447058e+00 -4.2480554e-02  1.00246e+03  3.09655e+05 -4.24806e-02 -1.66280e+04 -1.65904e+04  0.00000e+00
3.890887594e+00 -4.5406605e-02  1.03671e+03  3.09655e+05 -4.54066e-02 -1.66280e+04 -1.65891e+04  0.00000e+00
3.892328664e+00 -4.6805535e-02  1.05163e+03  3.09655e+05 -4.68055e-02 -1.66280e+04 -1.65885e+04  0.00000e+00
3.893770267e+00 -4.3850031e-02  1.01368e+03  3.09655e+05 -4.38500e-02 -1.66280e+04 -1.65898e+04  0.00000e+00
3.895212404e+00 -4.3913729e-02  1.01251e+03  3.09655e+05 -4.39137e-02 -1.66280e+04 -1.65898e+04  0.00000e+00
3.896655075e+00 -4.3752497e-02  1.00858e+03  3.09655e+05 -4.37525e-02 -1.66280e+04 -1.65899e+04  0.00000e+00
3.898098281e+00 -4.6220776e-02  1.03655e+03  3.09655e+05 -4.62208e-02 -1.66280e+04 -1.65888e+04 -2.26405e-12
3.899542021e+00 -4.5766904e-02  1.02912e+03  3.09655e+05 -4.57669e-02 -1.66280e+04 -1.65890e+04  0.00000e+00
3.900986296e+00 -4.2792426e-02  9.91012e+02  3.09655e+05 -4.27924e-02 -1.66280e+04 -1.65903e+04  0.00000e+00
3.902431106e+00 -4.4774160e-02  1.01325e+03  3.09655e+05 -4.47742e-02 -1.66280e+04 -1.65894e+04  0.00000e+00
3.903876450e+00 -4.5650368e-02  1.02181e+03  3.09655e+05 -4.56504e-02 -1.66280e+04 -1.65890e+04  0.00000e+00
3.905322331e+00 -4.5725615e-02  1.02074e+03  3.09655e+05 -4.57256e-02 -1.66280e+04 -1.65890e+04  0.00000e+00
3.906768746e+00 -4.4915258e-02  1.00912e+03  3.09655e+05 -4.49153e-02 -1.66280e+04 -1.65894e+04  0.00000e+00
3.908215698e+00 -4.5780286e-02  1.01748e+03  3.09655e+05 -4.57803e-02 -1.66280e+04 -1.65890e+04  0.00000e+00
3.909663185e+00 -4.5991112e-02  1.01802e+03  3.09655e+05 -4.59911e-02 -1.66280e+04 -1.65889e+04  0.00000e+00
3.911111208e+00 -4.6872475e-02  1.02642e+03  3.09655e+05 -4.68725e-02 -1.66280e+04 -1.65885e+04  0.00000e+00
3.912559768e+00 -4.8222882e-02  1.04011e+03  3.09655e+05 -4.82229e-02 -1.66280e+04 -1.65880e+04  0.00000e+00
3.914008864e+00 -4.6742994e-02  1.02098e+03  3.09655e+05 -4.67430e-02 -1.66280e+04 -1.65886e+04  0.00000e+00
3.915458497e+00 -4.7126011e-02  1.02348e+03  3.09655e+05 -4.71260e-02 -1.66280e+04 -1.65884e+04  0.00000e+00
3.916908667e+00 -4.6986989e-02  1.01991e+03  3.09655e+05 -4.69870e-02 -1.66280e+04 -1.65885e+04  0.00000e+00
3.918359374e+00 -4.6109238e-02  1.00778e+03  3.09655e+05 -4.61092e-02 -1.66280e+04 -1.65888e+04  0.00000e+00
3.919810618e+00 -4.8714906e-02  1.03580e+03  3.09655e+05 -4.87149e-02 -1.66280e+04 -1.65878e+04  0.00000e+00
3.921262400e+00 -4.7075543e-02  1.01510e+03  3.09655e+05 -4.70755e-02 -1.66280e+04 -1.65884e+04  0.00000e+00
3.922714719e+00 -4.6245652e-02  1.00361e+03  3.09655e+05 -4.62457e-02 -1.66280e+04 -1.65888e+04  0.00000e+00
3.924167576e+00 -4.8566875e-02  1.02820e+03  3.09655e+05 -4.85669e-02 -1.66280e+04 -1.65878e+04  0.00000e+00
3.925620972e+00 -4.6078942e-02  9.97867e+02  3.09655e+05 -4.60789e-02 -1.66280e+04 -1.65889e+04  0.00000e+00
3.927074906e+00 -4.9006836e-02  1.02923e+03  3.09655e+05 -4.90068e-02 -1.66280e+04 -1.65876e+04  0.00000e+00
3.928529378e+00 -4.7594387e-02  1.01136e+03  3.09655e+05 -4.75944e-02 -1.66280e+04 -1.65882e+04  0.00000e+00
3.929984389e+00 -4.7083701e-02  1.00365e+03  3.09655e+05 -4.70837e-02 -1.66280e+04 -1.65884e+04  0.00000e+00
3.931439938e+00 -4.9937363e-02  1.03369e+03  3.09655e+05 -4.99374e-02 -1.66280e+04 -1.65872e+04  0.00000e+00
3.932896027e+00 -5.0848945e-02  1.04175e+03  3.09655e+05 -5.08489e-02 -1.66280e+04 -1.65869e+04  0.00000e+00
3.934352655e+00 -4.8725485e-02  1.01634e+03  3.09655e+05 -4.87255e-02 -1.66280e+04 -1.65877e+04  0.00000e+00
3.935809823e+00 -4.9809839e-02  1.02640e+03  3.09655e+05 -4.98098e-02 -1.66280e+04 -1.65873e+04  0.00000e+00
3.937267530e+00 -4.8179019e-02  1.00642e+03  3.09655e+05 -4.81790e-02 -1.66280e+04 -1.65880e+04  0.00000e+00
3.938725778e+00 -5.0701568e-02  1.03224e+03  3.09655e+05 -5.07016e-02 -1.66280e+04 -1.65869e+04  0.00000e+00
3.940184565e+00 -5.2212854e-02  1.04659e+03  3.09655e+05 -5.22129e-02 -1.66280e+04 -1.65863e+04  0.00000e+00
3.941643893e+00 -5.0386280e-02  1.02491e+03  3.09655e+05 -5.03863e-02 -1.66280e+04 -1.65871e+04  0.00000e+00
3.943103761e+00 -4.8002854e-02  9.96869e+02  3.09655e+05 -4.80029e-02 -1.66280e+04 -1.65880e+04  0.00000e+00
3.944564170e+00 -4.9833296e-02  1.01503e+03  3.09655e+05 -4.98333e-02 -1.66280e+04 -1.65873e+04  0.00000e+00
3.946025119e+00 -5.1354894e-02  1.02950e+03  3.09655e+05 -5.13549e-02 -1.66280e+04 -1.65867e+04  0.00000e+00
3.947486610e+00 -5.2014732e-02  1.03459e+03  3.09655e+05 -5.20147e-02 -1.66280e+04 -1.65864e+04  0.00000e+00
3.948948642e+00 -5.0495719e-02  1.01641e+03  3.09655e+05 -5.04957e-02 -1.66280e+04 -1.65870e+04  0.00000e+00
3.950411216e+00 -5.2493892e-02  1.03574e+03  3.09655e+05 -5.24939e-02 -1.66280e+04 -1.65862e+04  0.00000e+00
3.951874331e+00 -5.3859714e-02  1.04808e+03  3.09655e+05 -5.38597e-02 -1.66280e+04 -1.65857e+04  0.00000e+00
3.953337988e+00 -5.2029700e-02  1.02694e+03  3.09655e+05 -5.20297e-02 -1.66280e+04 -1.65864e+04  0.00000e+00
3.954802187e+00 -5.3331760e-02  1.03863e+03  3.09655e+05 -5.33318e-02 -1.66280e+04 -1.65859e+04  0.00000e+00
3.956266929e+00 -5.2503211e-02  1.02803e+03  3.09655e+05 -5.25032e-02 -1.66280e+04 -1.65862e+04  0.00000e+00
3.957732213e+00 -5.3472053e-02  1.03616e+03  3.09655e+05 -5.34721e-02 -1.66280e+04 -1.65858e+04  0.00000e+00
3.959198040e+00 -5.2797881e-02  1.02722e+03  3.09655e+05 -5.27979e-02 -1.66280e+04 -1.65861e+04  0.00000e+00
3.960664409e+00 -5.2125004e-02  1.01828e+03  3.09655e+05 -5.21250e-02 -1.66280e+04 -1.65864e+04  0.00000e+00
3.962131322e+00 -5.3862321e-02  1.03432e+03  3.09655e+05 -5.38623e-02 -1.66280e+04 -1.65857e+04  0.00000e+00
3.963598778e+00 -5.5978582e-02  1.05388e+03  3.09655e+05 -5.59786e-02 -1.66280e+04 -1.65849e+04  0.00000e+00
3.965066778e+00 -5.4268991e-02  1.03458e+03  3.09655e+05 -5.42690e-02 -1.66280e+04 -1.65855e+04  0.00000e+00
3.966535321e+00 -5.5449833e-02  1.04458e+03  3.09655e+05 -5.54498e-02 -1.66280e+04 -1.65851e+04  0.00000e+00
3.968004408e+00 -5.3359463e-02  1.02142e+03  3.09655e+05 -5.33595e-02 -1.66280e+04 -1.65859e+04  0.00000e+00
3.969474039e+00 -5.4045117e-02  1.02648e+03  3.09655e+05 -5.40451e-02 -1.66280e+04 -1.65856e+04  0.00000e+00
3.970944215e+00 -5.6031394e-02  1.04451e+03  3.09655e+05 -5.60314e-02 -1.66280e+04 -1.65848e+04  0.00000e+00
3.972414935e+00 -5.4535200e-02  1.02757e+03  3.09655e+05 -5.45352e-02 -1.66280e+04 -1.65854e+04  0.00000e+00
3.973886200e+00 -5.4350174e-02  1.02378e+03  3.09655e+05 -5.43502e-02 -1.66280e+04 -1.65855e+04  0.00000e+00
3.975358009e+00 -5.5714003e-02  1.03548e+03  3.09655e+05 -5.57140e-02 -1.66280e+04 -1.65850e+04  0.00000e+00
3.976830364e+00 -5.5410165e-02  1.03052e+03  3.09655e+05 -5.54102e-02 -1.66280e+04 -1.65851e+04  0.00000e+00
3.978303264e+00 -5.9513161e-02  1.06869e+03  3.09655e+05 -5.95132e-02 -1.66280e+04 -1.65835e+04  0.00000e+00
3.979776710e+00 -5.7365800e-02  1.04588e+03  3.09655e+05 -5.73658e-02 -1.66280e+04 -1.65843e+04  0.00000e+00
3.981250701e+00 -5.9691503e-02  1.06638e+03  3.09655e+05 -5.96915e-02 -1.66280e+04 -1.65834e+04  0.00000e+00
3.982725239e+00 -5.7660106e-02  1.04482e+03  3.09655e+05 -5.76601e-02 -1.66280e+04 -1.65842e+04  0.00000e+00
3.984200322e+00 -5.8051708e-02  1.04665e+03  3.09655e+05 -5.80517e-02 -1.66280e+04 -1.65841e+04  0.00000e+00
3.985675952e+00 -5.8627175e-02  1.05022e+03  3.09655e+05 -5.86272e-02 -1.66280e+04 -1.65838e+04  0.00000e+00
3.987152128e+00 -5.8062003e-02  1.04283e+03  3.09655e+05 -5.80620e-02 -1.66280e+04 -1.65841e+04  0.00000e+00
3.988628851e+00 -5.8788544e-02  1.04783e+03  3.09655e+05 -5.87885e-02 -1.66280e+04 -1.65838e+04  0.00000e+00
3.990106121e+00 -5.9399698e-02  1.05168e+03  3.09655e+05 -5.93997e-02 -1.66280e+04 -1.65836e+04  0.00000e+00
3.991583938e+00 -6.0892347e-02  1.06376e+03  3.09655e+05 -6.08923e-02 -1.66280e+04 -1.65830e+04  0.00000e+00
3.993062303e+00 -5.8899954e-02  1.04302e+03  3.09655e+05 -5.89000e-02 -1.66280e+04 -1.65837e+04  0.00000e+00
3.994541215e+00 -5.9135876e-02  1.04330e+03  3.09655e+05 -5.91359e-02 -1.66280e+04 -1.65837e+04  0.00000e+00
3.996020674e+00 -5.9264558e-02  1.04256e+03  3.09655e+05 -5.92646e-02 -1.66280e+04 -1.65836e+04  0.00000e+00
3.997500682e+00 -5.9552998e-02  1.04333e+03  3.09655e+05 -5.95530e-02 -1.66280e+04 -1.65835e+04  0.00000e+00
3.998981238e+00 -6.4268895e-02  1.08483e+03  3.09655e+05 -6.42689e-02 -1.66280e+04 -1.65818e+04  0.00000e+00
4.000462342e+00 -5.9825505e-02  1.04198e+03  3.09655e+05 -5.98255e-02 -1.66280e+04 -1.65834e+04  0.00000e+00
4.001943995e+00 -6.1747874e-02  1.05781e+03  3.09655e+05 -6.17479e-02 -1.66280e+04 -1.65827e+04  0.00000e+00
4.003426196e+00 -5.9259417e-02  1.03284e+03  3.09655e+05 -5.92594e-02 -1.66280e+04 -1.65836e+04  0.00000e+00
4.004908947e+00 -5.9951845e-02  1.03734e+03  3.09655e+05 -5.99518e-02 -1.66280e+04 -1.65833e+04  0.00000e+00
4.006392246e+00 -6.1989193e-02  1.05411e+03  3.09655e+05 -6.19892e-02 -1.66280e+04 -1.65826e+04 -2.26405e-12
4.007876095e+00 -6.4161414e-02  1.07176e+03  3.09655e+05 -6.41614e-02 -1.66280e+04 -1.65818e+04  0.00000e+00
4.009360494e+00 -6.1960888e-02  1.04993e+03  3.09655e+05 -6.19609e-02 -1.66280e+04 -1.65826e+04  0.00000e+00
4.010845442e+00 -6.1250259e-02  1.04153e+03  3.09655e+05 -6.12503e-02 -1.66280e+04 -1.65829e+04  0.00000e+00
4.012330940e+00 -6.1365218e-02  1.04064e+03  3.09655e+05 -6.13652e-02 -1.66280e+04 -1.65828e+04  0.00000e+00
4.013816989e+00 -6.4171649e-02  1.06390e+03  3.09655e+05 -6.41716e-02 -1.66280e+04 -1.65818e+04  0.00000e+00
4.015303588e+00 -6.3418566e-02  1.05522e+03  3.09655e+05 -6.34186e-02 -1.66280e+04 -1.65821e+04 -2.26405e-12
4.016790737e+00 -6.4524244e-02  1.06307e+03  3.09655e+05 -6.45242e-02 -1.66280e+04 -1.65817e+04  0.00000e+00
4.018278438e+00 -6.3232348e-02  1.04965e+03  3.09655e+05 -6.32323e-02 -1.66280e+04 -1.65821e+04  0.00000e+00
4.019766689e+00 -6.6874272e-02  1.07966e+03  3.09655e+05 -6.68743e-02 -1.66280e+04 -1.65808e+04  0.00000e+00
4.021255491e+00 -6.2683761e-02  1.04090e+03  3.09655e+05 -6.26838e-02 -1.66280e+04 -1.65823e+04 -2.26405e-12
4.022744845e+00 -6.3700651e-02  1.04796e+03  3.09655e+05 -6.37007e-02 -1.66280e+04 -1.65820e+04  0.00000e+00
4.024234751e+00 -6.6454155e-02  1.07003e+03  3.09655e+05 -6.64542e-02 -1.66280e+04 -1.65810e+04  0.00000e+00
4.025725208e+00 -6.6834769e-02  1.07133e+03  3.09655e+05 -6.68348e-02 -1.66280e+04 -1.65809e+04  0.00000e+00
4.027216217e+00 -6.3263254e-02  1.03832e+03  3.09655e+05 -6.32633e-02 -1.66280e+04 -1.65821e+04  0.00000e+00
4.028707779e+00 -6.6305358e-02  1.06282e+03  3.09655e+05 -6.63054e-02 -1.66280e+04 -1.65810e+04  0.00000e+00
4.030199893e+00 -6.9203890e-02  1.08551e+03  3.09655e+05 -6.92039e-02 -1.66280e+04 -1.65800e+04  0.00000e+00
4.031692559e+00 -6.7100895e-02  1.06569e+03  3.09655e+05 -6.71009e-02 -1.66280e+04 -1.65808e+04  0.00000e+00
4.033185779e+00 -6.5770863e-02  1.05236e+03  3.09655e+05 -6.57709e-02 -1.66280e+04 -1.65812e+04  0.00000e+00
4.034679551e+00 -6.6544487e-02  1.05702e+03  3.09655e+05 -6.65445e-02 -1.66280e+04 -1.65810e+04  0.00000e+00
4.036173877e+00 -6.7374193e-02  1.06211e+03  3.09655e+05 -6.73742e-02 -1.66280e+04 -1.65807e+04  0.00000e+00
4.037668756e+00 -6.7943173e-02  1.06494e+03  3.09655e+05 -6.79432e-02 -1.66280e+04 -1.65805e+04  0.00000e+00
4.039164189e+00 -6.5792221e-02  1.04480e+03  3.09655e+05 -6.57922e-02 -1.66280e+04 -1.65812e+04  0.00000e+00
4.040660176e+00 -7.1941622e-02  1.09413e+03  3.09655e+05 -7.19416e-02 -1.66280e+04 -1.65791e+04  0.00000e+00
4.042156717e+00 -6.9707586e-02  1.07374e+03  3.09655e+05 -6.97076e-02 -1.66280e+04 -1.65799e+04  0.00000e+00
4.043653812e+00 -7.0806131e-02  1.08081e+03  3.09655e+05 -7.08061e-02 -1.66280e+04 -1.65795e+04  0.00000e+00
4.045151461e+00 -7.0223783e-02  1.07404e+03  3.09655e+05 -7.02238e-02 -1.66280e+04 -1.65797e+04  0.00000e+00
4.046649666e+00 -6.8185096e-02  1.05524e+03  3.09655e+05 -6.81851e-02 -1.66280e+04 -1.65804e+04  0.00000e+00
4.048148425e+00 -7.3113701e-02  1.09355e+03  3.09655e+05 -7.31137e-02 -1.66280e+04 -1.65787e+04  0.00000e+00
4.049647739e+00 -7.1261307e-02  1.07657e+03  3.09655e+05 -7.12613e-02 -1.66280e+04 -1.65793e+04  0.00000e+00
4.051147609e+00 -7.2534980e-02  1.08487e+03  3.09655e+05 -7.25350e-02 -1.66280e+04 -1.65789e+04  0.00000e+00
4.052648034e+00 -7.1839806e-02  1.07728e+03  3.09655e+05 -7.18398e-02 -1.66280e+04 -1.65791e+04  0.00000e+00
4.054149014e+00 -6.9645486e-02  1.05754e+03  3.09655e+05 -6.96455e-02 -1.66280e+04 -1.65799e+04  0.00000e+00
4.055650551e+00 -7.0014790e-02  1.05860e+03  3.09655e+05 -7.00148e-02 -1.66280e+04 -1.65797e+04  0.00000e+00
4.057152644e+00 -7.0020964e-02  1.05671e+03  3.09655e+05 -7.00210e-02 -1.66280e+04 -1.65797e+04  0.00000e+00
4.058655293e+00 -7.4938859e-02  1.09396e+03  3.09655e+05 -7.49389e-02 -1.66280e+04 -1.65781e+04  0.00000e+00
4.060158499e+00 -7.4072108e-02  1.08514e+03  3.09655e+05 -7.40721e-02 -1.66280e+04 -1.65784e+04  0.00000e+00
4.061662261e+00 -7.8360872e-02  1.11649e+03  3.09655e+05 -7.83609e-02 -1.66280e+04 -1.65770e+04  0.00000e+00
4.063166580e+00 -7.8186943e-02  1.11311e+03  3.09655e+05 -7.81869e-02 -1.66280e+04 -1.65770e+04  0.00000e+00
4.064671457e+00 -7.3428156e-02  1.07412e+03  3.09655e+05 -7.34282e-02 -1.66280e+04 -1.65786e+04  0.00000e+00
4.066176891e+00 -6.9100175e-02  1.03778e+03  3.09655e+05 -6.91002e-02 -1.66280e+04 -1.65801e+04  0.00000e+00
4.067682882e+00 -7.3664699e-02  1.07205e+03  3.09655e+05 -7.36647e-02 -1.66280e+04 -1.65785e+04  0.00000e+00
4.069189431e+00 -7.4320679e-02  1.07520e+03  3.09655e+05 -7.43207e-02 -1.66280e+04 -1.65783e+04  0.00000e+00
4.070696539e+00 -7.6013592e-02  1.08631e+03  3.09655e+05 -7.60136e-02 -1.66280e+04 -1.65777e+04  0.00000e+00
4.072204204e+00 -7.4275504e-02  1.07092e+03  3.09655e+05 -7.42755e-02 -1.66280e+04 -1.65783e+04  0.00000e+00
4.073712428e+00 -7.7610884e-02  1.09453e+03  3.09655e+05 -7.76109e-02 -1.66280e+04 -1.65772e+04  0.00000e+00
4.075221210e+00 -7.8238800e-02  1.09728e+03  3.09655e+05 -7.82388e-02 -1.66280e+04 -1.65770e+04  0.00000e+00
4.076730551e+00 -8.0748736e-02  1.11408e+03  3.09655e+05 -8.07487e-02 -1.66280e+04 -1.65762e+04  0.00000e+00
4.078240452e+00 -7.9041802e-02  1.09930e+03  3.09655e+05 -7.90418e-02 -1.66280e+04 -1.65767e+04  0.00000e+00
4.079750911e+00 -8.0883894e-02  1.11101e+03  3.09655e+05 -8.08839e-02 -1.66280e+04 -1.65761e+04  0.00000e+00
4.081261930e+00 -7.7898608e-02  1.08673e+03  3.09655e+05 -7.78986e-02 -1.66280e+04 -1.65771e+04  0.00000e+00
4.082773508e+00 -8.1225735e-02  1.10948e+03  3.09655e+05 -8.12257e-02 -1.66280e+04 -1.65760e+04  0.00000e+00
4.084285647e+00 -8.1527824e-02  1.10967e+03  3.09655e+05 -8.15278e-02 -1.66280e+04 -1.65759e+04  0.00000e+00
4.085798345e+00 -8.4099746e-02  1.12638e+03  3.09655e+05 -8.40997e-02 -1.66280e+04 -1.65751e+04  0.00000e+00
4.087311604e+00 -8.2034087e-02  1.10933e+03  3.09655e+05 -8.20341e-02 -1.66280e+04 -1.65758e+04  0.00000e+00
4.088825423e+00 -8.2701905e-02  1.11216e+03  3.09655e+05 -8.27019e-02 -1.66280e+04 -1.65756e+04  0.00000e+00
4.090339803e+00 -8.0886332e-02  1.09692e+03  3.09655e+05 -8.08863e-02 -1.66280e+04 -1.65761e+04  0.00000e+00
4.091854743e+00 -8.3607449e-02  1.11464e+03  3.09655e+05 -8.36074e-02 -1.66280e+04 -1.65753e+04  0.00000e+00
4.093370245e+00 -7.9954738e-02  1.08614e+03  3.09655e+05 -7.99547e-02 -1.66280e+04 -1.65764e+04  0.00000e+00
4.094886308e+00 -8.0226431e-02  1.08615e+03  3.09655e+05 -8.02264e-02 -1.66280e+04 -1.65763e+04  0.00000e+00
4.096402933e+00 -8.3246390e-02  1.10598e+03  3.09655e+05 -8.32464e-02 -1.66280e+04 -1.65754e+04  0.00000e+00
4.097920119e+00 -8.4414677e-02  1.11230e+03  3.09655e+05 -8.44147e-02 -1.66280e+04 -1.65750e+04  0.00000e+00
4.099437867e+00 -8.4043250e-02  1.10764e+03  3.09655e+05 -8.40432e-02 -1.66280e+04 -1.65751e+04  0.00000e+00
4.100956177e+00 -7.9720858e-02  1.07463e+03  3.09655e+05 -7.97209e-02 -1.66280e+04 -1.65765e+04  0.00000e+00
4.102475050e+00 -8.6405515e-02  1.12026e+03  3.09655e+05 -8.64055e-02 -1.66280e+04 -1.65744e+04  0.00000e+00
4.103994485e+00 -8.1935440e-02  1.08665e+03  3.09655e+05 -8.19354e-02 -1.66280e+04 -1.65758e+04  0.00000e+00
4.105514483e+00 -8.0442211e-02  1.07400e+03  3.09655e+05 -8.04422e-02 -1.66280e+04 -1.65763e+04  0.00000e+00
4.107035044e+00 -8.3860804e-02  1.09635e+03  3.09655e+05 -8.38608e-02 -1.66280e+04 -1.65752e+04  0.00000e+00
4.108556168e+00 -8.4643061e-02  1.09986e+03  3.09655e+05 -8.46431e-02 -1.66280e+04 -1.65749e+04  0.00000e+00
4.110077856e+00 -9.1825426e-02  1.14727e+03  3.09655e+05 -9.18254e-02 -1.66280e+04 -1.65727e+04  0.00000e+00
4.111600107e+00 -8.6547083e-02  1.10911e+03  3.09655e+05 -8.65471e-02 -1.66280e+04 -1.65744e+04  0.00000e+00
4.113122922e+00 -8.1156086e-02  1.06941e+03  3.09655e+05 -8.11561e-02 -1.66280e+04 -1.65760e+04  0.00000e+00
4.114646301e+00 -8.8912468e-02  1.12131e+03  3.09655e+05 -8.89125e-02 -1.66280e+04 -1.65736e+04  0.00000e+00
4.116170244e+00 -8.6215532e-02  1.10083e+03  3.09655e+05 -8.62155e-02 -1.66280e+04 -1.65745e+04  0.00000e+00
4.117694751e+00 -9.2026917e-02  1.13826e+03  3.09655e+05 -9.20269e-02 -1.66280e+04 -1.65727e+04  0.00000e+00
4.119219823e+00 -8.5830712e-02  1.09422e+03  3.09655e+05 -8.58307e-02 -1.66280e+04 -1.65746e+04  0.00000e+00
4.120745460e+00 -8.8636134e-02  1.11136e+03  3.09655e+05 -8.86361e-02 -1.66280e+04 -1.65737e+04  0.00000e+00
4.122271662e+00 -8.6331183e-02  1.09370e+03  3.09655e+05 -8.63312e-02 -1.66280e+04 -1.65744e+04  0.00000e+00
4.123798430e+00 -9.3205431e-02  1.13786e+03  3.09655e+05 -9.32054e-02 -1.66280e+04 -1.65723e+04  0.00000e+00
4.125325762e+00 -8.4998677e-02  1.08067e+03  3.09655e+05 -8.49987e-02 -1.66280e+04 -1.65748e+04  0.00000e+00
4.126853661e+00 -8.4128812e-02  1.07278e+03  3.09655e+05 -8.41288e-02 -1.66280e+04 -1.65751e+04  0.00000e+00
4.128382125e+00 -9.2960254e-02  1.13009e+03  3.09655e+05 -9.29603e-02 -1.66280e+04 -1.65724e+04  0.00000e+00
4.129911155e+00 -9.2371342e-02  1.12419e+03  3.09655e+05 -9.23713e-02 -1.66280e+04 -1.65726e+04  0.00000e+00
4.131440752e+00 -9.0941013e-02  1.11274e+03  3.09655e+05 -9.09410e-02 -1.66280e+04 -1.65730e+04  0.00000e+00
4.132970915e+00 -9.8528679e-02  1.15998e+03  3.09655e+05 -9.85287e-02 -1.66280e+04 -1.65708e+04  0.00000e+00
4.134501645e+00 -8.4381748e-02  1.06491e+03  3.09655e+05 -8.43817e-02 -1.66280e+04 -1.65750e+04  0.00000e+00
4.136032942e+00 -8.9381050e-02  1.09646e+03  3.09655e+05 -8.93811e-02 -1.66280e+04 -1.65735e+04  0.00000e+00
4.137564806e+00 -9.3989755e-02  1.12462e+03  3.09655e+05 -9.39898e-02 -1.66280e+04 -1.65721e+04  0.00000e+00
4.139097238e+00 -9.5629328e-02  1.13315e+03  3.09655e+05 -9.56293e-02 -1.66280e+04 -1.65716e+04  0.00000e+00
4.140630237e+00 -9.6393009e-02  1.13600e+03  3.09655e+05 -9.63930e-02 -1.66280e+04 -1.65714e+04  0.00000e+00
4.142163803e+00 -8.6310194e-02  1.06833e+03  3.09655e+05 -8.63102e-02 -1.66280e+04 -1.65744e+04  0.00000e+00
4.143697938e+00 -9.2651582e-02  1.10795e+03  3.09655e+05 -9.26516e-02 -1.66280e+04 -1.65725e+04  0.00000e+00
4.145232641e+00 -9.8226953e-02  1.14148e+03  3.09655e+05 -9.82270e-02 -1.66280e+04 -1.65708e+04  0.00000e+00
4.146767913e+00 -9.3508176e-02  1.10949e+03  3.09655e+05 -9.35082e-02 -1.66280e+04 -1.65722e+04  0.00000e+00
4.148303752e+00 -8.9839306e-02  1.08385e+03  3.09655e+05 -8.98393e-02 -1.66280e+04 -1.65733e+04  0.00000e+00
4.149840161e+00 -9.5097563e-02  1.11563e+03  3.09655e+05 -9.50976e-02 -1.66280e+04 -1.65718e+04  0.00000e+00
4.151377139e+00 -9.7018338e-02  1.12574e+03  3.09655e+05 -9.70183e-02 -1.66280e+04 -1.65712e+04  0.00000e+00
4.152914686e+00 -9.1882631e-02  1.09120e+03  3.09655e+05 -9.18826e-02 -1.66280e+04 -1.65727e+04  0.00000e+00
4.154452803e+00 -9.4593609e-02  1.10648e+03  3.09655e+05 -9.45936e-02 -1.66280e+04 -1.65719e+04  0.00000e+00
4.155991489e+00 -9.7727624e-02  1.12414e+03  3.09655e+05 -9.77276e-02 -1.66280e+04 -1.65710e+04  0.00000e+00
4.157530745e+00 -1.0281017e-01  1.15338e+03  3.09655e+05 -1.02810e-01 -1.66280e+04 -1.65695e+04  0.00000e+00
4.159070571e+00 -9.9099531e-02  1.12860e+03  3.09655e+05 -9.90995e-02 -1.66280e+04 -1.65706e+04  0.00000e+00
4.160610968e+00 -9.9721064e-02  1.13041e+03  3.09655e+05 -9.97211e-02 -1.66280e+04 -1.65704e+04  0.00000e+00
4.162151935e+00 -1.0206332e-01  1.14267e+03  3.09655e+05 -1.02063e-01 -1.66280e+04 -1.65697e+04  0.00000e+00
4.163693473e+00 -9.9459617e-02  1.12478e+03  3.09655e+05 -9.94596e-02 -1.66280e+04 -1.65705e+04  0.00000e+00
4.165235581e+00 -1.0282310e-01  1.14318e+03  3.09655e+05 -1.02823e-01 -1.66280e+04 -1.65695e+04  0.00000e+00
4.166778261e+00 -1.0046884e-01  1.12691e+03  3.09655e+05 -1.00469e-01 -1.66280e+04 -1.65702e+04  0.00000e+00
4.168321512e+00 -9.8758254e-02  1.11451e+03  3.09655e+05 -9.87583e-02 -1.66280e+04 -1.65707e+04  0.00000e+00
4.169865335e+00 -1.0105916e-01  1.12647e+03  3.09655e+05 -1.01059e-01 -1.66280e+04 -1.65700e+04  0.00000e+00
4.171409730e+00 -1.0206822e-01  1.13053e+03  3.09655e+05 -1.02068e-01 -1.66280e+04 -1.65697e+04  0.00000e+00
4.172954696e+00 -1.0219063e-01  1.12925e+03  3.09655e+05 -1.02191e-01 -1.66280e+04 -1.65697e+04  0.00000e+00
4.174500235e+00 -9.8346370e-02  1.10411e+03  3.09655e+05 -9.83464e-02 -1.66280e+04 -1.65708e+04  0.00000e+00
4.176046346e+00 -1.0133942e-01  1.12016e+03  3.09655e+05 -1.01339e-01 -1.66280e+04 -1.65699e+04  0.00000e+00
4.177593030e+00 -1.0308312e-01  1.12854e+03  3.09655e+05 -1.03083e-01 -1.66280e+04 -1.65694e+04  0.00000e+00
4.179140287e+00 -1.0520066e-01  1.13901e+03  3.09655e+05 -1.05201e-01 -1.66280e+04 -1.65689e+04  0.00000e+00
4.180688116e+00 -1.0074842e-01  1.11069e+03  3.09655e+05 -1.00748e-01 -1.66280e+04 -1.65701e+04  0.00000e+00
4.182236519e+00 -1.0190216e-01  1.11557e+03  3.09655e+05 -1.01902e-01 -1.66280e+04 -1.65698e+04  0.00000e+00
4.183785496e+00 -1.0221889e-01  1.11546e+03  3.09655e+05 -1.02219e-01 -1.66280e+04 -1.65697e+04  0.00000e+00
4.185335046e+00 -1.1568763e-01  1.19087e+03  3.09655e+05 -1.15688e-01 -1.66280e+04 -1.65660e+04  0.00000e+00
4.186885170e+00 -1.0488590e-01  1.12712e+03  3.09655e+05 -1.04886e-01 -1.66280e+04 -1.65689e+04  0.00000e+00
4.188435868e+00 -1.0564488e-01  1.12952e+03  3.09655e+05 -1.05645e-01 -1.66280e+04 -1.65687e+04  0.00000e+00
4.189987141e+00 -1.0807376e-01  1.14150e+03  3.09655e+05 -1.08074e-01 -1.66280e+04 -1.65680e+04  0.00000e+00
4.191538988e+00 -1.0177052e-01  1.10302e+03  3.09655e+05 -1.01771e-01 -1.66280e+04 -1.65698e+04  0.00000e+00
4.193091410e+00 -1.0544503e-01  1.12239e+03  3.09655e+05 -1.05445e-01 -1.66280e+04 -1.65688e+04  0.00000e+00
4.194644407e+00 -1.0752745e-01  1.13234e+03  3.09655e+05 -1.07527e-01 -1.66280e+04 -1.65682e+04  0.00000e+00
4.196197979e+00 -1.0074716e-01  1.09123e+03  3.09655e+05 -1.00747e-01 -1.66280e+04 -1.65701e+04  0.00000e+00
4.197752126e+00 -1.0975041e-01  1.14092e+03  3.09655e+05 -1.09750e-01 -1.66280e+04 -1.65676e+04  0.00000e+00
4.199306849e+00 -1.1291626e-01  1.15662e+03  3.09655e+05 -1.12916e-01 -1.66280e+04 -1.65667e+04  0.00000e+00
4.200862148e+00 -1.0309661e-01  1.09907e+03  3.09655e+05 -1.03097e-01 -1.66280e+04 -1.65694e+04  0.00000e+00
4.202418023e+00 -1.0778077e-01  1.12381e+03  3.09655e+05 -1.07781e-01 -1.66280e+04 -1.65681e+04  0.00000e+00
4.203974474e+00 -1.1328305e-01  1.15253e+03  3.09655e+05 -1.13283e-01 -1.66280e+04 -1.65666e+04  0.00000e+00
4.205531502e+00 -1.1411817e-01  1.15510e+03  3.09655e+05 -1.14118e-01 -1.66280e+04 -1.65664e+04  0.00000e+00
4.207089106e+00 -1.1153623e-01  1.13883e+03  3.09655e+05 -1.11536e-01 -1.66280e+04 -1.65671e+04  0.00000e+00
4.208647287e+00 -1.0424261e-01  1.09597e+03  3.09655e+05 -1.04243e-01 -1.66280e+04 -1.65691e+04  0.00000e+00
4.210206045e+00 -1.1624885e-01  1.16060e+03  3.09655e+05 -1.16249e-01 -1.66280e+04 -1.65658e+04  0.00000e+00
4.211765381e+00 -1.0636869e-01  1.10411e+03  3.09655e+05 -1.06369e-01 -1.66280e+04 -1.65685e+04  0.00000e+00
4.213325294e+00 -1.1906075e-01  1.17164e+03  3.09655e+05 -1.19061e-01 -1.66280e+04 -1.65651e+04  0.00000e+00
4.214885785e+00 -1.1439911e-01  1.14447e+03  3.09655e+05 -1.14399e-01 -1.66280e+04 -1.65663e+04  0.00000e+00
4.216446854e+00 -1.1519860e-01  1.14678e+03  3.09655e+05 -1.15199e-01 -1.66280e+04 -1.65661e+04  0.00000e+00
4.218008501e+00 -1.1785614e-01  1.15904e+03  3.09655e+05 -1.17856e-01 -1.66280e+04 -1.65654e+04  0.00000e+00
4.219570726e+00 -1.1333289e-01  1.13268e+03  3.09655e+05 -1.13333e-01 -1.66280e+04 -1.65666e+04  0.00000e+00
4.221133530e+00 -1.2028859e-01  1.16787e+03  3.09655e+05 -1.20289e-01 -1.66280e+04 -1.65648e+04  0.00000e+00
4.222696913e+00 -1.1770844e-01  1.15215e+03  3.09655e+05 -1.17708e-01 -1.66280e+04 -1.65654e+04  0.00000e+00
4.224260875e+00 -1.1114017e-01  1.11488e+03  3.09655e+05 -1.11140e-01 -1.66280e+04 -1.65672e+04  0.00000e+00
4.225825416e+00 -1.0836035e-01  1.09780e+03  3.09655e+05 -1.08360e-01 -1.66280e+04 -1.65680e+04  0.00000e+00
4.227390536e+00 -1.1731349e-01  1.14401e+03  3.09655e+05 -1.17313e-01 -1.66280e+04 -1.65655e+04  0.00000e+00
4.228956236e+00 -1.1978599e-01  1.15502e+03  3.09655e+05 -1.19786e-01 -1.66280e+04 -1.65649e+04  0.00000e+00
4.230522516e+00 -1.1603239e-01  1.13324e+03  3.09655e+05 -1.16032e-01 -1.66280e+04 -1.65659e+04  0.00000e+00
4.232089377e+00 -1.1785286e-01  1.14086e+03  3.09655e+05 -1.17853e-01 -1.66280e+04 -1.65654e+04  0.00000e+00
4.233656817e+00 -1.1586795e-01  1.12842e+03  3.09655e+05 -1.15868e-01 -1.66280e+04 -1.65659e+04  0.00000e+00
4.235224838e+00 -1.1250587e-01  1.10863e+03  3.09655e+05 -1.12506e-01 -1.66280e+04 -1.65668e+04  0.00000e+00
4.236793440e+00 -1.1599248e-01  1.12514e+03  3.09655e+05 -1.15992e-01 -1.66280e+04 -1.65659e+04  0.00000e+00
4.238362623e+00 -1.1772111e-01  1.13222e+03  3.09655e+05 -1.17721e-01 -1.66280e+04 -1.65654e+04  0.00000e+00
4.239932387e+00 -1.1740692e-01  1.12861e+03  3.09655e+05 -1.17407e-01 -1.66280e+04 -1.65655e+04  0.00000e+00
4.241502732e+00 -1.2515043e-01  1.16641e+03  3.09655e+05 -1.25150e-01 -1.66280e+04 -1.65635e+04  0.00000e+00
4.243073659e+00 -1.2407222e-01  1.15891e+03  3.09655e+05 -1.24072e-01 -1.66280e+04 -1.65638e+04  0.00000e+00
4.244645168e+00 -1.2476886e-01  1.16041e+03  3.09655e+05 -1.24769e-01 -1.66280e+04 -1.65636e+04  0.00000e+00
4.246217258e+00 -1.2463474e-01  1.15771e+03  3.09655e+05 -1.24635e-01 -1.66280e+04 -1.65636e+04  0.00000e+00
4.247789931e+00 -1.2749312e-01  1.17004e+03  3.09655e+05 -1.27493e-01 -1.66280e+04 -1.65629e+04  0.00000e+00
4.249363187e+00 -1.2125560e-01  1.13659e+03  3.09655e+05 -1.21256e-01 -1.66280e+04 -1.65645e+04  0.00000e+00
4.250937025e+00 -1.2823256e-01  1.16964e+03  3.09655e+05 -1.28233e-01 -1.66280e+04 -1.65627e+04  0.00000e+00
4.252511446e+00 -1.3141589e-01  1.18331e+03  3.09655e+05 -1.31416e-01 -1.66280e+04 -1.65619e+04  0.00000e+00
4.254086451e+00 -1.2949981e-01  1.17183e+03  3.09655e+05 -1.29500e-01 -1.66280e+04 -1.65624e+04  0.00000e+00
4.255662038e+00 -1.2427145e-01  1.14386e+03  3.09655e+05 -1.24271e-01 -1.66280e+04 -1.65637e+04  0.00000e+00
4.257238209e+00 -1.2403684e-01  1.14071e+03  3.09655e+05 -1.24037e-01 -1.66280e+04 -1.65638e+04  0.00000e+00
4.258814964e+00 -1.2910398e-01  1.16378e+03  3.09655e+05 -1.29104e-01 -1.66280e+04 -1.65625e+04  0.00000e+00
4.260392303e+00 -1.3285720e-01  1.18004e+03  3.09655e+05 -1.32857e-01 -1.66280e+04 -1.65615e+04  0.00000e+00
4.261970226e+00 -1.2772452e-01  1.15299e+03  3.09655e+05 -1.27725e-01 -1.66280e+04 -1.65628e+04  0.00000e+00
4.263548734e+00 -1.2564800e-01  1.14078e+03  3.09655e+05 -1.25648e-01 -1.66280e+04 -1.65634e+04  0.00000e+00
4.265127826e+00 -1.2924020e-01  1.15639e+03  3.09655e+05 -1.29240e-01 -1.66280e+04 -1.65624e+04  0.00000e+00
4.266707503e+00 -1.3136550e-01  1.16467e+03  3.09655e+05 -1.31365e-01 -1.66280e+04 -1.65619e+04  0.00000e+00
4.268287765e+00 -1.3020617e-01  1.15706e+03  3.09655e+05 -1.30206e-01 -1.66280e+04 -1.65622e+04  0.00000e+00
4.269868612e+00 -1.2943401e-01  1.15133e+03  3.09655e+05 -1.29434e-01 -1.66280e+04 -1.65624e+04  0.00000e+00
4.271450045e+00 -1.2946271e-01  1.14948e+03  3.09655e+05 -1.29463e-01 -1.66280e+04 -1.65624e+04  0.00000e+00
4.273032063e+00 -1.3869260e-01  1.19135e+03  3.09655e+05 -1.38693e-01 -1.66280e+04 -1.65601e+04  0.00000e+00
4.274614668e+00 -1.2898073e-01  1.14319e+03  3.09655e+05 -1.28981e-01 -1.66280e+04 -1.65625e+04  0.00000e+00
4.276197859e+00 -1.3886015e-01  1.18801e+03  3.09655e+05 -1.38860e-01 -1.66280e+04 -1.65600e+04  0.00000e+00
4.277781636e+00 -1.2915746e-01  1.14009e+03  3.09655e+05 -1.29157e-01 -1.66280e+04 -1.65625e+04  0.00000e+00
4.279365999e+00 -1.3092776e-01  1.14658e+03  3.09655e+05 -1.30928e-01 -1.66280e+04 -1.65620e+04  0.00000e+00
4.280950949e+00 -1.2873118e-01  1.13413e+03  3.09655e+05 -1.28731e-01 -1.66280e+04 -1.65626e+04  0.00000e+00
4.282536487e+00 -1.3657448e-01  1.16918e+03  3.09655e+05 -1.36574e-01 -1.66280e+04 -1.65606e+04  0.00000e+00
4.284122611e+00 -1.3930907e-01  1.17985e+03  3.09655e+05 -1.39309e-01 -1.66280e+04 -1.65599e+04  0.00000e+00
4.285709324e+00 -1.2681505e-01  1.11915e+03  3.09655e+05 -1.26815e-01 -1.66280e+04 -1.65631e+04  0.00000e+00
4.287296623e+00 -1.3838664e-01  1.17153e+03  3.09655e+05 -1.38387e-01 -1.66280e+04 -1.65602e+04  0.00000e+00
4.288884511e+00 -1.3177849e-01  1.13879e+03  3.09655e+05 -1.31778e-01 -1.66280e+04 -1.65618e+04  0.00000e+00
4.290472987e+00 -1.3766905e-01  1.16419e+03  3.09655e+05 -1.37669e-01 -1.66280e+04 -1.65603e+04  0.00000e+00
4.292062051e+00 -1.2919232e-01  1.12274e+03  3.09655e+05 -1.29192e-01 -1.66280e+04 -1.65625e+04  0.00000e+00
4.293651703e+00 -1.4543580e-01  1.19544e+03  3.09655e+05 -1.45436e-01 -1.66280e+04 -1.65585e+04  0.00000e+00
4.295241945e+00 -1.4294796e-01  1.18219e+03  3.09655e+05 -1.42948e-01 -1.66280e+04 -1.65591e+04  0.00000e+00
4.296832775e+00 -1.4775631e-01  1.20168e+03  3.09655e+05 -1.47756e-01 -1.66280e+04 -1.65579e+04  0.00000e+00
4.298424195e+00 -1.3789363e-01  1.15525e+03  3.09655e+05 -1.37894e-01 -1.66280e+04 -1.65603e+04  0.00000e+00
4.300016204e+00 -1.3853978e-01  1.15620e+03  3.09655e+05 -1.38540e-01 -1.66280e+04 -1.65601e+04  0.00000e+00
4.301608802e+00 -1.3717385e-01  1.14802e+03  3.09655e+05 -1.37174e-01 -1.66280e+04 -1.65605e+04  0.00000e+00
4.303201991e+00 -1.5107935e-01  1.20803e+03  3.09655e+05 -1.51079e-01 -1.66280e+04 -1.65571e+04  0.00000e+00
4.304795769e+00 -1.4344095e-01  1.17226e+03  3.09655e+05 -1.43441e-01 -1.66280e+04 -1.65589e+04  0.00000e+00
4.306390138e+00 -1.4797596e-01  1.19030e+03  3.09655e+05 -1.47976e-01 -1.66280e+04 -1.65578e+04  0.00000e+00
4.307985097e+00 -1.4418334e-01  1.17153e+03  3.09655e+05 -1.44183e-01 -1.66280e+04 -1.65588e+04  0.00000e+00
4.309580647e+00 -1.4339382e-01  1.16603e+03  3.09655e+05 -1.43394e-01 -1.66280e+04 -1.65589e+04  0.00000e+00
4.311176788e+00 -1.4774047e-01  1.18315e+03  3.09655e+05 -1.47740e-01 -1.66280e+04 -1.65579e+04  0.00000e+00
4.312773520e+00 -1.4116785e-01  1.15219e+03  3.09655e+05 -1.41168e-01 -1.66280e+04 -1.65595e+04  0.00000e+00
4.314370844e+00 -1.4011903e-01  1.14557e+03  3.09655e+05 -1.40119e-01 -1.66280e+04 -1.65597e+04  0.00000e+00
4.315968759e+00 -1.4757459e-01  1.17636e+03  3.09655e+05 -1.47575e-01 -1.66280e+04 -1.65579e+04  0.00000e+00
4.317567266e+00 -1.5486411e-01  1.20570e+03  3.09655e+05 -1.54864e-01 -1.66280e+04 -1.65562e+04  0.00000e+00
4.319166365e+00 -1.4882863e-01  1.17777e+03  3.09655e+05 -1.48829e-01 -1.66280e+04 -1.65576e+04  0.00000e+00
4.320766056e+00 -1.5029097e-01  1.18205e+03  3.09655e+05 -1.50291e-01 -1.66280e+04 -1.65573e+04  0.00000e+00
4.322366340e+00 -1.4736874e-01  1.16746e+03  3.09655e+05 -1.47369e-01 -1.66280e+04 -1.65580e+04  0.00000e+00
4.323967216e+00 -1.4274478e-01  1.14542e+03  3.09655e+05 -1.42745e-01 -1.66280e+04 -1.65591e+04  0.00000e+00
4.325568686e+00 -1.5237214e-01  1.18487e+03  3.09655e+05 -1.52372e-01 -1.66280e+04 -1.65568e+04  0.00000e+00
4.327170748e+00 -1.4967653e-01  1.17139e+03  3.09655e+05 -1.49677e-01 -1.66280e+04 -1.65574e+04  0.00000e+00
4.328773404e+00 -1.5180065e-01  1.17842e+03  3.09655e+05 -1.51801e-01 -1.66280e+04 -1.65569e+04  0.00000e+00
4.330376653e+00 -1.4940770e-01  1.16626e+03  3.09655e+05 -1.49408e-01 -1.66280e+04 -1.65575e+04  0.00000e+00
4.331980497e+00 -1.5250100e-01  1.17736e+03  3.09655e+05 -1.52501e-01 -1.66280e+04 -1.65568e+04  0.00000e+00
4.333584934e+00 -1.6027496e-01  1.20774e+03  3.09655e+05 -1.60275e-01 -1.66280e+04 -1.65550e+04 -2.26405e-12
4.335189965e+00 -1.4412552e-01  1.13781e+03  3.09655e+05 -1.44126e-01 -1.66280e+04 -1.65588e+04  0.00000e+00
4.336795591e+00 -1.6403472e-01  1.21902e+03  3.09655e+05 -1.64035e-01 -1.66280e+04 -1.65541e+04  0.00000e+00
4.338401812e+00 -1.5341883e-01  1.17321e+03  3.09655e+05 -1.53419e-01 -1.66280e+04 -1.65566e+04  0.00000e+00
4.340008627e+00 -1.5956386e-01  1.19662e+03  3.09655e+05 -1.59564e-01 -1.66280e+04 -1.65552e+04  0.00000e+00
4.341616038e+00 -1.5312440e-01  1.16801e+03  3.09655e+05 -1.53124e-01 -1.66280e+04 -1.65566e+04  0.00000e+00
4.343224044e+00 -1.5682169e-01  1.18131e+03  3.09655e+05 -1.56822e-01 -1.66280e+04 -1.65558e+04  0.00000e+00
4.344832645e+00 -1.5615219e-01  1.17656e+03  3.09655e+05 -1.56152e-01 -1.66280e+04 -1.65559e+04  0.00000e+00
4.346441843e+00 -1.6486379e-01  1.20995e+03  3.09655e+05 -1.64864e-01 -1.66280e+04 -1.65540e+04  0.00000e+00
4.348051636e+00 -1.6053618e-01  1.19044e+03  3.09655e+05 -1.60536e-01 -1.66280e+04 -1.65549e+04  0.00000e+00
4.349662025e+00 -1.5325607e-01  1.15870e+03  3.09655e+05 -1.53256e-01 -1.66280e+04 -1.65566e+04  0.00000e+00
4.351273011e+00 -1.6588588e-01  1.20788e+03  3.09655e+05 -1.65886e-01 -1.66280e+04 -1.65537e+04  0.00000e+00
4.352884594e+00 -1.6263853e-01  1.19286e+03  3.09655e+05 -1.62639e-01 -1.66280e+04 -1.65545e+04  0.00000e+00
4.354496773e+00 -1.6508120e-01  1.20059e+03  3.09655e+05 -1.65081e-01 -1.66280e+04 -1.65539e+04 -2.26405e-12
4.356109550e+00 -1.5765034e-01  1.16877e+03  3.09655e+05 -1.57650e-01 -1.66280e+04 -1.65556e+04  0.00000e+00
4.357722924e+00 -1.6727601e-01  1.20521e+03  3.09655e+05 -1.67276e-01 -1.66280e+04 -1.65534e+04  0.00000e+00
4.359336895e+00 -1.5850390e-01  1.16826e+03  3.09655e+05 -1.58504e-01 -1.66280e+04 -1.65554e+04  0.00000e+00
4.360951465e+00 -1.6145974e-01  1.17812e+03  3.09655e+05 -1.61460e-01 -1.66280e+04 -1.65547e+04  0.00000e+00
4.362566632e+00 -1.6120935e-01  1.17513e+03  3.09655e+05 -1.61209e-01 -1.66280e+04 -1.65548e+04  0.00000e+00
4.364182397e+00 -1.7176945e-01  1.21459e+03  3.09655e+05 -1.71769e-01 -1.66280e+04 -1.65524e+04  0.00000e+00
4.365798761e+00 -1.6151011e-01  1.17237e+03  3.09655e+05 -1.61510e-01 -1.66280e+04 -1.65547e+04  0.00000e+00
4.367415724e+00 -1.7839072e-01  1.23589e+03  3.09655e+05 -1.78391e-01 -1.66280e+04 -1.65510e+04  0.00000e+00
4.369033285e+00 -1.7146589e-01  1.20728e+03  3.09655e+05 -1.71466e-01 -1.66280e+04 -1.65525e+04  0.00000e+00
4.370651445e+00 -1.6235583e-01  1.16979e+03  3.09655e+05 -1.62356e-01 -1.66280e+04 -1.65545e+04  0.00000e+00
4.372270205e+00 -1.6940069e-01  1.19525e+03  3.09655e+05 -1.69401e-01 -1.66280e+04 -1.65529e+04  0.00000e+00
4.373889565e+00 -1.6857501e-01  1.19005e+03  3.09655e+05 -1.68575e-01 -1.66280e+04 -1.65531e+04  0.00000e+00
4.375509524e+00 -1.7401594e-01  1.20890e+03  3.09655e+05 -1.74016e-01 -1.66280e+04 -1.65519e+04  0.00000e+00
4.377130083e+00 -1.7624245e-01  1.21530e+03  3.09655e+05 -1.76242e-01 -1.66280e+04 -1.65514e+04  0.00000e+00
4.378751242e+00 -1.7402101e-01  1.20485e+03  3.09655e+05 -1.74021e-01 -1.66280e+04 -1.65519e+04 -2.26405e-12
4.380373002e+00 -1.7204792e-01  1.19533e+03  3.09655e+05 -1.72048e-01 -1.66280e+04 -1.65524e+04  0.00000e+00
4.381995362e+00 -1.7923351e-01  1.22039e+03  3.09655e+05 -1.79234e-01 -1.66280e+04 -1.65508e+04  0.00000e+00
4.383618323e+00 -1.7971050e-01  1.22012e+03  3.09655e+05 -1.79710e-01 -1.66280e+04 -1.65507e+04  0.00000e+00
4.385241886e+00 -1.6971288e-01  1.18047e+03  3.09655e+05 -1.69713e-01 -1.66280e+04 -1.65529e+04  0.00000e+00
4.386866049e+00 -1.7857031e-01  1.21178e+03  3.09655e+05 -1.78570e-01 -1.66280e+04 -1.65509e+04  0.00000e+00
4.388490815e+00 -1.7170388e-01  1.18405e+03  3.09655e+05 -1.71704e-01 -1.66280e+04 -1.65524e+04  0.00000e+00
4.390116182e+00 -1.7065906e-01  1.17813e+03  3.09655e+05 -1.70659e-01 -1.66280e+04 -1.65527e+04  0.00000e+00
4.391742150e+00 -1.7189043e-01  1.18079e+03  3.09655e+05 -1.71890e-01 -1.66280e+04 -1.65524e+04  0.00000e+00
4.393368722e+00 -1.7506723e-01  1.19068e+03  3.09655e+05 -1.75067e-01 -1.66280e+04 -1.65517e+04  0.00000e+00
4.394995895e+00 -1.8104283e-01  1.21075e+03  3.09655e+05 -1.81043e-01 -1.66280e+04 -1.65504e+04  0.00000e+00
4.396623672e+00 -1.8824103e-01  1.23488e+03  3.09655e+05 -1.88241e-01 -1.66280e+04 -1.65489e+04  0.00000e+00
4.398252051e+00 -1.8391620e-01  1.21717e+03  3.09655e+05 -1.83916e-01 -1.66280e+04 -1.65498e+04  0.00000e+00
4.399881033e+00 -1.8339618e-01  1.21324e+03  3.09655e+05 -1.83396e-01 -1.66280e+04 -1.65499e+04  0.00000e+00
4.401510618e+00 -1.7529981e-01  1.18163e+03  3.09655e+05 -1.75300e-01 -1.66280e+04 -1.65516e+04  0.00000e+00
4.403140808e+00 -1.9374273e-01  1.24622e+03  3.09655e+05 -1.93743e-01 -1.66280e+04 -1.65477e+04  0.00000e+00
4.404771600e+00 -1.8072384e-01  1.19750e+03  3.09655e+05 -1.80724e-01 -1.66280e+04 -1.65505e+04  0.00000e+00
4.406402997e+00 -1.8285778e-01  1.20321e+03  3.09655e+05 -1.82858e-01 -1.66280e+04 -1.65500e+04  0.00000e+00
4.408034998e+00 -1.9163059e-01  1.23251e+03  3.09655e+05 -1.91631e-01 -1.66280e+04 -1.65482e+04  0.00000e+00
4.409667604e+00 -1.8464535e-01  1.20562e+03  3.09655e+05 -1.84645e-01 -1.66280e+04 -1.65496e+04  0.00000e+00
4.411300814e+00 -1.8794211e-01  1.21535e+03  3.09655e+05 -1.87942e-01 -1.66280e+04 -1.65489e+04 -2.26405e-12
4.412934629e+00 -1.8528670e-01  1.20389e+03  3.09655e+05 -1.85287e-01 -1.66280e+04 -1.65495e+04  0.00000e+00
4.414569050e+00 -1.8363048e-01  1.19598e+03  3.09655e+05 -1.83630e-01 -1.66280e+04 -1.65499e+04  0.00000e+00
4.416204075e+00 -1.9153788e-01  1.22193e+03  3.09655e+05 -1.91538e-01 -1.66280e+04 -1.65482e+04 -2.26405e-12
4.417839706e+00 -1.8448049e-01  1.19503e+03  3.09655e+05 -1.84480e-01 -1.66280e+04 -1.65497e+04  0.00000e+00
4.419475943e+00 -1.8758178e-01  1.20400e+03  3.09655e+05 -1.87582e-01 -1.66280e+04 -1.65490e+04  0.00000e+00
4.421112786e+00 -1.9870646e-01  1.24066e+03  3.09655e+05 -1.98706e-01 -1.66280e+04 -1.65467e+04  0.00000e+00
4.422750235e+00 -1.9505465e-01  1.22601e+03  3.09655e+05 -1.95055e-01 -1.66280e+04 -1.65475e+04  0.00000e+00
4.424388291e+00 -1.9226173e-01  1.21431e+03  3.09655e+05 -1.92262e-01 -1.66280e+04 -1.65480e+04 -2.26405e-12
4.426026953e+00 -2.0835251e-01  1.26715e+03  3.09655e+05 -2.08353e-01 -1.66280e+04 -1.65448e+04  0.00000e+00
4.427666223e+00 -1.9016375e-01  1.20302e+03  3.09655e+05 -1.90164e-01 -1.66280e+04 -1.65485e+04  0.00000e+00
4.429306099e+00 -2.0098715e-01  1.23812e+03  3.09655e+05 -2.00987e-01 -1.66280e+04 -1.65462e+04  0.00000e+00
4.430946583e+00 -2.0243131e-01  1.24094e+03  3.09655e+05 -2.02431e-01 -1.66280e+04 -1.65460e+04 -2.26405e-12
4.432587674e+00 -1.9661760e-01  1.21918e+03  3.09655e+05 -1.96618e-01 -1.66280e+04 -1.65471e+04  0.00000e+00
4.434229373e+00 -2.0260036e-01  1.23739e+03  3.09655e+05 -2.02600e-01 -1.66280e+04 -1.65459e+04  0.00000e+00
4.435871680e+00 -2.0836195e-01  1.25458e+03  3.09655e+05 -2.08362e-01 -1.66280e+04 -1.65448e+04  0.00000e+00
4.437514596e+00 -2.0134985e-01  1.22910e+03  3.09655e+05 -2.01350e-01 -1.66280e+04 -1.65462e+04  0.00000e+00
4.439158120e+00 -2.0157450e-01  1.22781e+03  3.09655e+05 -2.01574e-01 -1.66280e+04 -1.65461e+04  0.00000e+00
4.440802252e+00 -2.1722174e-01  1.27738e+03  3.09655e+05 -2.17222e-01 -1.66280e+04 -1.65430e+04  0.00000e+00
4.442446994e+00 -1.9668181e-01  1.20734e+03  3.09655e+05 -1.96682e-01 -1.66280e+04 -1.65471e+04  0.00000e+00
4.444092345e+00 -1.9819191e-01  1.21042e+03  3.09655e+05 -1.98192e-01 -1.66280e+04 -1.65468e+04  0.00000e+00
4.445738305e+00 -2.0716717e-01  1.23821e+03  3.09655e+05 -2.07167e-01 -1.66280e+04 -1.65450e+04  0.00000e+00
4.447384875e+00 -1.9339779e-01  1.19034e+03  3.09655e+05 -1.93398e-01 -1.66280e+04 -1.65478e+04  0.00000e+00
4.449032054e+00 -2.0174442e-01  1.21625e+03  3.09655e+05 -2.01744e-01 -1.66280e+04 -1.65461e+04  0.00000e+00
4.450679844e+00 -2.1100979e-01  1.24462e+03  3.09655e+05 -2.11010e-01 -1.66280e+04 -1.65442e+04  0.00000e+00
4.452328244e+00 -2.0202478e-01  1.21317e+03  3.09655e+05 -2.02025e-01 -1.66280e+04 -1.65460e+04  0.00000e+00
4.453977254e+00 -2.0001592e-01  1.20454e+03  3.09655e+05 -2.00016e-01 -1.66280e+04 -1.65464e+04  0.00000e+00
4.455626875e+00 -2.1886963e-01  1.26371e+03  3.09655e+05 -2.18870e-01 -1.66280e+04 -1.65427e+04  0.00000e+00
4.457277108e+00 -2.0450794e-01  1.21532e+03  3.09655e+05 -2.04508e-01 -1.66280e+04 -1.65455e+04  0.00000e+00
4.458927951e+00 -2.0964681e-01  1.22999e+03  3.09655e+05 -2.09647e-01 -1.66280e+04 -1.65445e+04 -2.26405e-12
4.460579406e+00 -2.1235964e-01  1.23669e+03  3.09655e+05 -2.12360e-01 -1.66280e+04 -1.65440e+04 -2.26405e-12
4.462231472e+00 -2.0993480e-01  1.22687e+03  3.09655e+05 -2.09935e-01 -1.66280e+04 -1.65444e+04  0.00000e+00
4.463884150e+00 -2.0391630e-01  1.20543e+03  3.09655e+05 -2.03916e-01 -1.66280e+04 -1.65457e+04  0.00000e+00
4.465537441e+00 -2.0646582e-01  1.21169e+03  3.09655e+05 -2.06466e-01 -1.66280e+04 -1.65451e+04 -2.26405e-12
4.467191344e+00 -2.3437980e-01  1.29741e+03  3.09655e+05 -2.34380e-01 -1.66280e+04 -1.65397e+04  0.00000e+00
4.468845859e+00 -2.1619015e-01  1.23869e+03  3.09655e+05 -2.16190e-01 -1.66280e+04 -1.65432e+04  0.00000e+00
4.470500987e+00 -2.1208948e-01  1.22368e+03  3.09655e+05 -2.12089e-01 -1.66280e+04 -1.65440e+04  0.00000e+00
4.472156728e+00 -2.2240412e-01  1.25407e+03  3.09655e+05 -2.22404e-01 -1.66280e+04 -1.65420e+04  0.00000e+00
4.473813083e+00 -2.1795904e-01  1.23814e+03  3.09655e+05 -2.17959e-01 -1.66280e+04 -1.65429e+04  0.00000e+00
4.475470050e+00 -2.1844052e-01  1.23762e+03  3.09655e+05 -2.18441e-01 -1.66280e+04 -1.65428e+04  0.00000e+00
4.477127632e+00 -2.1429514e-01  1.22262e+03  3.09655e+05 -2.14295e-01 -1.66280e+04 -1.65436e+04  0.00000e+00
4.478785827e+00 -2.2474986e-01  1.25309e+03  3.09655e+05 -2.24750e-01 -1.66280e+04 -1.65415e+04  0.00000e+00
4.480444637e+00 -2.1749426e-01  1.22860e+03  3.09655e+05 -2.17494e-01 -1.66280e+04 -1.65430e+04  0.00000e+00
4.482104061e+00 -2.2308123e-01  1.24386e+03  3.09655e+05 -2.23081e-01 -1.66280e+04 -1.65419e+04  0.00000e+00
4.483764099e+00 -2.2030751e-01  1.23329e+03  3.09655e+05 -2.20308e-01 -1.66280e+04 -1.65424e+04  0.00000e+00
4.485424753e+00 -2.1971856e-01  1.22945e+03  3.09655e+05 -2.19719e-01 -1.66280e+04 -1.65425e+04  0.00000e+00
4.487086021e+00 -2.0133319e-01  1.16996e+03  3.09655e+05 -2.01333e-01 -1.66280e+04 -1.65462e+04  0.00000e+00
4.488747905e+00 -2.2820322e-01  1.25131e+03  3.09655e+05 -2.28203e-01 -1.66280e+04 -1.65409e+04  0.00000e+00
4.490410404e+00 -2.3016321e-01  1.25518e+03  3.09655e+05 -2.30163e-01 -1.66280e+04 -1.65405e+04  0.00000e+00
4.492073519e+00 -2.2221915e-01  1.22908e+03  3.09655e+05 -2.22219e-01 -1.66280e+04 -1.65420e+04  0.00000e+00
4.493737250e+00 -2.2751631e-01  1.24312e+03  3.09655e+05 -2.27516e-01 -1.66280e+04 -1.65410e+04  0.00000e+00
4.495401597e+00 -2.4083391e-01  1.28073e+03  3.09655e+05 -2.40834e-01 -1.66280e+04 -1.65385e+04  0.00000e+00
4.497066561e+00 -2.2750263e-01  1.23902e+03  3.09655e+05 -2.27503e-01 -1.66280e+04 -1.65410e+04  0.00000e+00
4.498732141e+00 -2.2876080e-01  1.24077e+03  3.09655e+05 -2.28761e-01 -1.66280e+04 -1.65408e+04  0.00000e+00
4.500398338e+00 -2.4110921e-01  1.27527e+03  3.09655e+05 -2.41109e-01 -1.66280e+04 -1.65385e+04  0.00000e+00
4.502065152e+00 -2.3010839e-01  1.24075e+03  3.09655e+05 -2.30108e-01 -1.66280e+04 -1.65405e+04  0.00000e+00
4.503732584e+00 -2.2566190e-01  1.22548e+03  3.09655e+05 -2.25662e-01 -1.66280e+04 -1.65414e+04  0.00000e+00
4.505400633e+00 -2.4396505e-01  1.27733e+03  3.09655e+05 -2.43965e-01 -1.66280e+04 -1.65379e+04  0.00000e+00
4.507069300e+00 -2.5038495e-01  1.29375e+03  3.09655e+05 -2.50385e-01 -1.66280e+04 -1.65367e+04  0.00000e+00
4.508738585e+00 -2.1755986e-01  1.19526e+03  3.09655e+05 -2.17560e-01 -1.66280e+04 -1.65429e+04  0.00000e+00
4.510408488e+00 -2.3271703e-01  1.23837e+03  3.09655e+05 -2.32717e-01 -1.66280e+04 -1.65400e+04  0.00000e+00
4.512079009e+00 -2.3908380e-01  1.25492e+03  3.09655e+05 -2.39084e-01 -1.66280e+04 -1.65388e+04  0.00000e+00
4.513750150e+00 -2.3755559e-01  1.24845e+03  3.09655e+05 -2.37556e-01 -1.66280e+04 -1.65391e+04  0.00000e+00
4.515421909e+00 -2.1959547e-01  1.19363e+03  3.09655e+05 -2.19595e-01 -1.66280e+04 -1.65425e+04  0.00000e+00
4.517094288e+00 -2.3882482e-01  1.24807e+03  3.09655e+05 -2.38825e-01 -1.66280e+04 -1.65389e+04  0.00000e+00
4.518767285e+00 -2.3287522e-01  1.22883e+03  3.09655e+05 -2.32875e-01 -1.66280e+04 -1.65400e+04  0.00000e+00
4.520440903e+00 -2.4644055e-01  1.26580e+03  3.09655e+05 -2.46441e-01 -1.66280e+04 -1.65375e+04  0.00000e+00
4.522115140e+00 -2.4906246e-01  1.27117e+03  3.09655e+05 -2.49062e-01 -1.66280e+04 -1.65370e+04  0.00000e+00
4.523789998e+00 -2.3247039e-01  1.22171e+03  3.09655e+05 -2.32470e-01 -1.66280e+04 -1.65401e+04  0.00000e+00
4.525465476e+00 -2.4857288e-01  1.26567e+03  3.09655e+05 -2.48573e-01 -1.66280e+04 -1.65371e+04  0.00000e+00
4.527141574e+00 -2.5488195e-01  1.28129e+03  3.09655e+05 -2.54882e-01 -1.66280e+04 -1.65359e+04  0.00000e+00
4.528818293e+00 -2.4451722e-01  1.25015e+03  3.09655e+05 -2.44517e-01 -1.66280e+04 -1.65378e+04  0.00000e+00
4.530495633e+00 -2.3769925e-01  1.22881e+03  3.09655e+05 -2.37699e-01 -1.66280e+04 -1.65391e+04  0.00000e+00
4.532173594e+00 -2.6825734e-01  1.31180e+03  3.09655e+05 -2.68257e-01 -1.66280e+04 -1.65335e+04  0.00000e+00
4.533852177e+00 -2.4987120e-01  1.25909e+03  3.09655e+05 -2.49871e-01 -1.66280e+04 -1.65368e+04  0.00000e+00
4.535531382e+00 -2.4484635e-01  1.24302e+03  3.09655e+05 -2.44846e-01 -1.66280e+04 -1.65378e+04  0.00000e+00
4.537211208e+00 -2.4185579e-01  1.23263e+03  3.09655e+05 -2.41856e-01 -1.66280e+04 -1.65383e+04  0.00000e+00
4.538891657e+00 -2.6089164e-01  1.28331e+03  3.09655e+05 -2.60892e-01 -1.66280e+04 -1.65349e+04  0.00000e+00
4.540572728e+00 -2.3811189e-01  1.21815e+03  3.09655e+05 -2.38112e-01 -1.66280e+04 -1.65390e+04  0.00000e+00
4.542254421e+00 -2.5482914e-01  1.26261e+03  3.09655e+05 -2.54829e-01 -1.66280e+04 -1.65359e+04  0.00000e+00
4.543936738e+00 -2.4162348e-01  1.22407e+03  3.09655e+05 -2.41623e-01 -1.66280e+04 -1.65384e+04  0.00000e+00
4.545619677e+00 -2.7108559e-01  1.30247e+03  3.09655e+05 -2.71086e-01 -1.66280e+04 -1.65331e+04  0.00000e+00
4.547303240e+00 -2.4480348e-01  1.22897e+03  3.09655e+05 -2.44803e-01 -1.66280e+04 -1.65378e+04  0.00000e+00
4.548987427e+00 -2.5591362e-01  1.25745e+03  3.09655e+05 -2.55914e-01 -1.66280e+04 -1.65357e+04  0.00000e+00
4.550672237e+00 -2.5651472e-01  1.25706e+03  3.09655e+05 -2.56515e-01 -1.66280e+04 -1.65356e+04  0.00000e+00
4.552357671e+00 -2.7169120e-01  1.29568e+03  3.09655e+05 -2.71691e-01 -1.66280e+04 -1.65329e+04  0.00000e+00
4.554043729e+00 -2.4972644e-01  1.23460e+03  3.09655e+05 -2.49726e-01 -1.66280e+04 -1.65369e+04  0.00000e+00
4.555730412e+00 -2.4451042e-01  1.21836e+03  3.09655e+05 -2.44510e-01 -1.66280e+04 -1.65378e+04  0.00000e+00
4.557417720e+00 -2.7329001e-01  1.29364e+03  3.09655e+05 -2.73290e-01 -1.66280e+04 -1.65327e+04  0.00000e+00
4.559105652e+00 -2.7235166e-01  1.28909e+03  3.09655e+05 -2.72352e-01 -1.66280e+04 -1.65328e+04  0.00000e+00
4.560794210e+00 -2.4855947e-01  1.22355e+03  3.09655e+05 -2.48559e-01 -1.66280e+04 -1.65371e+04  0.00000e+00
4.562483393e+00 -2.6446642e-01  1.26419e+03  3.09655e+05 -2.64466e-01 -1.66280e+04 -1.65342e+04  0.00000e+00
4.564173202e+00 -2.6952582e-01  1.27549e+03  3.09655e+05 -2.69526e-01 -1.66280e+04 -1.65333e+04  0.00000e+00
4.565863636e+00 -2.7299466e-01  1.28251e+03  3.09655e+05 -2.72995e-01 -1.66280e+04 -1.65327e+04  0.00000e+00
4.567554697e+00 -2.7641252e-01  1.28933e+03  3.09655e+05 -2.76413e-01 -1.66280e+04 -1.65321e+04  0.00000e+00
4.569246384e+00 -2.7748160e-01  1.29002e+03  3.09655e+05 -2.77482e-01 -1.66280e+04 -1.65319e+04  0.00000e+00
4.570938697e+00 -2.6934011e-01  1.26685e+03  3.09655e+05 -2.69340e-01 -1.66280e+04 -1.65334e+04  0.00000e+00
4.572631637e+00 -2.8084375e-01  1.29452e+03  3.09655e+05 -2.80844e-01 -1.66280e+04 -1.65314e+04  0.00000e+00
4.574325205e+00 -2.6586196e-01  1.25375e+03  3.09655e+05 -2.65862e-01 -1.66280e+04 -1.65340e+04  0.00000e+00
4.576019399e+00 -2.7777452e-01  1.28253e+03  3.09655e+05 -2.77775e-01 -1.66280e+04 -1.65319e+04  0.00000e+00
4.577714221e+00 -2.6149752e-01  1.23837e+03  3.09655e+05 -2.61498e-01 -1.66280e+04 -1.65347e+04  0.00000e+00
4.579409671e+00 -2.7022136e-01  1.25904e+03  3.09655e+05 -2.70221e-01 -1.66280e+04 -1.65332e+04  0.00000e+00
4.581105749e+00 -2.7583195e-01  1.27143e+03  3.09655e+05 -2.75832e-01 -1.66280e+04 -1.65322e+04  0.00000e+00
4.582802454e+00 -2.6756623e-01  1.24819e+03  3.09655e+05 -2.67566e-01 -1.66280e+04 -1.65337e+04  0.00000e+00
4.584499789e+00 -2.7494151e-01  1.26511e+03  3.09655e+05 -2.74942e-01 -1.66280e+04 -1.65324e+04  0.00000e+00
4.586197752e+00 -2.7031485e-01  1.25128e+03  3.09655e+05 -2.70315e-01 -1.66280e+04 -1.65332e+04  0.00000e+00
4.587896343e+00 -2.7500073e-01  1.26123e+03  3.09655e+05 -2.75001e-01 -1.66280e+04 -1.65324e+04  0.00000e+00
4.589595564e+00 -2.8339482e-01  1.28040e+03  3.09655e+05 -2.83395e-01 -1.66280e+04 -1.65309e+04  0.00000e+00
4.591295414e+00 -2.6653312e-01  1.23567e+03  3.09655e+05 -2.66533e-01 -1.66280e+04 -1.65339e+04  0.00000e+00
4.592995894e+00 -2.7520935e-01  1.25576e+03  3.09655e+05 -2.75209e-01 -1.66280e+04 -1.65323e+04  0.00000e+00
4.594697004e+00 -3.0069641e-01  1.31701e+03  3.09655e+05 -3.00696e-01 -1.66280e+04 -1.65280e+04  0.00000e+00
4.596398743e+00 -2.9780356e-01  1.30784e+03  3.09655e+05 -2.97804e-01 -1.66280e+04 -1.65285e+04  0.00000e+00
4.598101113e+00 -2.7663870e-01  1.25338e+03  3.09655e+05 -2.76639e-01 -1.66280e+04 -1.65321e+04  0.00000e+00
4.599804114e+00 -2.7840249e-01  1.25580e+03  3.09655e+05 -2.78402e-01 -1.66280e+04 -1.65318e+04  0.00000e+00
4.601507745e+00 -2.9107934e-01  1.28517e+03  3.09655e+05 -2.91079e-01 -1.66280e+04 -1.65296e+04  0.00000e+00
4.603212007e+00 -3.0956836e-01  1.32791e+03  3.09655e+05 -3.09568e-01 -1.66280e+04 -1.65265e+04  0.00000e+00
4.604916900e+00 -2.9434473e-01  1.28906e+03  3.09655e+05 -2.94345e-01 -1.66280e+04 -1.65291e+04  0.00000e+00
4.606622425e+00 -2.8540615e-01  1.26517e+03  3.09655e+05 -2.85406e-01 -1.66280e+04 -1.65306e+04  0.00000e+00
4.608328582e+00 -2.8268675e-01  1.25648e+03  3.09655e+05 -2.82687e-01 -1.66280e+04 -1.65310e+04  0.00000e+00
4.610035370e+00 -3.1592368e-01  1.33453e+03  3.09655e+05 -3.15924e-01 -1.66280e+04 -1.65255e+04  0.00000e+00
4.611742790e+00 -2.6477357e-01  1.20803e+03  3.09655e+05 -2.64774e-01 -1.66280e+04 -1.65342e+04  0.00000e+00
4.613450843e+00 -2.8090669e-01  1.24617e+03  3.09655e+05 -2.80907e-01 -1.66280e+04 -1.65313e+04  0.00000e+00
4.615159529e+00 -3.0969146e-01  1.31349e+03  3.09655e+05 -3.09691e-01 -1.66280e+04 -1.65265e+04  0.00000e+00
4.616868847e+00 -3.0638114e-01  1.30357e+03  3.09655e+05 -3.06381e-01 -1.66280e+04 -1.65271e+04  0.00000e+00
4.618578799e+00 -3.0288141e-01  1.29321e+03  3.09655e+05 -3.02881e-01 -1.66280e+04 -1.65276e+04  0.00000e+00
4.620289383e+00 -2.9719610e-01  1.27764e+03  3.09655e+05 -2.97196e-01 -1.66280e+04 -1.65286e+04  0.00000e+00
4.622000602e+00 -2.9495016e-01  1.27026e+03  3.09655e+05 -2.94950e-01 -1.66280e+04 -1.65290e+04  0.00000e+00
4.623712454e+00 -3.1913853e-01  1.32515e+03  3.09655e+05 -3.19139e-01 -1.66280e+04 -1.65250e+04  0.00000e+00
4.625424940e+00 -3.0691666e-01  1.29456e+03  3.09655e+05 -3.06917e-01 -1.66280e+04 -1.65270e+04  0.00000e+00
4.627138060e+00 -3.1615408e-01  1.31405e+03  3.09655e+05 -3.16154e-01 -1.66280e+04 -1.65255e+04  0.00000e+00
4.628851815e+00 -2.8010401e-01  1.22671e+03  3.09655e+05 -2.80104e-01 -1.66280e+04 -1.65315e+04  0.00000e+00
4.630566204e+00 -3.0912268e-01  1.29358e+03  3.09655e+05 -3.09123e-01 -1.66280e+04 -1.65266e+04  0.00000e+00
4.632281229e+00 -2.9235947e-01  1.25218e+03  3.09655e+05 -2.92359e-01 -1.66280e+04 -1.65294e+04  0.00000e+00
4.633996889e+00 -3.1236693e-01  1.29703e+03  3.09655e+05 -3.12367e-01 -1.66280e+04 -1.65261e+04  0.00000e+00
4.635713184e+00 -2.9974543e-01  1.26563e+03  3.09655e+05 -2.99745e-01 -1.66280e+04 -1.65282e+04  0.00000e+00
4.637430115e+00 -3.4183560e-01  1.35976e+03  3.09655e+05 -3.41836e-01 -1.66280e+04 -1.65214e+04  0.00000e+00
4.639147681e+00 -3.0551121e-01  1.27508e+03  3.09655e+05 -3.05511e-01 -1.66280e+04 -1.65272e+04  0.00000e+00
4.640865884e+00 -3.1435679e-01  1.29345e+03  3.09655e+05 -3.14357e-01 -1.66280e+04 -1.65258e+04  0.00000e+00
4.642584723e+00 -3.0386618e-01  1.26728e+03  3.09655e+05 -3.03866e-01 -1.66280e+04 -1.65275e+04  0.00000e+00
4.644304199e+00 -3.1474529e-01  1.29027e+03  3.09655e+05 -3.14745e-01 -1.66280e+04 -1.65257e+04  0.00000e+00
4.646024312e+00 -3.2954606e-01  1.32168e+03  3.09655e+05 -3.29546e-01 -1.66280e+04 -1.65233e+04  0.00000e+00
4.647745062e+00 -3.1737239e-01  1.29219e+03  3.09655e+05 -3.17372e-01 -1.66280e+04 -1.65253e+04  0.00000e+00
4.649466449e+00 -3.1742770e-01  1.29029e+03  3.09655e+05 -3.17428e-01 -1.66280e+04 -1.65253e+04  0.00000e+00
4.651188473e+00 -3.2655185e-01  1.30878e+03  3.09655e+05 -3.26552e-01 -1.66280e+04 -1.65238e+04  0.00000e+00
4.652911136e+00 -3.3794792e-01  1.33200e+03  3.09655e+05 -3.37948e-01 -1.66280e+04 -1.65220e+04  0.00000e+00
4.654634436e+00 -3.1591794e-01  1.28084e+03  3.09655e+05 -3.15918e-01 -1.66280e+04 -1.65255e+04  0.00000e+00
4.656358375e+00 -3.0165704e-01  1.24647e+03  3.09655e+05 -3.01657e-01 -1.66280e+04 -1.65278e+04  0.00000e+00
4.658082952e+00 -3.3393183e-01  1.31691e+03  3.09655e+05 -3.33932e-01 -1.66280e+04 -1.65226e+04  0.00000e+00
4.659808168e+00 -3.2671446e-01  1.29891e+03  3.09655e+05 -3.26714e-01 -1.66280e+04 -1.65238e+04  0.00000e+00
4.661534023e+00 -3.2930755e-01  1.30261e+03  3.09655e+05 -3.29308e-01 -1.66280e+04 -1.65234e+04  0.00000e+00
4.663260517e+00 -3.3422246e-01  1.31137e+03  3.09655e+05 -3.34222e-01 -1.66280e+04 -1.65226e+04  0.00000e+00
4.664987650e+00 -3.1491941e-01  1.26666e+03  3.09655e+05 -3.14919e-01 -1.66280e+04 -1.65257e+04  0.00000e+00
4.666715424e+00 -3.1933498e-01  1.27451e+03  3.09655e+05 -3.19335e-01 -1.66280e+04 -1.65249e+04  0.00000e+00
4.668443837e+00 -3.3876701e-01  1.31511e+03  3.09655e+05 -3.38767e-01 -1.66280e+04 -1.65219e+04  0.00000e+00
4.670172890e+00 -3.3308075e-01  1.30071e+03  3.09655e+05 -3.33081e-01 -1.66280e+04 -1.65228e+04  0.00000e+00
4.671902584e+00 -3.2350703e-01  1.27776e+03  3.09655e+05 -3.23507e-01 -1.66280e+04 -1.65243e+04  0.00000e+00
4.673632918e+00 -3.7513083e-01  1.38598e+03  3.09655e+05 -3.75131e-01 -1.66280e+04 -1.65163e+04  0.00000e+00
4.675363893e+00 -3.4567028e-01  1.32173e+03  3.09655e+05 -3.45670e-01 -1.66280e+04 -1.65208e+04  0.00000e+00
4.677095509e+00 -3.2184811e-01  1.26818e+03  3.09655e+05 -3.21848e-01 -1.66280e+04 -1.65245e+04  0.00000e+00
4.678827767e+00 -3.4917245e-01  1.32505e+03  3.09655e+05 -3.49172e-01 -1.66280e+04 -1.65202e+04  0.00000e+00
4.680560666e+00 -3.3283622e-01  1.28808e+03  3.09655e+05 -3.32836e-01 -1.66280e+04 -1.65228e+04  0.00000e+00
4.682294207e+00 -3.5248252e-01  1.32792e+03  3.09655e+05 -3.52483e-01 -1.66280e+04 -1.65197e+04  0.00000e+00
4.684028390e+00 -3.4638553e-01  1.31298e+03  3.09655e+05 -3.46386e-01 -1.66280e+04 -1.65207e+04  0.00000e+00
4.685763216e+00 -3.4947566e-01  1.31746e+03  3.09655e+05 -3.49476e-01 -1.66280e+04 -1.65202e+04  0.00000e+00
4.687498683e+00 -3.3461542e-01  1.28391e+03  3.09655e+05 -3.34615e-01 -1.66280e+04 -1.65225e+04  0.00000e+00
4.689234794e+00 -3.2464112e-01  1.26053e+03  3.09655e+05 -3.24641e-01 -1.66280e+04 -1.65241e+04  0.00000e+00
4.690971548e+00 -3.6606640e-01  1.34582e+03  3.09655e+05 -3.66066e-01 -1.66280e+04 -1.65177e+04  0.00000e+00
4.692708944e+00 -3.3156416e-01  1.27146e+03  3.09655e+05 -3.31564e-01 -1.66280e+04 -1.65230e+04  0.00000e+00
4.694446985e+00 -3.2486860e-01  1.25519e+03  3.09655e+05 -3.24869e-01 -1.66280e+04 -1.65241e+04  0.00000e+00
4.696185669e+00 -3.5487374e-01  1.31646e+03  3.09655e+05 -3.54874e-01 -1.66280e+04 -1.65194e+04  0.00000e+00
4.697924997e+00 -3.4977760e-01  1.30384e+03  3.09655e+05 -3.49778e-01 -1.66280e+04 -1.65201e+04  0.00000e+00
4.699664969e+00 -3.7432834e-01  1.35221e+03  3.09655e+05 -3.74328e-01 -1.66280e+04 -1.65164e+04  0.00000e+00
4.701405586e+00 -3.3479778e-01  1.26850e+03  3.09655e+05 -3.34798e-01 -1.66280e+04 -1.65225e+04  0.00000e+00
4.703146847e+00 -3.5744600e-01  1.31361e+03  3.09655e+05 -3.57446e-01 -1.66280e+04 -1.65190e+04  0.00000e+00
4.704888753e+00 -3.3816377e-01  1.27165e+03  3.09655e+05 -3.38164e-01 -1.66280e+04 -1.65220e+04  0.00000e+00
4.706631305e+00 -3.6092687e-01  1.31667e+03  3.09655e+05 -3.60927e-01 -1.66280e+04 -1.65184e+04  0.00000e+00
4.708374502e+00 -3.7265308e-01  1.33838e+03  3.09655e+05 -3.72653e-01 -1.66280e+04 -1.65167e+04  0.00000e+00
4.710118344e+00 -3.4233215e-01  1.27445e+03  3.09655e+05 -3.42332e-01 -1.66280e+04 -1.65213e+04  0.00000e+00
4.711862832e+00 -3.8683181e-01  1.36250e+03  3.09655e+05 -3.86832e-01 -1.66280e+04 -1.65146e+04  0.00000e+00
4.713607967e+00 -3.6549810e-01  1.31779e+03  3.09655e+05 -3.65498e-01 -1.66280e+04 -1.65178e+04  0.00000e+00
4.715353747e+00 -3.4155777e-01  1.26698e+03  3.09655e+05 -3.41558e-01 -1.66280e+04 -1.65214e+04  0.00000e+00
4.717100175e+00 -3.6095748e-01  1.30459e+03  3.09655e+05 -3.60957e-01 -1.66280e+04 -1.65184e+04  0.00000e+00
4.718847249e+00 -3.9551455e-01  1.37109e+03  3.09655e+05 -3.95515e-01 -1.66280e+04 -1.65133e+04  0.00000e+00
4.720594970e+00 -3.5990278e-01  1.29845e+03  3.09655e+05 -3.59903e-01 -1.66280e+04 -1.65186e+04  0.00000e+00
4.722343338e+00 -3.6363389e-01  1.30394e+03  3.09655e+05 -3.63634e-01 -1.66280e+04 -1.65180e+04  0.00000e+00
4.724092355e+00 -3.6381101e-01  1.30229e+03  3.09655e+05 -3.63811e-01 -1.66280e+04 -1.65180e+04  0.00000e+00
4.725842018e+00 -3.8240152e-01  1.33706e+03  3.09655e+05 -3.82402e-01 -1.66280e+04 -1.65152e+04  0.00000e+00
4.727592330e+00 -3.8111690e-01  1.33249e+03  3.09655e+05 -3.81117e-01 -1.66280e+04 -1.65154e+04  0.00000e+00
4.729343290e+00 -3.9636827e-01  1.36007e+03  3.09655e+05 -3.96368e-01 -1.66280e+04 -1.65132e+04  0.00000e+00
4.731094899e+00 -3.6835708e-01  1.30332e+03  3.09655e+05 -3.68357e-01 -1.66280e+04 -1.65173e+04  0.00000e+00
4.732847156e+00 -3.6085930e-01  1.28648e+03  3.09655e+05 -3.60859e-01 -1.66280e+04 -1.65185e+04  0.00000e+00
4.734600063e+00 -3.7701710e-01  1.31632e+03  3.09655e+05 -3.77017e-01 -1.66280e+04 -1.65160e+04  0.00000e+00
4.736353618e+00 -3.9591177e-01  1.35083e+03  3.09655e+05 -3.95912e-01 -1.66280e+04 -1.65133e+04  0.00000e+00
4.738107823e+00 -3.7434193e-01  1.30707e+03  3.09655e+05 -3.74342e-01 -1.66280e+04 -1.65164e+04  0.00000e+00
4.739862678e+00 -3.7110102e-01  1.29875e+03  3.09655e+05 -3.71101e-01 -1.66280e+04 -1.65169e+04  0.00000e+00
4.741618183e+00 -3.8633076e-01  1.32626e+03  3.09655e+05 -3.86331e-01 -1.66280e+04 -1.65147e+04  0.00000e+00
4.743374338e+00 -3.6967170e-01  1.29199e+03  3.09655e+05 -3.69672e-01 -1.66280e+04 -1.65171e+04  0.00000e+00
4.745131143e+00 -3.9228670e-01  1.33359e+03  3.09655e+05 -3.92287e-01 -1.66280e+04 -1.65138e+04  0.00000e+00
4.746888599e+00 -3.6890036e-01  1.28656e+03  3.09655e+05 -3.68900e-01 -1.66280e+04 -1.65172e+04  0.00000e+00
4.748646706e+00 -3.8435967e-01  1.31439e+03  3.09655e+05 -3.84360e-01 -1.66280e+04 -1.65149e+04  0.00000e+00
4.750405464e+00 -4.0345970e-01  1.34857e+03  3.09655e+05 -4.03460e-01 -1.66280e+04 -1.65122e+04  0.00000e+00
4.752164873e+00 -3.9825191e-01  1.33671e+03  3.09655e+05 -3.98252e-01 -1.66280e+04 -1.65129e+04  0.00000e+00
4.753924934e+00 -3.8894377e-01  1.31710e+03  3.09655e+05 -3.88944e-01 -1.66280e+04 -1.65143e+04  0.00000e+00
4.755685647e+00 -4.1250163e-01  1.35921e+03  3.09655e+05 -4.12502e-01 -1.66280e+04 -1.65109e+04  0.00000e+00
4.757447012e+00 -3.7247985e-01  1.28174e+03  3.09655e+05 -3.72480e-01 -1.66280e+04 -1.65167e+04  0.00000e+00
4.759209030e+00 -3.8070223e-01  1.29548e+03  3.09655e+05 -3.80702e-01 -1.66280e+04 -1.65155e+04  0.00000e+00
4.760971700e+00 -3.9658886e-01  1.32343e+03  3.09655e+05 -3.96589e-01 -1.66280e+04 -1.65132e+04  0.00000e+00
4.762735023e+00 -4.2836265e-01  1.37994e+03  3.09655e+05 -4.28363e-01 -1.66280e+04 -1.65086e+04  0.00000e+00
4.764498999e+00 -3.9397872e-01  1.31453e+03  3.09655e+05 -3.93979e-01 -1.66280e+04 -1.65135e+04  0.00000e+00
4.766263628e+00 -4.0824729e-01  1.33898e+03  3.09655e+05 -4.08247e-01 -1.66280e+04 -1.65115e+04  0.00000e+00
4.768028911e+00 -4.3100412e-01  1.37838e+03  3.09655e+05 -4.31004e-01 -1.66280e+04 -1.65083e+04  0.00000e+00
4.769794847e+00 -3.8034889e-01  1.28306e+03  3.09655e+05 -3.80349e-01 -1.66280e+04 -1.65155e+04  0.00000e+00
4.771561438e+00 -3.9269416e-01  1.30418e+03  3.09655e+05 -3.92694e-01 -1.66280e+04 -1.65137e+04  0.00000e+00
4.773328683e+00 -4.4390803e-01  1.39513e+03  3.09655e+05 -4.43908e-01 -1.66280e+04 -1.65065e+04  0.00000e+00
4.775096582e+00 -3.9487731e-01  1.30427e+03  3.09655e+05 -3.94877e-01 -1.66280e+04 -1.65134e+04  0.00000e+00
4.776865137e+00 -4.2158141e-01  1.35098e+03  3.09655e+05 -4.21581e-01 -1.66280e+04 -1.65096e+04  0.00000e+00
4.778634346e+00 -4.3312944e-01  1.36961e+03  3.09655e+05 -4.33129e-01 -1.66280e+04 -1.65080e+04  0.00000e+00
4.780404211e+00 -4.4564016e-01  1.38968e+03  3.09655e+05 -4.45640e-01 -1.66280e+04 -1.65063e+04  0.00000e+00
4.782174731e+00 -4.0836263e-01  1.32099e+03  3.09655e+05 -4.08363e-01 -1.66280e+04 -1.65115e+04  0.00000e+00
4.783945907e+00 -4.3539232e-01  1.36737e+03  3.09655e+05 -4.35392e-01 -1.66280e+04 -1.65077e+04  0.00000e+00
4.785717738e+00 -4.4034497e-01  1.37403e+03  3.09655e+05 -4.40345e-01 -1.66280e+04 -1.65070e+04  0.00000e+00
4.787490226e+00 -4.2139518e-01  1.33839e+03  3.09655e+05 -4.21395e-01 -1.66280e+04 -1.65096e+04  0.00000e+00
4.789263371e+00 -3.8728536e-01  1.27471e+03  3.09655e+05 -3.87285e-01 -1.66280e+04 -1.65145e+04  0.00000e+00
4.791037172e+00 -4.4774471e-01  1.38070e+03  3.09655e+05 -4.47745e-01 -1.66280e+04 -1.65060e+04  0.00000e+00
4.792811630e+00 -4.2904375e-01  1.34585e+03  3.09655e+05 -4.29044e-01 -1.66280e+04 -1.65086e+04  0.00000e+00
4.794586746e+00 -4.5096839e-01  1.38210e+03  3.09655e+05 -4.50968e-01 -1.66280e+04 -1.65055e+04  0.00000e+00
4.796362519e+00 -4.1878201e-01  1.32367e+03  3.09655e+05 -4.18782e-01 -1.66280e+04 -1.65100e+04  0.00000e+00
4.798138949e+00 -4.0704544e-01  1.30080e+03  3.09655e+05 -4.07045e-01 -1.66280e+04 -1.65117e+04  0.00000e+00
4.799916038e+00 -4.0245502e-01  1.29063e+03  3.09655e+05 -4.02455e-01 -1.66280e+04 -1.65123e+04  0.00000e+00
4.801693784e+00 -4.4925881e-01  1.37079e+03  3.09655e+05 -4.49259e-01 -1.66280e+04 -1.65058e+04  0.00000e+00
4.803472190e+00 -4.2891881e-01  1.33349e+03  3.09655e+05 -4.28919e-01 -1.66280e+04 -1.65086e+04  0.00000e+00
4.805251253e+00 -4.3913465e-01  1.34921e+03  3.09655e+05 -4.39135e-01 -1.66280e+04 -1.65072e+04  0.00000e+00
4.807030976e+00 -4.2469390e-01  1.32211e+03  3.09655e+05 -4.24694e-01 -1.66280e+04 -1.65092e+04  0.00000e+00
4.808811358e+00 -4.2501003e-01  1.32067e+03  3.09655e+05 -4.25010e-01 -1.66280e+04 -1.65091e+04  0.00000e+00
4.810592399e+00 -4.5773214e-01  1.37489e+03  3.09655e+05 -4.57732e-01 -1.66280e+04 -1.65046e+04  0.00000e+00
4.812374100e+00 -4.6169983e-01  1.37952e+03  3.09655e+05 -4.61700e-01 -1.66280e+04 -1.65041e+04  0.00000e+00
4.814156461e+00 -4.6713230e-01  1.38657e+03  3.09655e+05 -4.67132e-01 -1.66280e+04 -1.65034e+04  0.00000e+00
4.815939482e+00 -4.5484649e-01  1.36380e+03  3.09655e+05 -4.54846e-01 -1.66280e+04 -1.65050e+04  0.00000e+00
4.817723163e+00 -4.3664598e-01  1.33080e+03  3.09655e+05 -4.36646e-01 -1.66280e+04 -1.65075e+04  0.00000e+00
4.819507505e+00 -4.5585412e-01  1.36139e+03  3.09655e+05 -4.55854e-01 -1.66280e+04 -1.65049e+04  0.00000e+00
4.821292508e+00 -4.4430398e-01  1.33984e+03  3.09655e+05 -4.44304e-01 -1.66280e+04 -1.65064e+04  0.00000e+00
4.823078172e+00 -4.3110065e-01  1.31536e+03  3.09655e+05 -4.31101e-01 -1.66280e+04 -1.65083e+04  0.00000e+00
4.824864497e+00 -4.6028769e-01  1.36268e+03  3.09655e+05 -4.60288e-01 -1.66280e+04 -1.65043e+04  0.00000e+00
4.826651484e+00 -4.3904577e-01  1.32493e+03  3.09655e+05 -4.39046e-01 -1.66280e+04 -1.65072e+04  0.00000e+00
4.828439132e+00 -4.5623122e-01  1.35183e+03  3.09655e+05 -4.56231e-01 -1.66280e+04 -1.65048e+04  0.00000e+00
4.830227443e+00 -4.4440606e-01  1.33001e+03  3.09655e+05 -4.44406e-01 -1.66280e+04 -1.65064e+04  0.00000e+00
4.832016416e+00 -4.3309549e-01  1.30895e+03  3.09655e+05 -4.33095e-01 -1.66280e+04 -1.65080e+04  0.00000e+00
4.833806052e+00 -5.1836810e-01  1.44670e+03  3.09655e+05 -5.18368e-01 -1.66280e+04 -1.64967e+04  0.00000e+00
4.835596351e+00 -4.6711062e-01  1.36171e+03  3.09655e+05 -4.67111e-01 -1.66280e+04 -1.65034e+04  0.00000e+00
4.837387312e+00 -4.8901863e-01  1.39536e+03  3.09655e+05 -4.89019e-01 -1.66280e+04 -1.65005e+04  0.00000e+00
4.839178937e+00 -4.3523005e-01  1.30475e+03  3.09655e+05 -4.35230e-01 -1.66280e+04 -1.65077e+04  0.00000e+00
4.840971226e+00 -4.9942307e-01  1.40787e+03  3.09655e+05 -4.99423e-01 -1.66280e+04 -1.64991e+04  0.00000e+00
4.842764178e+00 -4.9151039e-01  1.39309e+03  3.09655e+05 -4.91510e-01 -1.66280e+04 -1.65002e+04  0.00000e+00
4.844557794e+00 -4.9133677e-01  1.39072e+03  3.09655e+05 -4.91337e-01 -1.66280e+04 -1.65002e+04  0.00000e+00
4.846352075e+00 -4.3201338e-01  1.29164e+03  3.09655e+05 -4.32013e-01 -1.66280e+04 -1.65081e+04  0.00000e+00
4.848147020e+00 -4.6444616e-01  1.34320e+03  3.09655e+05 -4.64446e-01 -1.66280e+04 -1.65037e+04  0.00000e+00
4.849942630e+00 -4.6745647e-01  1.34608e+03  3.09655e+05 -4.67456e-01 -1.66280e+04 -1.65033e+04  0.00000e+00
4.851738905e+00 -4.6817944e-01  1.34525e+03  3.09655e+05 -4.68179e-01 -1.66280e+04 -1.65032e+04  0.00000e+00
4.853535845e+00 -5.1274341e-01  1.41412e+03  3.09655e+05 -5.12743e-01 -1.66280e+04 -1.64974e+04  0.00000e+00
4.855333451e+00 -4.7215518e-01  1.34765e+03  3.09655e+05 -4.72155e-01 -1.66280e+04 -1.65027e+04  0.00000e+00
4.857131723e+00 -4.9056213e-01  1.37500e+03  3.09655e+05 -4.90562e-01 -1.66280e+04 -1.65003e+04  0.00000e+00
4.858930661e+00 -5.0199027e-01  1.39096e+03  3.09655e+05 -5.01990e-01 -1.66280e+04 -1.64988e+04  0.00000e+00
4.860730265e+00 -4.6063267e-01  1.32314e+03  3.09655e+05 -4.60633e-01 -1.66280e+04 -1.65042e+04  0.00000e+00
4.862530535e+00 -4.5828196e-01  1.31739e+03  3.09655e+05 -4.58282e-01 -1.66280e+04 -1.65045e+04  0.00000e+00
4.864331472e+00 -5.1933672e-01  1.41169e+03  3.09655e+05 -5.19337e-01 -1.66280e+04 -1.64966e+04  0.00000e+00
4.866133077e+00 -5.1704199e-01  1.40604e+03  3.09655e+05 -5.17042e-01 -1.66280e+04 -1.64969e+04  0.00000e+00
4.867935348e+00 -4.9693879e-01  1.37276e+03  3.09655e+05 -4.96939e-01 -1.66280e+04 -1.64994e+04  0.00000e+00
4.869738287e+00 -4.8131553e-01  1.34623e+03  3.09655e+05 -4.81316e-01 -1.66280e+04 -1.65015e+04  0.00000e+00
4.871541894e+00 -4.9415185e-01  1.36434e+03  3.09655e+05 -4.94152e-01 -1.66280e+04 -1.64998e+04  0.00000e+00
4.873346169e+00 -5.0007894e-01  1.37152e+03  3.09655e+05 -5.00079e-01 -1.66280e+04 -1.64990e+04  0.00000e+00
4.875151112e+00 -5.2250832e-01  1.40395e+03  3.09655e+05 -5.22508e-01 -1.66280e+04 -1.64962e+04  0.00000e+00
4.876956723e+00 -5.4389225e-01  1.43421e+03  3.09655e+05 -5.43892e-01 -1.66280e+04 -1.64935e+04  0.00000e+00
4.878763003e+00 -5.1333703e-01  1.38580e+03  3.09655e+05 -5.13337e-01 -1.66280e+04 -1.64973e+04  0.00000e+00
4.880569953e+00 -4.8023838e-01  1.33265e+03  3.09655e+05 -4.80238e-01 -1.66280e+04 -1.65016e+04  0.00000e+00
4.882377571e+00 -5.0795834e-01  1.37348e+03  3.09655e+05 -5.07958e-01 -1.66280e+04 -1.64980e+04  0.00000e+00
4.884185859e+00 -5.0476673e-01  1.36657e+03  3.09655e+05 -5.04767e-01 -1.66280e+04 -1.64984e+04  0.00000e+00
4.885994817e+00 -5.1974195e-01  1.38731e+03  3.09655e+05 -5.19742e-01 -1.66280e+04 -1.64965e+04  0.00000e+00
4.887804445e+00 -5.1185971e-01  1.37332e+03  3.09655e+05 -5.11860e-01 -1.66280e+04 -1.64975e+04  0.00000e+00
4.889614743e+00 -4.8568932e-01  1.33129e+03  3.09655e+05 -4.85689e-01 -1.66280e+04 -1.65009e+04  0.00000e+00
4.891425711e+00 -4.9391105e-01  1.34195e+03  3.09655e+05 -4.93911e-01 -1.66280e+04 -1.64998e+04  0.00000e+00
4.893237350e+00 -5.3603198e-01  1.40347e+03  3.09655e+05 -5.36032e-01 -1.66280e+04 -1.64945e+04  0.00000e+00
4.895049660e+00 -5.3956695e-01  1.40663e+03  3.09655e+05 -5.39567e-01 -1.66280e+04 -1.64940e+04  0.00000e+00
4.896862642e+00 -5.2858624e-01  1.38826e+03  3.09655e+05 -5.28586e-01 -1.66280e+04 -1.64954e+04  0.00000e+00
4.898676294e+00 -5.9761907e-01  1.48672e+03  3.09655e+05 -5.97619e-01 -1.66280e+04 -1.64870e+04  0.00000e+00
4.900490619e+00 -5.0854401e-01  1.35423e+03  3.09655e+05 -5.08544e-01 -1.66280e+04 -1.64980e+04  0.00000e+00
4.902305616e+00 -5.0714670e-01  1.35014e+03  3.09655e+05 -5.07147e-01 -1.66280e+04 -1.64981e+04  0.00000e+00
4.904121284e+00 -5.0151982e-01  1.33970e+03  3.09655e+05 -5.01520e-01 -1.66280e+04 -1.64989e+04  0.00000e+00
4.905937626e+00 -5.5218801e-01  1.41264e+03  3.09655e+05 -5.52188e-01 -1.66280e+04 -1.64925e+04  0.00000e+00
4.907754639e+00 -5.2825181e-01  1.37553e+03  3.09655e+05 -5.28252e-01 -1.66280e+04 -1.64955e+04  0.00000e+00
4.909572326e+00 -5.4719730e-01  1.40123e+03  3.09655e+05 -5.47197e-01 -1.66280e+04 -1.64931e+04  0.00000e+00
4.911390686e+00 -5.2317739e-01  1.36403e+03  3.09655e+05 -5.23177e-01 -1.66280e+04 -1.64961e+04  0.00000e+00
4.913209720e+00 -5.4320488e-01  1.39131e+03  3.09655e+05 -5.43205e-01 -1.66280e+04 -1.64936e+04  0.00000e+00
4.915029427e+00 -5.3329668e-01  1.37485e+03  3.09655e+05 -5.33297e-01 -1.66280e+04 -1.64948e+04 -2.26405e-12
4.916849809e+00 -5.4419089e-01  1.38865e+03  3.09655e+05 -5.44191e-01 -1.66280e+04 -1.64935e+04  0.00000e+00
4.918670864e+00 -5.0219888e-01  1.32512e+03  3.09655e+05 -5.02199e-01 -1.66280e+04 -1.64988e+04  0.00000e+00
4.920492594e+00 -5.3135444e-01  1.36599e+03  3.09655e+05 -5.31354e-01 -1.66280e+04 -1.64951e+04  0.00000e+00
4.922314999e+00 -5.1546064e-01  1.34080e+03  3.09655e+05 -5.15461e-01 -1.66280e+04 -1.64971e+04  0.00000e+00
4.924138078e+00 -5.3357027e-01  1.36520e+03  3.09655e+05 -5.33570e-01 -1.66280e+04 -1.64948e+04  0.00000e+00
4.925961833e+00 -5.9344848e-01  1.44818e+03  3.09655e+05 -5.93448e-01 -1.66280e+04 -1.64875e+04  0.00000e+00
4.927786264e+00 -5.4364229e-01  1.37570e+03  3.09655e+05 -5.43642e-01 -1.66280e+04 -1.64935e+04  0.00000e+00
4.929611370e+00 -5.7689924e-01  1.42081e+03  3.09655e+05 -5.76899e-01 -1.66280e+04 -1.64895e+04  0.00000e+00
4.931437152e+00 -5.4227155e-01  1.36972e+03  3.09655e+05 -5.42272e-01 -1.66280e+04 -1.64937e+04  0.00000e+00
4.933263610e+00 -5.7995222e-01  1.42091e+03  3.09655e+05 -5.79952e-01 -1.66280e+04 -1.64891e+04  0.00000e+00
4.935090744e+00 -5.4521756e-01  1.36992e+03  3.09655e+05 -5.45218e-01 -1.66280e+04 -1.64933e+04  0.00000e+00
4.936918556e+00 -6.2308111e-01  1.47605e+03  3.09655e+05 -6.23081e-01 -1.66280e+04 -1.64841e+04  0.00000e+00
4.938747044e+00 -5.8983617e-01  1.42836e+03  3.09655e+05 -5.89836e-01 -1.66280e+04 -1.64879e+04  0.00000e+00
4.940576210e+00 -5.2122782e-01  1.32973e+03  3.09655e+05 -5.21228e-01 -1.66280e+04 -1.64963e+04  0.00000e+00
4.942406053e+00 -5.3919144e-01  1.35343e+03  3.09655e+05 -5.39191e-01 -1.66280e+04 -1.64941e+04 -2.26405e-12
4.944236574e+00 -5.9565904e-01  1.43009e+03  3.09655e+05 -5.95659e-01 -1.66280e+04 -1.64873e+04 -2.26405e-12
4.946067772e+00 -5.3337624e-01  1.34126e+03  3.09655e+05 -5.33376e-01 -1.66280e+04 -1.64948e+04  0.00000e+00
4.947899649e+00 -5.9280904e-01  1.42201e+03  3.09655e+05 -5.92809e-01 -1.66280e+04 -1.64876e+04 -2.26405e-12
4.949732205e+00 -5.8761878e-01  1.41284e+03  3.09655e+05 -5.87619e-01 -1.66280e+04 -1.64882e+04  0.00000e+00
4.951565439e+00 -5.6967393e-01  1.38612e+03  3.09655e+05 -5.69674e-01 -1.66280e+04 -1.64904e+04  0.00000e+00
4.953399352e+00 -6.0147684e-01  1.42756e+03  3.09655e+05 -6.01477e-01 -1.66280e+04 -1.64866e+04  0.00000e+00
4.955233944e+00 -6.5031800e-01  1.49067e+03  3.09655e+05 -6.50318e-01 -1.66280e+04 -1.64809e+04  0.00000e+00
4.957069216e+00 -5.6387287e-01  1.37210e+03  3.09655e+05 -5.63873e-01 -1.66280e+04 -1.64911e+04  0.00000e+00
4.958905168e+00 -5.8136866e-01  1.39408e+03  3.09655e+05 -5.81369e-01 -1.66280e+04 -1.64890e+04  0.00000e+00
4.960741799e+00 -5.8668488e-01  1.39927e+03  3.09655e+05 -5.86685e-01 -1.66280e+04 -1.64883e+04  0.00000e+00
4.962579111e+00 -5.7707863e-01  1.38420e+03  3.09655e+05 -5.77079e-01 -1.66280e+04 -1.64895e+04  0.00000e+00
4.964417103e+00 -5.8585094e-01  1.39409e+03  3.09655e+05 -5.85851e-01 -1.66280e+04 -1.64884e+04  0.00000e+00
4.966255776e+00 -5.9725116e-01  1.40741e+03  3.09655e+05 -5.97251e-01 -1.66280e+04 -1.64871e+04  0.00000e+00
4.968095130e+00 -6.5233280e-01  1.47808e+03  3.09655e+05 -6.52333e-01 -1.66280e+04 -1.64807e+04  0.00000e+00
4.969935165e+00 -6.7239630e-01  1.50186e+03  3.09655e+05 -6.72396e-01 -1.66280e+04 -1.64785e+04  0.00000e+00
4.971775882e+00 -5.9597890e-01  1.39959e+03  3.09655e+05 -5.95979e-01 -1.66280e+04 -1.64872e+04  0.00000e+00
4.973617281e+00 -5.8591593e-01  1.38411e+03  3.09655e+05 -5.85916e-01 -1.66280e+04 -1.64884e+04  0.00000e+00
4.975459361e+00 -5.8389268e-01  1.37940e+03  3.09655e+05 -5.83893e-01 -1.66280e+04 -1.64887e+04  0.00000e+00
4.977302124e+00 -5.8860811e-01  1.38371e+03  3.09655e+05 -5.88608e-01 -1.66280e+04 -1.64881e+04  0.00000e+00
4.979145569e+00 -6.2870244e-01  1.43456e+03  3.09655e+05 -6.28702e-01 -1.66280e+04 -1.64834e+04  0.00000e+00
4.980989697e+00 -6.1622054e-01  1.41618e+03  3.09655e+05 -6.16221e-01 -1.66280e+04 -1.64848e+04  0.00000e+00
4.982834508e+00 -6.2220073e-01  1.42194e+03  3.09655e+05 -6.22201e-01 -1.66280e+04 -1.64842e+04  0.00000e+00
4.984680002e+00 -5.9709699e-01  1.38698e+03  3.09655e+05 -5.97097e-01 -1.66280e+04 -1.64871e+04  0.00000e+00
4.986526180e+00 -6.0895620e-01  1.40055e+03  3.09655e+05 -6.08956e-01 -1.66280e+04 -1.64857e+04 -2.26405e-12
4.988373042e+00 -5.5793855e-01  1.33089e+03  3.09655e+05 -5.57939e-01 -1.66280e+04 -1.64918e+04  0.00000e+00
4.990220587e+00 -6.2897321e-01  1.42249e+03  3.09655e+05 -6.28973e-01 -1.66280e+04 -1.64834e+04 -2.26405e-12
4.992068817e+00 -6.4099882e-01  1.43589e+03  3.09655e+05 -6.40999e-01 -1.66280e+04 -1.64820e+04 -2.26405e-12
4.993917731e+00 -6.0627680e-01  1.38901e+03  3.09655e+05 -6.06277e-01 -1.66280e+04 -1.64860e+04  0.00000e+00
4.995767331e+00 -6.6465635e-01  1.46177e+03  3.09655e+05 -6.64656e-01 -1.66280e+04 -1.64793e+04  0.00000e+00
4.997617615e+00 -6.6790277e-01  1.46374e+03  3.09655e+05 -6.67903e-01 -1.66280e+04 -1.64790e+04  0.00000e+00
4.999468584e+00 -6.3163635e-01  1.41567e+03  3.09655e+05 -6.31636e-01 -1.66280e+04 -1.64831e+04  0.00000e+00
5.001320239e+00 -6.6667952e-01  1.45797e+03  3.09655e+05 -6.66680e-01 -1.66280e+04 -1.64791e+04  0.00000e+00
5.003172580e+00 -6.4918344e-01  1.43386e+03  3.09655e+05 -6.49183e-01 -1.66280e+04 -1.64811e+04  0.00000e+00
5.005025607e+00 -6.1760911e-01  1.39166e+03  3.09655e+05 -6.17609e-01 -1.66280e+04 -1.64847e+04  0.00000e+00
5.006879320e+00 -6.1079467e-01  1.38093e+03  3.09655e+05 -6.10795e-01 -1.66280e+04 -1.64855e+04  0.00000e+00
5.008733720e+00 -6.3165344e-01  1.40555e+03  3.09655e+05 -6.31653e-01 -1.66280e+04 -1.64831e+04  0.00000e+00
5.010588807e+00 -6.2214865e-01  1.39147e+03  3.09655e+05 -6.22149e-01 -1.66280e+04 -1.64842e+04  0.00000e+00
5.012444580e+00 -6.8046206e-01  1.46246e+03  3.09655e+05 -6.80462e-01 -1.66280e+04 -1.64776e+04  0.00000e+00
5.014301041e+00 -6.4773054e-01  1.41972e+03  3.09655e+05 -6.47731e-01 -1.66280e+04 -1.64812e+04 -2.26405e-12
5.016158190e+00 -6.9388925e-01  1.47471e+03  3.09655e+05 -6.93889e-01 -1.66280e+04 -1.64761e+04  0.00000e+00
5.018016026e+00 -6.5194508e-01  1.42090e+03  3.09655e+05 -6.51945e-01 -1.66280e+04 -1.64808e+04  0.00000e+00
5.019874550e+00 -7.2594169e-01  1.50923e+03  3.09655e+05 -7.25942e-01 -1.66280e+04 -1.64726e+04  0.00000e+00
5.021733763e+00 -6.7519742e-01  1.44552e+03  3.09655e+05 -6.75197e-01 -1.66280e+04 -1.64782e+04  0.00000e+00
5.023593665e+00 -6.5864661e-01  1.42310e+03  3.09655e+05 -6.58647e-01 -1.66280e+04 -1.64800e+04  0.00000e+00
5.025454255e+00 -7.0688275e-01  1.47983e+03  3.09655e+05 -7.06883e-01 -1.66280e+04 -1.64747e+04  0.00000e+00
5.027315534e+00 -7.0911441e-01  1.48039e+03  3.09655e+05 -7.09114e-01 -1.66280e+04 -1.64744e+04  0.00000e+00
5.029177503e+00 -7.0418080e-01  1.47233e+03  3.09655e+05 -7.04181e-01 -1.66280e+04 -1.64750e+04  0.00000e+00
5.031040161e+00 -6.6315206e-01  1.42050e+03  3.09655e+05 -6.63152e-01 -1.66280e+04 -1.64795e+04  0.00000e+00
5.032903510e+00 -6.5414198e-01  1.40743e+03  3.09655e+05 -6.54142e-01 -1.66280e+04 -1.64805e+04  0.00000e+00
5.034767548e+00 -6.7300843e-01  1.42844e+03  3.09655e+05 -6.73008e-01 -1.66280e+04 -1.64784e+04  0.00000e+00
5.036632277e+00 -6.4526593e-01  1.39255e+03  3.09655e+05 -6.45266e-01 -1.66280e+04 -1.64815e+04  0.00000e+00
5.038497696e+00 -6.7805909e-01  1.43047e+03  3.09655e+05 -6.78059e-01 -1.66280e+04 -1.64778e+04  0.00000e+00
5.040363806e+00 -7.2645366e-01  1.48610e+03  3.09655e+05 -7.26454e-01 -1.66280e+04 -1.64726e+04  0.00000e+00
5.042230608e+00 -6.7380874e-01  1.42127e+03  3.09655e+05 -6.73809e-01 -1.66280e+04 -1.64783e+04  0.00000e+00
5.044098100e+00 -6.8185606e-01  1.42892e+03  3.09655e+05 -6.81856e-01 -1.66280e+04 -1.64774e+04  0.00000e+00
5.045966285e+00 -6.9121035e-01  1.43805e+03  3.09655e+05 -6.91210e-01 -1.66280e+04 -1.64764e+04  0.00000e+00
5.047835161e+00 -7.6902929e-01  1.52702e+03  3.09655e+05 -7.69029e-01 -1.66280e+04 -1.64681e+04  0.00000e+00
5.049704730e+00 -6.4778260e-01  1.38183e+03  3.09655e+05 -6.47783e-01 -1.66280e+04 -1.64812e+04  0.00000e+00
5.051574991e+00 -6.6968150e-01  1.40626e+03  3.09655e+05 -6.69681e-01 -1.66280e+04 -1.64788e+04  0.00000e+00
5.053445945e+00 -6.7164896e-01  1.40662e+03  3.09655e+05 -6.71649e-01 -1.66280e+04 -1.64785e+04  0.00000e+00
5.055317591e+00 -7.3170284e-01  1.47528e+03  3.09655e+05 -7.31703e-01 -1.66280e+04 -1.64720e+04  0.00000e+00
5.057189931e+00 -6.8994914e-01  1.42434e+03  3.09655e+05 -6.89949e-01 -1.66280e+04 -1.64765e+04  0.00000e+00
5.059062964e+00 -7.1860027e-01  1.45587e+03  3.09655e+05 -7.18600e-01 -1.66280e+04 -1.64734e+04  0.00000e+00
5.060936691e+00 -7.2505671e-01  1.46129e+03  3.09655e+05 -7.25057e-01 -1.66280e+04 -1.64727e+04  0.00000e+00
5.062811112e+00 -7.4159352e-01  1.47827e+03  3.09655e+05 -7.41594e-01 -1.66280e+04 -1.64710e+04  0.00000e+00
5.064686228e+00 -7.1211891e-01  1.44216e+03  3.09655e+05 -7.12119e-01 -1.66280e+04 -1.64741e+04  0.00000e+00
5.066562037e+00 -7.5210904e-01  1.48608e+03  3.09655e+05 -7.52109e-01 -1.66280e+04 -1.64698e+04  0.00000e+00
5.068438542e+00 -6.9955836e-01  1.42349e+03  3.09655e+05 -6.99558e-01 -1.66280e+04 -1.64755e+04  0.00000e+00
5.070315741e+00 -7.0942860e-01  1.43293e+03  3.09655e+05 -7.09429e-01 -1.66280e+04 -1.64744e+04  0.00000e+00
5.072193636e+00 -7.0207568e-01  1.42239e+03  3.09655e+05 -7.02076e-01 -1.66280e+04 -1.64752e+04  0.00000e+00
5.074072226e+00 -7.0164190e-01  1.41988e+03  3.09655e+05 -7.01642e-01 -1.66280e+04 -1.64752e+04  0.00000e+00
5.075951512e+00 -7.4469015e-01  1.46715e+03  3.09655e+05 -7.44690e-01 -1.66280e+04 -1.64706e+04  0.00000e+00
5.077831494e+00 -7.2469876e-01  1.44234e+03  3.09655e+05 -7.24699e-01 -1.66280e+04 -1.64728e+04  0.00000e+00
5.079712173e+00 -7.6943918e-01  1.49082e+03  3.09655e+05 -7.69439e-01 -1.66280e+04 -1.64680e+04  0.00000e+00
5.081593548e+00 -7.2562169e-01  1.43932e+03  3.09655e+05 -7.25622e-01 -1.66280e+04 -1.64727e+04  0.00000e+00
5.083475619e+00 -7.8831337e-01  1.50755e+03  3.09655e+05 -7.88313e-01 -1.66280e+04 -1.64661e+04  0.00000e+00
5.085358388e+00 -7.3411101e-01  1.44487e+03  3.09655e+05 -7.34111e-01 -1.66280e+04 -1.64718e+04  0.00000e+00
5.087241854e+00 -7.5392389e-01  1.46508e+03  3.09655e+05 -7.53924e-01 -1.66280e+04 -1.64697e+04  0.00000e+00
5.089126018e+00 -7.2359698e-01  1.42893e+03  3.09655e+05 -7.23597e-01 -1.66280e+04 -1.64729e+04  0.00000e+00
5.091010879e+00 -7.4731585e-01  1.45357e+03  3.09655e+05 -7.47316e-01 -1.66280e+04 -1.64704e+04  0.00000e+00
5.092896439e+00 -8.2114928e-01  1.53270e+03  3.09655e+05 -8.21149e-01 -1.66280e+04 -1.64628e+04  0.00000e+00
5.094782697e+00 -7.9066315e-01  1.49735e+03  3.09655e+05 -7.90663e-01 -1.66280e+04 -1.64658e+04  0.00000e+00
5.096669653e+00 -7.4459119e-01  1.44440e+03  3.09655e+05 -7.44591e-01 -1.66280e+04 -1.64706e+04  0.00000e+00
5.098557309e+00 -7.2699469e-01  1.42273e+03  3.09655e+05 -7.26995e-01 -1.66280e+04 -1.64725e+04  0.00000e+00
5.100445663e+00 -7.4322267e-01  1.43883e+03  3.09655e+05 -7.43223e-01 -1.66280e+04 -1.64708e+04  0.00000e+00
5.102334717e+00 -6.9295940e-01  1.38044e+03  3.09655e+05 -6.92959e-01 -1.66280e+04 -1.64762e+04  0.00000e+00
5.104224471e+00 -7.7051354e-01  1.46483e+03  3.09655e+05 -7.70514e-01 -1.66280e+04 -1.64679e+04  0.00000e+00
5.106114924e+00 -7.9876568e-01  1.49348e+03  3.09655e+05 -7.98766e-01 -1.66280e+04 -1.64650e+04  0.00000e+00
5.108006078e+00 -7.7781569e-01  1.46867e+03  3.09655e+05 -7.77816e-01 -1.66280e+04 -1.64672e+04  0.00000e+00
5.109897932e+00 -8.0802435e-01  1.49922e+03  3.09655e+05 -8.08024e-01 -1.66280e+04 -1.64641e+04  0.00000e+00
5.111790487e+00 -8.2515118e-01  1.51540e+03  3.09655e+05 -8.25151e-01 -1.66280e+04 -1.64623e+04  0.00000e+00
5.113683743e+00 -7.6501264e-01  1.44860e+03  3.09655e+05 -7.65013e-01 -1.66280e+04 -1.64685e+04  0.00000e+00
5.115577700e+00 -8.1084423e-01  1.49591e+03  3.09655e+05 -8.10844e-01 -1.66280e+04 -1.64638e+04  0.00000e+00
5.117472358e+00 -7.3702498e-01  1.41401e+03  3.09655e+05 -7.37025e-01 -1.66280e+04 -1.64714e+04  0.00000e+00
5.119367718e+00 -7.8758623e-01  1.46686e+03  3.09655e+05 -7.87586e-01 -1.66280e+04 -1.64662e+04  0.00000e+00
5.121263780e+00 -7.8715711e-01  1.46435e+03  3.09655e+05 -7.87157e-01 -1.66280e+04 -1.64662e+04  0.00000e+00
5.123160545e+00 -7.6168511e-01  1.43491e+03  3.09655e+05 -7.61685e-01 -1.66280e+04 -1.64688e+04  0.00000e+00
5.125058011e+00 -8.3626889e-01  1.51221e+03  3.09655e+05 -8.36269e-01 -1.66280e+04 -1.64612e+04  0.00000e+00
5.126956181e+00 -7.5676892e-01  1.42560e+03  3.09655e+05 -7.56769e-01 -1.66280e+04 -1.64694e+04  0.00000e+00
5.128855054e+00 -8.7852502e-01  1.55179e+03  3.09655e+05 -8.78525e-01 -1.66280e+04 -1.64571e+04  0.00000e+00
5.130754630e+00 -8.2375611e-01  1.49277e+03  3.09655e+05 -8.23756e-01 -1.66280e+04 -1.64625e+04  0.00000e+00
5.132654909e+00 -8.7760850e-01  1.54648e+03  3.09655e+05 -8.77608e-01 -1.66280e+04 -1.64572e+04  0.00000e+00
5.134555892e+00 -7.6699483e-01  1.42864e+03  3.09655e+05 -7.66995e-01 -1.66280e+04 -1.64683e+04  0.00000e+00
5.136457580e+00 -7.7867851e-01  1.43909e+03  3.09655e+05 -7.78679e-01 -1.66280e+04 -1.64671e+04  0.00000e+00
5.138359972e+00 -8.1630261e-01  1.47666e+03  3.09655e+05 -8.16303e-01 -1.66280e+04 -1.64632e+04  0.00000e+00
5.140263068e+00 -8.5674079e-01  1.51644e+03  3.09655e+05 -8.56741e-01 -1.66280e+04 -1.64592e+04  0.00000e+00
5.142166869e+00 -8.0700376e-01  1.46285e+03  3.09655e+05 -8.07004e-01 -1.66280e+04 -1.64642e+04  0.00000e+00
5.144071375e+00 -8.1918498e-01  1.47349e+03  3.09655e+05 -8.19185e-01 -1.66280e+04 -1.64629e+04  0.00000e+00
5.145976587e+00 -9.2717114e-01  1.58122e+03  3.09655e+05 -9.27171e-01 -1.66280e+04 -1.64524e+04  0.00000e+00
5.147882504e+00 -8.9363760e-01  1.54539e+03  3.09655e+05 -8.93638e-01 -1.66280e+04 -1.64556e+04  0.00000e+00
5.149789127e+00 -8.3903117e-01  1.48777e+03  3.09655e+05 -8.39031e-01 -1.66280e+04 -1.64610e+04  0.00000e+00
5.151696457e+00 -8.0676127e-01  1.45246e+03  3.09655e+05 -8.06761e-01 -1.66280e+04 -1.64642e+04  0.00000e+00
5.153604492e+00 -7.8036595e-01  1.42300e+03  3.09655e+05 -7.80366e-01 -1.66280e+04 -1.64669e+04  0.00000e+00
5.155513235e+00 -7.7763950e-01  1.41818e+03  3.09655e+05 -7.77640e-01 -1.66280e+04 -1.64672e+04  0.00000e+00
5.157422684e+00 -8.0073536e-01  1.44021e+03  3.09655e+05 -8.00735e-01 -1.66280e+04 -1.64648e+04  0.00000e+00
5.159332841e+00 -8.5667774e-01  1.49535e+03  3.09655e+05 -8.56678e-01 -1.66280e+04 -1.64592e+04  0.00000e+00
5.161243705e+00 -9.2352236e-01  1.55995e+03  3.09655e+05 -9.23522e-01 -1.66280e+04 -1.64528e+04  0.00000e+00
5.163155276e+00 -8.5872176e-01  1.49326e+03  3.09655e+05 -8.58722e-01 -1.66280e+04 -1.64590e+04  0.00000e+00
5.165067556e+00 -8.7836341e-01  1.51086e+03  3.09655e+05 -8.78363e-01 -1.66280e+04 -1.64571e+04  0.00000e+00
5.166980544e+00 -8.6598586e-01  1.49639e+03  3.09655e+05 -8.65986e-01 -1.66280e+04 -1.64583e+04  0.00000e+00
5.168894241e+00 -9.0099237e-01  1.52909e+03  3.09655e+05 -9.00992e-01 -1.66280e+04 -1.64549e+04  0.00000e+00
5.170808646e+00 -8.6529224e-01  1.49155e+03  3.09655e+05 -8.65292e-01 -1.66280e+04 -1.64584e+04  0.00000e+00
5.172723760e+00 -8.6360855e-01  1.48781e+03  3.09655e+05 -8.63609e-01 -1.66280e+04 -1.64585e+04  0.00000e+00
5.174639584e+00 -9.0513760e-01  1.52679e+03  3.09655e+05 -9.05138e-01 -1.66280e+04 -1.64545e+04  0.00000e+00
5.176556117e+00 -8.6878089e-01  1.48883e+03  3.09655e+05 -8.68781e-01 -1.66280e+04 -1.64580e+04  0.00000e+00
5.178473360e+00 -8.1584181e-01  1.43384e+03  3.09655e+05 -8.15842e-01 -1.66280e+04 -1.64633e+04  0.00000e+00
5.180391313e+00 -9.1351586e-01  1.52861e+03  3.09655e+05 -9.13516e-01 -1.66280e+04 -1.64537e+04  0.00000e+00
5.182309976e+00 -8.8543418e-01  1.49906e+03  3.09655e+05 -8.85434e-01 -1.66280e+04 -1.64564e+04  0.00000e+00
5.184229351e+00 -8.2654288e-01  1.43867e+03  3.09655e+05 -8.26543e-01 -1.66280e+04 -1.64622e+04  0.00000e+00
5.186149435e+00 -9.1778118e-01  1.52639e+03  3.09655e+05 -9.17781e-01 -1.66280e+04 -1.64533e+04  0.00000e+00
5.188070232e+00 -8.8924169e-01  1.49658e+03  3.09655e+05 -8.89242e-01 -1.66280e+04 -1.64560e+04  0.00000e+00
5.189991739e+00 -8.2377253e-01  1.43000e+03  3.09655e+05 -8.23773e-01 -1.66280e+04 -1.64625e+04  0.00000e+00
5.191913958e+00 -8.5632574e-01  1.46026e+03  3.09655e+05 -8.56326e-01 -1.66280e+04 -1.64592e+04  0.00000e+00
5.193836889e+00 -8.8076578e-01  1.48215e+03  3.09655e+05 -8.80766e-01 -1.66280e+04 -1.64569e+04  0.00000e+00
5.195760533e+00 -9.3942636e-01  1.53658e+03  3.09655e+05 -9.39426e-01 -1.66280e+04 -1.64512e+04  0.00000e+00
5.197684888e+00 -9.2848166e-01  1.52402e+03  3.09655e+05 -9.28482e-01 -1.66280e+04 -1.64523e+04  0.00000e+00
5.199609957e+00 -9.7644182e-01  1.56731e+03  3.09655e+05 -9.76442e-01 -1.66280e+04 -1.64478e+04  0.00000e+00
5.201535738e+00 -9.3291955e-01  1.52404e+03  3.09655e+05 -9.32920e-01 -1.66280e+04 -1.64519e+04  0.00000e+00
5.203462233e+00 -9.3175102e-01  1.52083e+03  3.09655e+05 -9.31751e-01 -1.66280e+04 -1.64520e+04  0.00000e+00
5.205389441e+00 -8.6810643e-01  1.45775e+03  3.09655e+05 -8.68106e-01 -1.66280e+04 -1.64581e+04  0.00000e+00
5.207317363e+00 -9.0461971e-01  1.49085e+03  3.09655e+05 -9.04620e-01 -1.66280e+04 -1.64546e+04  0.00000e+00
5.209245999e+00 -8.6106340e-01  1.44696e+03  3.09655e+05 -8.61063e-01 -1.66280e+04 -1.64588e+04  0.00000e+00
5.211175350e+00 -9.7846274e-01  1.55622e+03  3.09655e+05 -9.78463e-01 -1.66280e+04 -1.64476e+04  0.00000e+00
5.213105415e+00 -9.3905558e-01  1.51727e+03  3.09655e+05 -9.39056e-01 -1.66280e+04 -1.64513e+04  0.00000e+00
5.215036194e+00 -9.2866705e-01  1.50542e+03  3.09655e+05 -9.28667e-01 -1.66280e+04 -1.64523e+04  0.00000e+00
5.216967689e+00 -8.7585668e-01  1.45328e+03  3.09655e+05 -8.75857e-01 -1.66280e+04 -1.64573e+04  0.00000e+00
5.218899900e+00 -9.2014062e-01  1.49329e+03  3.09655e+05 -9.20141e-01 -1.66280e+04 -1.64531e+04  0.00000e+00
5.220832825e+00 -9.4408704e-01  1.51366e+03  3.09655e+05 -9.44087e-01 -1.66280e+04 -1.64508e+04  0.00000e+00
5.222766467e+00 -9.7976755e-01  1.54461e+03  3.09655e+05 -9.79768e-01 -1.66280e+04 -1.64475e+04  0.00000e+00
5.224700825e+00 -9.3087426e-01  1.49721e+03  3.09655e+05 -9.30874e-01 -1.66280e+04 -1.64521e+04  0.00000e+00
5.226635900e+00 -9.6524105e-01  1.52701e+03  3.09655e+05 -9.65241e-01 -1.66280e+04 -1.64488e+04  0.00000e+00
5.228571691e+00 -9.3707175e-01  1.49888e+03  3.09655e+05 -9.37072e-01 -1.66280e+04 -1.64515e+04  0.00000e+00
5.230508199e+00 -9.2836129e-01  1.48875e+03  3.09655e+05 -9.28361e-01 -1.66280e+04 -1.64523e+04  0.00000e+00
5.232445424e+00 -9.8348305e-01  1.53744e+03  3.09655e+05 -9.83483e-01 -1.66280e+04 -1.64472e+04  0.00000e+00
5.234383367e+00 -9.3285954e-01  1.48886e+03  3.09655e+05 -9.32860e-01 -1.66280e+04 -1.64519e+04  0.00000e+00
5.236322027e+00 -9.5026068e-01  1.50287e+03  3.09655e+05 -9.50261e-01 -1.66280e+04 -1.64502e+04  0.00000e+00
5.238261406e+00 -9.1731818e-01  1.47044e+03  3.09655e+05 -9.17318e-01 -1.66280e+04 -1.64533e+04  0.00000e+00
5.240201503e+00 -1.0380872e+00  1.57814e+03  3.09655e+05 -1.03809e+00 -1.66280e+04 -1.64422e+04  0.00000e+00
5.242142318e+00 -1.0743502e+00  1.60812e+03  3.09655e+05 -1.07435e+00 -1.66280e+04 -1.64390e+04  0.00000e+00
5.244083852e+00 -9.5552087e-01  1.49950e+03  3.09655e+05 -9.55521e-01 -1.66280e+04 -1.64497e+04  0.00000e+00
5.246026105e+00 -1.0574011e+00  1.58876e+03  3.09655e+05 -1.05740e+00 -1.66280e+04 -1.64405e+04  0.00000e+00
5.247969078e+00 -9.2448376e-01  1.46708e+03  3.09655e+05 -9.24484e-01 -1.66280e+04 -1.64527e+04  0.00000e+00
5.249912770e+00 -9.1673349e-01  1.45799e+03  3.09655e+05 -9.16733e-01 -1.66280e+04 -1.64534e+04  0.00000e+00
5.251857182e+00 -1.0277218e+00  1.55605e+03  3.09655e+05 -1.02772e+00 -1.66280e+04 -1.64431e+04  0.00000e+00
5.253802315e+00 -9.9763683e-01  1.52719e+03  3.09655e+05 -9.97637e-01 -1.66280e+04 -1.64459e+04  0.00000e+00
5.255748167e+00 -9.7128399e-01  1.50153e+03  3.09655e+05 -9.71284e-01 -1.66280e+04 -1.64483e+04  0.00000e+00
5.257694741e+00 -1.0263848e+00  1.54851e+03  3.09655e+05 -1.02638e+00 -1.66280e+04 -1.64433e+04  0.00000e+00
5.259642035e+00 -9.6341481e-01  1.49040e+03  3.09655e+05 -9.63415e-01 -1.66280e+04 -1.64490e+04  0.00000e+00
5.261590051e+00 -9.4445408e-01  1.47134e+03  3.09655e+05 -9.44454e-01 -1.66280e+04 -1.64508e+04  0.00000e+00
5.263538788e+00 -9.5148739e-01  1.47568e+03  3.09655e+05 -9.51487e-01 -1.66280e+04 -1.64501e+04  0.00000e+00
5.265488247e+00 -9.5729030e-01  1.47889e+03  3.09655e+05 -9.57290e-01 -1.66280e+04 -1.64496e+04  0.00000e+00
5.267438427e+00 -1.0484029e+00  1.55722e+03  3.09655e+05 -1.04840e+00 -1.66280e+04 -1.64413e+04  0.00000e+00
5.269389331e+00 -1.0155191e+00  1.52641e+03  3.09655e+05 -1.01552e+00 -1.66280e+04 -1.64442e+04  0.00000e+00
5.271340956e+00 -1.0757423e+00  1.57662e+03  3.09655e+05 -1.07574e+00 -1.66280e+04 -1.64389e+04  0.00000e+00
5.273293305e+00 -9.8959513e-01  1.49954e+03  3.09655e+05 -9.89595e-01 -1.66280e+04 -1.64466e+04  0.00000e+00
5.275246376e+00 -1.0229720e+00  1.52672e+03  3.09655e+05 -1.02297e+00 -1.66280e+04 -1.64436e+04  0.00000e+00
5.277200171e+00 -1.0845956e+00  1.57777e+03  3.09655e+05 -1.08460e+00 -1.66280e+04 -1.64381e+04  0.00000e+00
5.279154690e+00 -1.0918406e+00  1.58180e+03  3.09655e+05 -1.09184e+00 -1.66280e+04 -1.64375e+04  0.00000e+00
5.281109932e+00 -1.0825516e+00  1.57174e+03  3.09655e+05 -1.08255e+00 -1.66280e+04 -1.64383e+04  0.00000e+00
5.283065899e+00 -1.0660953e+00  1.55557e+03  3.09655e+05 -1.06610e+00 -1.66280e+04 -1.64397e+04  0.00000e+00
5.285022590e+00 -1.0498403e+00  1.53956e+03  3.09655e+05 -1.04984e+00 -1.66280e+04 -1.64412e+04  0.00000e+00
5.286980006e+00 -1.0528937e+00  1.54010e+03  3.09655e+05 -1.05289e+00 -1.66280e+04 -1.64409e+04  0.00000e+00
5.288938147e+00 -9.8479673e-01  1.47929e+03  3.09655e+05 -9.84797e-01 -1.66280e+04 -1.64470e+04  0.00000e+00
5.290897013e+00 -1.0081798e+00  1.49758e+03  3.09655e+05 -1.00818e+00 -1.66280e+04 -1.64449e+04  0.00000e+00
5.292856604e+00 -1.1185261e+00  1.58925e+03  3.09655e+05 -1.11853e+00 -1.66280e+04 -1.64351e+04  0.00000e+00
5.294816921e+00 -1.0823260e+00  1.55672e+03  3.09655e+05 -1.08233e+00 -1.66280e+04 -1.64383e+04  0.00000e+00
5.296777965e+00 -1.0602805e+00  1.53601e+03  3.09655e+05 -1.06028e+00 -1.66280e+04 -1.64402e+04  0.00000e+00
5.298739734e+00 -1.0996567e+00  1.56706e+03  3.09655e+05 -1.09966e+00 -1.66280e+04 -1.64368e+04  0.00000e+00
